2026-03-31 00:38:15.075  WARN 9352 --- [restartedMain] JpaBaseConfiguration$JpaWebConfiguration : spring.jpa.open-in-view is enabled by default. Therefore, database queries may be performed during view rendering. Explicitly configure spring.jpa.open-in-view to disable this warning
2026-03-31 00:38:17.323 ERROR 9352 --- [restartedMain] o.s.b.w.e.t.TomcatStarter                : Error starting Tomcat context. Exception: org.springframework.beans.factory.UnsatisfiedDependencyException. Message: Error creating bean with name 'securityConfig': Unsatisfied dependency expressed through method 'setContentNegotationStrategy' parameter 0; nested exception is org.springframework.beans.factory.UnsatisfiedDependencyException: Error creating bean with name 'org.springframework.web.servlet.config.annotation.DelegatingWebMvcConfiguration': Unsatisfied dependency expressed through method 'setConfigurers' parameter 0; nested exception is org.springframework.beans.factory.UnsatisfiedDependencyException: Error creating bean with name 'openEntityManagerInViewInterceptorConfigurer' defined in class path resource [org/springframework/boot/autoconfigure/orm/jpa/JpaBaseConfiguration$JpaWebConfiguration.class]: Unsatisfied dependency expressed through method 'openEntityManagerInViewInterceptorConfigurer' parameter 0; nested exception is org.springframework.beans.factory.BeanCreationException: Error creating bean with name 'openEntityManagerInViewInterceptor' defined in class path resource [org/springframework/boot/autoconfigure/orm/jpa/JpaBaseConfiguration$JpaWebConfiguration.class]: Initialization of bean failed; nested exception is org.springframework.beans.factory.BeanCreationException: Error creating bean with name 'liquibase' defined in class path resource [org/springframework/boot/autoconfigure/liquibase/LiquibaseAutoConfiguration$LiquibaseConfiguration.class]: Invocation of init method failed; nested exception is liquibase.exception.LiquibaseException: liquibase.exception.MigrationFailedException: Migration failed for changeset liquibase/dev/20260327071101_changelog.xml::1774595473501-1::Authentication:
     Reason: liquibase.exception.DatabaseException: Table 'db_mgr_category' already exists [Failed SQL: (1050) CREATE TABLE account_managerment.db_mgr_category (id BIGINT NOT NULL, name VARCHAR(255) NULL, `description` TEXT NULL, created_by VARCHAR(255) NOT NULL, created_date datetime NOT NULL, modified_by VARCHAR(255) NOT NULL, modified_date datetime NOT NULL, status INT NOT NULL, CONSTRAINT db_mgr_categoryPK PRIMARY KEY (id))]
2026-03-31 00:38:17.388  WARN 9352 --- [restartedMain] o.a.c.l.WebappClassLoaderBase            : The web application [ROOT] appears to have started a thread named [HikariPool-1 housekeeper] but has failed to stop it. This is very likely to create a memory leak. Stack trace of thread:
 java.base@11.0.30/jdk.internal.misc.Unsafe.park(Native Method)
 java.base@11.0.30/java.util.concurrent.locks.LockSupport.parkNanos(LockSupport.java:234)
 java.base@11.0.30/java.util.concurrent.locks.AbstractQueuedSynchronizer$ConditionObject.awaitNanos(AbstractQueuedSynchronizer.java:2123)
 java.base@11.0.30/java.util.concurrent.ScheduledThreadPoolExecutor$DelayedWorkQueue.take(ScheduledThreadPoolExecutor.java:1182)
 java.base@11.0.30/java.util.concurrent.ScheduledThreadPoolExecutor$DelayedWorkQueue.take(ScheduledThreadPoolExecutor.java:899)
 java.base@11.0.30/java.util.concurrent.ThreadPoolExecutor.getTask(ThreadPoolExecutor.java:1054)
 java.base@11.0.30/java.util.concurrent.ThreadPoolExecutor.runWorker(ThreadPoolExecutor.java:1114)
 java.base@11.0.30/java.util.concurrent.ThreadPoolExecutor$Worker.run(ThreadPoolExecutor.java:628)
 java.base@11.0.30/java.lang.Thread.run(Thread.java:829)
2026-03-31 00:38:17.390  WARN 9352 --- [restartedMain] o.a.c.l.WebappClassLoaderBase            : The web application [ROOT] appears to have started a thread named [HikariPool-1 connection adder] but has failed to stop it. This is very likely to create a memory leak. Stack trace of thread:
 java.base@11.0.30/jdk.internal.misc.Unsafe.park(Native Method)
 java.base@11.0.30/java.util.concurrent.locks.LockSupport.parkNanos(LockSupport.java:234)
 java.base@11.0.30/java.util.concurrent.locks.AbstractQueuedSynchronizer$ConditionObject.awaitNanos(AbstractQueuedSynchronizer.java:2123)
 java.base@11.0.30/java.util.concurrent.LinkedBlockingQueue.poll(LinkedBlockingQueue.java:458)
 java.base@11.0.30/java.util.concurrent.ThreadPoolExecutor.getTask(ThreadPoolExecutor.java:1053)
 java.base@11.0.30/java.util.concurrent.ThreadPoolExecutor.runWorker(ThreadPoolExecutor.java:1114)
 java.base@11.0.30/java.util.concurrent.ThreadPoolExecutor$Worker.run(ThreadPoolExecutor.java:628)
 java.base@11.0.30/java.lang.Thread.run(Thread.java:829)
2026-03-31 00:38:17.393  WARN 9352 --- [restartedMain] ConfigServletWebServerApplicationContext : Exception encountered during context initialization - cancelling refresh attempt: org.springframework.context.ApplicationContextException: Unable to start web server; nested exception is org.springframework.boot.web.server.WebServerException: Unable to start embedded Tomcat
2026-03-31 00:38:17.447 ERROR 9352 --- [restartedMain] o.s.b.SpringApplication                  : Application run failed

org.springframework.context.ApplicationContextException: Unable to start web server; nested exception is org.springframework.boot.web.server.WebServerException: Unable to start embedded Tomcat
	at org.springframework.boot.web.servlet.context.ServletWebServerApplicationContext.onRefresh(ServletWebServerApplicationContext.java:161) ~[spring-boot-2.3.0.RELEASE.jar:2.3.0.RELEASE]
	at org.springframework.context.support.AbstractApplicationContext.refresh(AbstractApplicationContext.java:544) ~[spring-context-5.2.6.RELEASE.jar:5.2.6.RELEASE]
	at org.springframework.boot.web.servlet.context.ServletWebServerApplicationContext.refresh(ServletWebServerApplicationContext.java:143) ~[spring-boot-2.3.0.RELEASE.jar:2.3.0.RELEASE]
	at org.springframework.boot.SpringApplication.refresh(SpringApplication.java:758) ~[spring-boot-2.3.0.RELEASE.jar:2.3.0.RELEASE]
	at org.springframework.boot.SpringApplication.refresh(SpringApplication.java:750) [spring-boot-2.3.0.RELEASE.jar:2.3.0.RELEASE]
	at org.springframework.boot.SpringApplication.refreshContext(SpringApplication.java:397) [spring-boot-2.3.0.RELEASE.jar:2.3.0.RELEASE]
	at org.springframework.boot.SpringApplication.run(SpringApplication.java:315) [spring-boot-2.3.0.RELEASE.jar:2.3.0.RELEASE]
	at org.springframework.boot.SpringApplication.run(SpringApplication.java:1237) [spring-boot-2.3.0.RELEASE.jar:2.3.0.RELEASE]
	at org.springframework.boot.SpringApplication.run(SpringApplication.java:1226) [spring-boot-2.3.0.RELEASE.jar:2.3.0.RELEASE]
	at com.mgr.api.ManagementApplication.main(ManagementApplication.java:33) [classes/:?]
	at jdk.internal.reflect.NativeMethodAccessorImpl.invoke0(Native Method) ~[?:?]
	at jdk.internal.reflect.NativeMethodAccessorImpl.invoke(NativeMethodAccessorImpl.java:62) ~[?:?]
	at jdk.internal.reflect.DelegatingMethodAccessorImpl.invoke(DelegatingMethodAccessorImpl.java:43) ~[?:?]
	at java.lang.reflect.Method.invoke(Method.java:566) ~[?:?]
	at org.springframework.boot.devtools.restart.RestartLauncher.run(RestartLauncher.java:49) [spring-boot-devtools-2.3.0.RELEASE.jar:2.3.0.RELEASE]
Caused by: org.springframework.boot.web.server.WebServerException: Unable to start embedded Tomcat
	at org.springframework.boot.web.embedded.tomcat.TomcatWebServer.initialize(TomcatWebServer.java:142) ~[spring-boot-2.3.0.RELEASE.jar:2.3.0.RELEASE]
	at org.springframework.boot.web.embedded.tomcat.TomcatWebServer.<init>(TomcatWebServer.java:104) ~[spring-boot-2.3.0.RELEASE.jar:2.3.0.RELEASE]
	at org.springframework.boot.web.embedded.tomcat.TomcatServletWebServerFactory.getTomcatWebServer(TomcatServletWebServerFactory.java:437) ~[spring-boot-2.3.0.RELEASE.jar:2.3.0.RELEASE]
	at org.springframework.boot.web.embedded.tomcat.TomcatServletWebServerFactory.getWebServer(TomcatServletWebServerFactory.java:191) ~[spring-boot-2.3.0.RELEASE.jar:2.3.0.RELEASE]
	at org.springframework.boot.web.servlet.context.ServletWebServerApplicationContext.createWebServer(ServletWebServerApplicationContext.java:176) ~[spring-boot-2.3.0.RELEASE.jar:2.3.0.RELEASE]
	at org.springframework.boot.web.servlet.context.ServletWebServerApplicationContext.onRefresh(ServletWebServerApplicationContext.java:158) ~[spring-boot-2.3.0.RELEASE.jar:2.3.0.RELEASE]
	... 14 more
Caused by: org.springframework.beans.factory.UnsatisfiedDependencyException: Error creating bean with name 'securityConfig': Unsatisfied dependency expressed through method 'setContentNegotationStrategy' parameter 0; nested exception is org.springframework.beans.factory.UnsatisfiedDependencyException: Error creating bean with name 'org.springframework.web.servlet.config.annotation.DelegatingWebMvcConfiguration': Unsatisfied dependency expressed through method 'setConfigurers' parameter 0; nested exception is org.springframework.beans.factory.UnsatisfiedDependencyException: Error creating bean with name 'openEntityManagerInViewInterceptorConfigurer' defined in class path resource [org/springframework/boot/autoconfigure/orm/jpa/JpaBaseConfiguration$JpaWebConfiguration.class]: Unsatisfied dependency expressed through method 'openEntityManagerInViewInterceptorConfigurer' parameter 0; nested exception is org.springframework.beans.factory.BeanCreationException: Error creating bean with name 'openEntityManagerInViewInterceptor' defined in class path resource [org/springframework/boot/autoconfigure/orm/jpa/JpaBaseConfiguration$JpaWebConfiguration.class]: Initialization of bean failed; nested exception is org.springframework.beans.factory.BeanCreationException: Error creating bean with name 'liquibase' defined in class path resource [org/springframework/boot/autoconfigure/liquibase/LiquibaseAutoConfiguration$LiquibaseConfiguration.class]: Invocation of init method failed; nested exception is liquibase.exception.LiquibaseException: liquibase.exception.MigrationFailedException: Migration failed for changeset liquibase/dev/20260327071101_changelog.xml::1774595473501-1::Authentication:
     Reason: liquibase.exception.DatabaseException: Table 'db_mgr_category' already exists [Failed SQL: (1050) CREATE TABLE account_managerment.db_mgr_category (id BIGINT NOT NULL, name VARCHAR(255) NULL, `description` TEXT NULL, created_by VARCHAR(255) NOT NULL, created_date datetime NOT NULL, modified_by VARCHAR(255) NOT NULL, modified_date datetime NOT NULL, status INT NOT NULL, CONSTRAINT db_mgr_categoryPK PRIMARY KEY (id))]
	at org.springframework.beans.factory.annotation.AutowiredAnnotationBeanPostProcessor$AutowiredMethodElement.inject(AutowiredAnnotationBeanPostProcessor.java:723) ~[spring-beans-5.2.6.RELEASE.jar:5.2.6.RELEASE]
	at org.springframework.beans.factory.annotation.InjectionMetadata.inject(InjectionMetadata.java:130) ~[spring-beans-5.2.6.RELEASE.jar:5.2.6.RELEASE]
	at org.springframework.beans.factory.annotation.AutowiredAnnotationBeanPostProcessor.postProcessProperties(AutowiredAnnotationBeanPostProcessor.java:399) ~[spring-beans-5.2.6.RELEASE.jar:5.2.6.RELEASE]
	at org.springframework.beans.factory.support.AbstractAutowireCapableBeanFactory.populateBean(AbstractAutowireCapableBeanFactory.java:1422) ~[spring-beans-5.2.6.RELEASE.jar:5.2.6.RELEASE]
	at org.springframework.beans.factory.support.AbstractAutowireCapableBeanFactory.doCreateBean(AbstractAutowireCapableBeanFactory.java:594) ~[spring-beans-5.2.6.RELEASE.jar:5.2.6.RELEASE]
	at org.springframework.beans.factory.support.AbstractAutowireCapableBeanFactory.createBean(AbstractAutowireCapableBeanFactory.java:517) ~[spring-beans-5.2.6.RELEASE.jar:5.2.6.RELEASE]
	at org.springframework.beans.factory.support.AbstractBeanFactory.lambda$doGetBean$0(AbstractBeanFactory.java:323) ~[spring-beans-5.2.6.RELEASE.jar:5.2.6.RELEASE]
	at org.springframework.beans.factory.support.DefaultSingletonBeanRegistry.getSingleton(DefaultSingletonBeanRegistry.java:226) ~[spring-beans-5.2.6.RELEASE.jar:5.2.6.RELEASE]
	at org.springframework.beans.factory.support.AbstractBeanFactory.doGetBean(AbstractBeanFactory.java:321) ~[spring-beans-5.2.6.RELEASE.jar:5.2.6.RELEASE]
	at org.springframework.beans.factory.support.AbstractBeanFactory.getBean(AbstractBeanFactory.java:202) ~[spring-beans-5.2.6.RELEASE.jar:5.2.6.RELEASE]
	at org.springframework.beans.factory.support.ConstructorResolver.instantiateUsingFactoryMethod(ConstructorResolver.java:409) ~[spring-beans-5.2.6.RELEASE.jar:5.2.6.RELEASE]
	at org.springframework.beans.factory.support.AbstractAutowireCapableBeanFactory.instantiateUsingFactoryMethod(AbstractAutowireCapableBeanFactory.java:1338) ~[spring-beans-5.2.6.RELEASE.jar:5.2.6.RELEASE]
	at org.springframework.beans.factory.support.AbstractAutowireCapableBeanFactory.createBeanInstance(AbstractAutowireCapableBeanFactory.java:1177) ~[spring-beans-5.2.6.RELEASE.jar:5.2.6.RELEASE]
	at org.springframework.beans.factory.support.AbstractAutowireCapableBeanFactory.doCreateBean(AbstractAutowireCapableBeanFactory.java:557) ~[spring-beans-5.2.6.RELEASE.jar:5.2.6.RELEASE]
	at org.springframework.beans.factory.support.AbstractAutowireCapableBeanFactory.createBean(AbstractAutowireCapableBeanFactory.java:517) ~[spring-beans-5.2.6.RELEASE.jar:5.2.6.RELEASE]
	at org.springframework.beans.factory.support.AbstractBeanFactory.lambda$doGetBean$0(AbstractBeanFactory.java:323) ~[spring-beans-5.2.6.RELEASE.jar:5.2.6.RELEASE]
	at org.springframework.beans.factory.support.DefaultSingletonBeanRegistry.getSingleton(DefaultSingletonBeanRegistry.java:226) ~[spring-beans-5.2.6.RELEASE.jar:5.2.6.RELEASE]
	at org.springframework.beans.factory.support.AbstractBeanFactory.doGetBean(AbstractBeanFactory.java:321) ~[spring-beans-5.2.6.RELEASE.jar:5.2.6.RELEASE]
	at org.springframework.beans.factory.support.AbstractBeanFactory.getBean(AbstractBeanFactory.java:207) ~[spring-beans-5.2.6.RELEASE.jar:5.2.6.RELEASE]
	at org.springframework.boot.web.servlet.ServletContextInitializerBeans.getOrderedBeansOfType(ServletContextInitializerBeans.java:211) ~[spring-boot-2.3.0.RELEASE.jar:2.3.0.RELEASE]
	at org.springframework.boot.web.servlet.ServletContextInitializerBeans.getOrderedBeansOfType(ServletContextInitializerBeans.java:202) ~[spring-boot-2.3.0.RELEASE.jar:2.3.0.RELEASE]
	at org.springframework.boot.web.servlet.ServletContextInitializerBeans.addServletContextInitializerBeans(ServletContextInitializerBeans.java:96) ~[spring-boot-2.3.0.RELEASE.jar:2.3.0.RELEASE]
	at org.springframework.boot.web.servlet.ServletContextInitializerBeans.<init>(ServletContextInitializerBeans.java:85) ~[spring-boot-2.3.0.RELEASE.jar:2.3.0.RELEASE]
	at org.springframework.boot.web.servlet.context.ServletWebServerApplicationContext.getServletContextInitializerBeans(ServletWebServerApplicationContext.java:253) ~[spring-boot-2.3.0.RELEASE.jar:2.3.0.RELEASE]
	at org.springframework.boot.web.servlet.context.ServletWebServerApplicationContext.selfInitialize(ServletWebServerApplicationContext.java:227) ~[spring-boot-2.3.0.RELEASE.jar:2.3.0.RELEASE]
	at org.springframework.boot.web.embedded.tomcat.TomcatStarter.onStartup(TomcatStarter.java:53) ~[spring-boot-2.3.0.RELEASE.jar:2.3.0.RELEASE]
	at org.apache.catalina.core.StandardContext.startInternal(StandardContext.java:5136) ~[tomcat-embed-core-9.0.35.jar:9.0.35]
	at org.apache.catalina.util.LifecycleBase.start(LifecycleBase.java:183) ~[tomcat-embed-core-9.0.35.jar:9.0.35]
	at org.apache.catalina.core.ContainerBase$StartChild.call(ContainerBase.java:1384) ~[tomcat-embed-core-9.0.35.jar:9.0.35]
	at org.apache.catalina.core.ContainerBase$StartChild.call(ContainerBase.java:1374) ~[tomcat-embed-core-9.0.35.jar:9.0.35]
	at java.util.concurrent.FutureTask.run(FutureTask.java:264) ~[?:?]
	at org.apache.tomcat.util.threads.InlineExecutorService.execute(InlineExecutorService.java:75) ~[tomcat-embed-core-9.0.35.jar:9.0.35]
	at java.util.concurrent.AbstractExecutorService.submit(AbstractExecutorService.java:140) ~[?:?]
	at org.apache.catalina.core.ContainerBase.startInternal(ContainerBase.java:909) ~[tomcat-embed-core-9.0.35.jar:9.0.35]
	at org.apache.catalina.core.StandardHost.startInternal(StandardHost.java:841) ~[tomcat-embed-core-9.0.35.jar:9.0.35]
	at org.apache.catalina.util.LifecycleBase.start(LifecycleBase.java:183) ~[tomcat-embed-core-9.0.35.jar:9.0.35]
	at org.apache.catalina.core.ContainerBase$StartChild.call(ContainerBase.java:1384) ~[tomcat-embed-core-9.0.35.jar:9.0.35]
	at org.apache.catalina.core.ContainerBase$StartChild.call(ContainerBase.java:1374) ~[tomcat-embed-core-9.0.35.jar:9.0.35]
	at java.util.concurrent.FutureTask.run(FutureTask.java:264) ~[?:?]
	at org.apache.tomcat.util.threads.InlineExecutorService.execute(InlineExecutorService.java:75) ~[tomcat-embed-core-9.0.35.jar:9.0.35]
	at java.util.concurrent.AbstractExecutorService.submit(AbstractExecutorService.java:140) ~[?:?]
	at org.apache.catalina.core.ContainerBase.startInternal(ContainerBase.java:909) ~[tomcat-embed-core-9.0.35.jar:9.0.35]
	at org.apache.catalina.core.StandardEngine.startInternal(StandardEngine.java:262) ~[tomcat-embed-core-9.0.35.jar:9.0.35]
	at org.apache.catalina.util.LifecycleBase.start(LifecycleBase.java:183) ~[tomcat-embed-core-9.0.35.jar:9.0.35]
	at org.apache.catalina.core.StandardService.startInternal(StandardService.java:421) ~[tomcat-embed-core-9.0.35.jar:9.0.35]
	at org.apache.catalina.util.LifecycleBase.start(LifecycleBase.java:183) ~[tomcat-embed-core-9.0.35.jar:9.0.35]
	at org.apache.catalina.core.StandardServer.startInternal(StandardServer.java:930) ~[tomcat-embed-core-9.0.35.jar:9.0.35]
	at org.apache.catalina.util.LifecycleBase.start(LifecycleBase.java:183) ~[tomcat-embed-core-9.0.35.jar:9.0.35]
	at org.apache.catalina.startup.Tomcat.start(Tomcat.java:468) ~[tomcat-embed-core-9.0.35.jar:9.0.35]
	at org.springframework.boot.web.embedded.tomcat.TomcatWebServer.initialize(TomcatWebServer.java:123) ~[spring-boot-2.3.0.RELEASE.jar:2.3.0.RELEASE]
	at org.springframework.boot.web.embedded.tomcat.TomcatWebServer.<init>(TomcatWebServer.java:104) ~[spring-boot-2.3.0.RELEASE.jar:2.3.0.RELEASE]
	at org.springframework.boot.web.embedded.tomcat.TomcatServletWebServerFactory.getTomcatWebServer(TomcatServletWebServerFactory.java:437) ~[spring-boot-2.3.0.RELEASE.jar:2.3.0.RELEASE]
	at org.springframework.boot.web.embedded.tomcat.TomcatServletWebServerFactory.getWebServer(TomcatServletWebServerFactory.java:191) ~[spring-boot-2.3.0.RELEASE.jar:2.3.0.RELEASE]
	at org.springframework.boot.web.servlet.context.ServletWebServerApplicationContext.createWebServer(ServletWebServerApplicationContext.java:176) ~[spring-boot-2.3.0.RELEASE.jar:2.3.0.RELEASE]
	at org.springframework.boot.web.servlet.context.ServletWebServerApplicationContext.onRefresh(ServletWebServerApplicationContext.java:158) ~[spring-boot-2.3.0.RELEASE.jar:2.3.0.RELEASE]
	... 14 more
Caused by: org.springframework.beans.factory.UnsatisfiedDependencyException: Error creating bean with name 'org.springframework.web.servlet.config.annotation.DelegatingWebMvcConfiguration': Unsatisfied dependency expressed through method 'setConfigurers' parameter 0; nested exception is org.springframework.beans.factory.UnsatisfiedDependencyException: Error creating bean with name 'openEntityManagerInViewInterceptorConfigurer' defined in class path resource [org/springframework/boot/autoconfigure/orm/jpa/JpaBaseConfiguration$JpaWebConfiguration.class]: Unsatisfied dependency expressed through method 'openEntityManagerInViewInterceptorConfigurer' parameter 0; nested exception is org.springframework.beans.factory.BeanCreationException: Error creating bean with name 'openEntityManagerInViewInterceptor' defined in class path resource [org/springframework/boot/autoconfigure/orm/jpa/JpaBaseConfiguration$JpaWebConfiguration.class]: Initialization of bean failed; nested exception is org.springframework.beans.factory.BeanCreationException: Error creating bean with name 'liquibase' defined in class path resource [org/springframework/boot/autoconfigure/liquibase/LiquibaseAutoConfiguration$LiquibaseConfiguration.class]: Invocation of init method failed; nested exception is liquibase.exception.LiquibaseException: liquibase.exception.MigrationFailedException: Migration failed for changeset liquibase/dev/20260327071101_changelog.xml::1774595473501-1::Authentication:
     Reason: liquibase.exception.DatabaseException: Table 'db_mgr_category' already exists [Failed SQL: (1050) CREATE TABLE account_managerment.db_mgr_category (id BIGINT NOT NULL, name VARCHAR(255) NULL, `description` TEXT NULL, created_by VARCHAR(255) NOT NULL, created_date datetime NOT NULL, modified_by VARCHAR(255) NOT NULL, modified_date datetime NOT NULL, status INT NOT NULL, CONSTRAINT db_mgr_categoryPK PRIMARY KEY (id))]
	at org.springframework.beans.factory.annotation.AutowiredAnnotationBeanPostProcessor$AutowiredMethodElement.inject(AutowiredAnnotationBeanPostProcessor.java:723) ~[spring-beans-5.2.6.RELEASE.jar:5.2.6.RELEASE]
	at org.springframework.beans.factory.annotation.InjectionMetadata.inject(InjectionMetadata.java:130) ~[spring-beans-5.2.6.RELEASE.jar:5.2.6.RELEASE]
	at org.springframework.beans.factory.annotation.AutowiredAnnotationBeanPostProcessor.postProcessProperties(AutowiredAnnotationBeanPostProcessor.java:399) ~[spring-beans-5.2.6.RELEASE.jar:5.2.6.RELEASE]
	at org.springframework.beans.factory.support.AbstractAutowireCapableBeanFactory.populateBean(AbstractAutowireCapableBeanFactory.java:1422) ~[spring-beans-5.2.6.RELEASE.jar:5.2.6.RELEASE]
	at org.springframework.beans.factory.support.AbstractAutowireCapableBeanFactory.doCreateBean(AbstractAutowireCapableBeanFactory.java:594) ~[spring-beans-5.2.6.RELEASE.jar:5.2.6.RELEASE]
	at org.springframework.beans.factory.support.AbstractAutowireCapableBeanFactory.createBean(AbstractAutowireCapableBeanFactory.java:517) ~[spring-beans-5.2.6.RELEASE.jar:5.2.6.RELEASE]
	at org.springframework.beans.factory.support.AbstractBeanFactory.lambda$doGetBean$0(AbstractBeanFactory.java:323) ~[spring-beans-5.2.6.RELEASE.jar:5.2.6.RELEASE]
	at org.springframework.beans.factory.support.DefaultSingletonBeanRegistry.getSingleton(DefaultSingletonBeanRegistry.java:226) ~[spring-beans-5.2.6.RELEASE.jar:5.2.6.RELEASE]
	at org.springframework.beans.factory.support.AbstractBeanFactory.doGetBean(AbstractBeanFactory.java:321) ~[spring-beans-5.2.6.RELEASE.jar:5.2.6.RELEASE]
	at org.springframework.beans.factory.support.AbstractBeanFactory.getBean(AbstractBeanFactory.java:202) ~[spring-beans-5.2.6.RELEASE.jar:5.2.6.RELEASE]
	at org.springframework.beans.factory.support.ConstructorResolver.instantiateUsingFactoryMethod(ConstructorResolver.java:409) ~[spring-beans-5.2.6.RELEASE.jar:5.2.6.RELEASE]
	at org.springframework.beans.factory.support.AbstractAutowireCapableBeanFactory.instantiateUsingFactoryMethod(AbstractAutowireCapableBeanFactory.java:1338) ~[spring-beans-5.2.6.RELEASE.jar:5.2.6.RELEASE]
	at org.springframework.beans.factory.support.AbstractAutowireCapableBeanFactory.createBeanInstance(AbstractAutowireCapableBeanFactory.java:1177) ~[spring-beans-5.2.6.RELEASE.jar:5.2.6.RELEASE]
	at org.springframework.beans.factory.support.AbstractAutowireCapableBeanFactory.doCreateBean(AbstractAutowireCapableBeanFactory.java:557) ~[spring-beans-5.2.6.RELEASE.jar:5.2.6.RELEASE]
	at org.springframework.beans.factory.support.AbstractAutowireCapableBeanFactory.createBean(AbstractAutowireCapableBeanFactory.java:517) ~[spring-beans-5.2.6.RELEASE.jar:5.2.6.RELEASE]
	at org.springframework.beans.factory.support.AbstractBeanFactory.lambda$doGetBean$0(AbstractBeanFactory.java:323) ~[spring-beans-5.2.6.RELEASE.jar:5.2.6.RELEASE]
	at org.springframework.beans.factory.support.DefaultSingletonBeanRegistry.getSingleton(DefaultSingletonBeanRegistry.java:226) ~[spring-beans-5.2.6.RELEASE.jar:5.2.6.RELEASE]
	at org.springframework.beans.factory.support.AbstractBeanFactory.doGetBean(AbstractBeanFactory.java:321) ~[spring-beans-5.2.6.RELEASE.jar:5.2.6.RELEASE]
	at org.springframework.beans.factory.support.AbstractBeanFactory.getBean(AbstractBeanFactory.java:202) ~[spring-beans-5.2.6.RELEASE.jar:5.2.6.RELEASE]
	at org.springframework.beans.factory.config.DependencyDescriptor.resolveCandidate(DependencyDescriptor.java:276) ~[spring-beans-5.2.6.RELEASE.jar:5.2.6.RELEASE]
	at org.springframework.beans.factory.support.DefaultListableBeanFactory.doResolveDependency(DefaultListableBeanFactory.java:1306) ~[spring-beans-5.2.6.RELEASE.jar:5.2.6.RELEASE]
	at org.springframework.beans.factory.support.DefaultListableBeanFactory.resolveDependency(DefaultListableBeanFactory.java:1226) ~[spring-beans-5.2.6.RELEASE.jar:5.2.6.RELEASE]
	at org.springframework.beans.factory.annotation.AutowiredAnnotationBeanPostProcessor$AutowiredMethodElement.inject(AutowiredAnnotationBeanPostProcessor.java:715) ~[spring-beans-5.2.6.RELEASE.jar:5.2.6.RELEASE]
	at org.springframework.beans.factory.annotation.InjectionMetadata.inject(InjectionMetadata.java:130) ~[spring-beans-5.2.6.RELEASE.jar:5.2.6.RELEASE]
	at org.springframework.beans.factory.annotation.AutowiredAnnotationBeanPostProcessor.postProcessProperties(AutowiredAnnotationBeanPostProcessor.java:399) ~[spring-beans-5.2.6.RELEASE.jar:5.2.6.RELEASE]
	at org.springframework.beans.factory.support.AbstractAutowireCapableBeanFactory.populateBean(AbstractAutowireCapableBeanFactory.java:1422) ~[spring-beans-5.2.6.RELEASE.jar:5.2.6.RELEASE]
	at org.springframework.beans.factory.support.AbstractAutowireCapableBeanFactory.doCreateBean(AbstractAutowireCapableBeanFactory.java:594) ~[spring-beans-5.2.6.RELEASE.jar:5.2.6.RELEASE]
	at org.springframework.beans.factory.support.AbstractAutowireCapableBeanFactory.createBean(AbstractAutowireCapableBeanFactory.java:517) ~[spring-beans-5.2.6.RELEASE.jar:5.2.6.RELEASE]
	at org.springframework.beans.factory.support.AbstractBeanFactory.lambda$doGetBean$0(AbstractBeanFactory.java:323) ~[spring-beans-5.2.6.RELEASE.jar:5.2.6.RELEASE]
	at org.springframework.beans.factory.support.DefaultSingletonBeanRegistry.getSingleton(DefaultSingletonBeanRegistry.java:226) ~[spring-beans-5.2.6.RELEASE.jar:5.2.6.RELEASE]
	at org.springframework.beans.factory.support.AbstractBeanFactory.doGetBean(AbstractBeanFactory.java:321) ~[spring-beans-5.2.6.RELEASE.jar:5.2.6.RELEASE]
	at org.springframework.beans.factory.support.AbstractBeanFactory.getBean(AbstractBeanFactory.java:202) ~[spring-beans-5.2.6.RELEASE.jar:5.2.6.RELEASE]
	at org.springframework.beans.factory.support.ConstructorResolver.instantiateUsingFactoryMethod(ConstructorResolver.java:409) ~[spring-beans-5.2.6.RELEASE.jar:5.2.6.RELEASE]
	at org.springframework.beans.factory.support.AbstractAutowireCapableBeanFactory.instantiateUsingFactoryMethod(AbstractAutowireCapableBeanFactory.java:1338) ~[spring-beans-5.2.6.RELEASE.jar:5.2.6.RELEASE]
	at org.springframework.beans.factory.support.AbstractAutowireCapableBeanFactory.createBeanInstance(AbstractAutowireCapableBeanFactory.java:1177) ~[spring-beans-5.2.6.RELEASE.jar:5.2.6.RELEASE]
	at org.springframework.beans.factory.support.AbstractAutowireCapableBeanFactory.doCreateBean(AbstractAutowireCapableBeanFactory.java:557) ~[spring-beans-5.2.6.RELEASE.jar:5.2.6.RELEASE]
	at org.springframework.beans.factory.support.AbstractAutowireCapableBeanFactory.createBean(AbstractAutowireCapableBeanFactory.java:517) ~[spring-beans-5.2.6.RELEASE.jar:5.2.6.RELEASE]
	at org.springframework.beans.factory.support.AbstractBeanFactory.lambda$doGetBean$0(AbstractBeanFactory.java:323) ~[spring-beans-5.2.6.RELEASE.jar:5.2.6.RELEASE]
	at org.springframework.beans.factory.support.DefaultSingletonBeanRegistry.getSingleton(DefaultSingletonBeanRegistry.java:226) ~[spring-beans-5.2.6.RELEASE.jar:5.2.6.RELEASE]
	at org.springframework.beans.factory.support.AbstractBeanFactory.doGetBean(AbstractBeanFactory.java:321) ~[spring-beans-5.2.6.RELEASE.jar:5.2.6.RELEASE]
	at org.springframework.beans.factory.support.AbstractBeanFactory.getBean(AbstractBeanFactory.java:207) ~[spring-beans-5.2.6.RELEASE.jar:5.2.6.RELEASE]
	at org.springframework.boot.web.servlet.ServletContextInitializerBeans.getOrderedBeansOfType(ServletContextInitializerBeans.java:211) ~[spring-boot-2.3.0.RELEASE.jar:2.3.0.RELEASE]
	at org.springframework.boot.web.servlet.ServletContextInitializerBeans.getOrderedBeansOfType(ServletContextInitializerBeans.java:202) ~[spring-boot-2.3.0.RELEASE.jar:2.3.0.RELEASE]
	at org.springframework.boot.web.servlet.ServletContextInitializerBeans.addServletContextInitializerBeans(ServletContextInitializerBeans.java:96) ~[spring-boot-2.3.0.RELEASE.jar:2.3.0.RELEASE]
	at org.springframework.boot.web.servlet.ServletContextInitializerBeans.<init>(ServletContextInitializerBeans.java:85) ~[spring-boot-2.3.0.RELEASE.jar:2.3.0.RELEASE]
	at org.springframework.boot.web.servlet.context.ServletWebServerApplicationContext.getServletContextInitializerBeans(ServletWebServerApplicationContext.java:253) ~[spring-boot-2.3.0.RELEASE.jar:2.3.0.RELEASE]
	at org.springframework.boot.web.servlet.context.ServletWebServerApplicationContext.selfInitialize(ServletWebServerApplicationContext.java:227) ~[spring-boot-2.3.0.RELEASE.jar:2.3.0.RELEASE]
	at org.springframework.boot.web.embedded.tomcat.TomcatStarter.onStartup(TomcatStarter.java:53) ~[spring-boot-2.3.0.RELEASE.jar:2.3.0.RELEASE]
	at org.apache.catalina.core.StandardContext.startInternal(StandardContext.java:5136) ~[tomcat-embed-core-9.0.35.jar:9.0.35]
	at org.apache.catalina.util.LifecycleBase.start(LifecycleBase.java:183) ~[tomcat-embed-core-9.0.35.jar:9.0.35]
	at org.apache.catalina.core.ContainerBase$StartChild.call(ContainerBase.java:1384) ~[tomcat-embed-core-9.0.35.jar:9.0.35]
	at org.apache.catalina.core.ContainerBase$StartChild.call(ContainerBase.java:1374) ~[tomcat-embed-core-9.0.35.jar:9.0.35]
	at java.util.concurrent.FutureTask.run(FutureTask.java:264) ~[?:?]
	at org.apache.tomcat.util.threads.InlineExecutorService.execute(InlineExecutorService.java:75) ~[tomcat-embed-core-9.0.35.jar:9.0.35]
	at java.util.concurrent.AbstractExecutorService.submit(AbstractExecutorService.java:140) ~[?:?]
	at org.apache.catalina.core.ContainerBase.startInternal(ContainerBase.java:909) ~[tomcat-embed-core-9.0.35.jar:9.0.35]
	at org.apache.catalina.core.StandardHost.startInternal(StandardHost.java:841) ~[tomcat-embed-core-9.0.35.jar:9.0.35]
	at org.apache.catalina.util.LifecycleBase.start(LifecycleBase.java:183) ~[tomcat-embed-core-9.0.35.jar:9.0.35]
	at org.apache.catalina.core.ContainerBase$StartChild.call(ContainerBase.java:1384) ~[tomcat-embed-core-9.0.35.jar:9.0.35]
	at org.apache.catalina.core.ContainerBase$StartChild.call(ContainerBase.java:1374) ~[tomcat-embed-core-9.0.35.jar:9.0.35]
	at java.util.concurrent.FutureTask.run(FutureTask.java:264) ~[?:?]
	at org.apache.tomcat.util.threads.InlineExecutorService.execute(InlineExecutorService.java:75) ~[tomcat-embed-core-9.0.35.jar:9.0.35]
	at java.util.concurrent.AbstractExecutorService.submit(AbstractExecutorService.java:140) ~[?:?]
	at org.apache.catalina.core.ContainerBase.startInternal(ContainerBase.java:909) ~[tomcat-embed-core-9.0.35.jar:9.0.35]
	at org.apache.catalina.core.StandardEngine.startInternal(StandardEngine.java:262) ~[tomcat-embed-core-9.0.35.jar:9.0.35]
	at org.apache.catalina.util.LifecycleBase.start(LifecycleBase.java:183) ~[tomcat-embed-core-9.0.35.jar:9.0.35]
	at org.apache.catalina.core.StandardService.startInternal(StandardService.java:421) ~[tomcat-embed-core-9.0.35.jar:9.0.35]
	at org.apache.catalina.util.LifecycleBase.start(LifecycleBase.java:183) ~[tomcat-embed-core-9.0.35.jar:9.0.35]
	at org.apache.catalina.core.StandardServer.startInternal(StandardServer.java:930) ~[tomcat-embed-core-9.0.35.jar:9.0.35]
	at org.apache.catalina.util.LifecycleBase.start(LifecycleBase.java:183) ~[tomcat-embed-core-9.0.35.jar:9.0.35]
	at org.apache.catalina.startup.Tomcat.start(Tomcat.java:468) ~[tomcat-embed-core-9.0.35.jar:9.0.35]
	at org.springframework.boot.web.embedded.tomcat.TomcatWebServer.initialize(TomcatWebServer.java:123) ~[spring-boot-2.3.0.RELEASE.jar:2.3.0.RELEASE]
	at org.springframework.boot.web.embedded.tomcat.TomcatWebServer.<init>(TomcatWebServer.java:104) ~[spring-boot-2.3.0.RELEASE.jar:2.3.0.RELEASE]
	at org.springframework.boot.web.embedded.tomcat.TomcatServletWebServerFactory.getTomcatWebServer(TomcatServletWebServerFactory.java:437) ~[spring-boot-2.3.0.RELEASE.jar:2.3.0.RELEASE]
	at org.springframework.boot.web.embedded.tomcat.TomcatServletWebServerFactory.getWebServer(TomcatServletWebServerFactory.java:191) ~[spring-boot-2.3.0.RELEASE.jar:2.3.0.RELEASE]
	at org.springframework.boot.web.servlet.context.ServletWebServerApplicationContext.createWebServer(ServletWebServerApplicationContext.java:176) ~[spring-boot-2.3.0.RELEASE.jar:2.3.0.RELEASE]
	at org.springframework.boot.web.servlet.context.ServletWebServerApplicationContext.onRefresh(ServletWebServerApplicationContext.java:158) ~[spring-boot-2.3.0.RELEASE.jar:2.3.0.RELEASE]
	... 14 more
Caused by: org.springframework.beans.factory.UnsatisfiedDependencyException: Error creating bean with name 'openEntityManagerInViewInterceptorConfigurer' defined in class path resource [org/springframework/boot/autoconfigure/orm/jpa/JpaBaseConfiguration$JpaWebConfiguration.class]: Unsatisfied dependency expressed through method 'openEntityManagerInViewInterceptorConfigurer' parameter 0; nested exception is org.springframework.beans.factory.BeanCreationException: Error creating bean with name 'openEntityManagerInViewInterceptor' defined in class path resource [org/springframework/boot/autoconfigure/orm/jpa/JpaBaseConfiguration$JpaWebConfiguration.class]: Initialization of bean failed; nested exception is org.springframework.beans.factory.BeanCreationException: Error creating bean with name 'liquibase' defined in class path resource [org/springframework/boot/autoconfigure/liquibase/LiquibaseAutoConfiguration$LiquibaseConfiguration.class]: Invocation of init method failed; nested exception is liquibase.exception.LiquibaseException: liquibase.exception.MigrationFailedException: Migration failed for changeset liquibase/dev/20260327071101_changelog.xml::1774595473501-1::Authentication:
     Reason: liquibase.exception.DatabaseException: Table 'db_mgr_category' already exists [Failed SQL: (1050) CREATE TABLE account_managerment.db_mgr_category (id BIGINT NOT NULL, name VARCHAR(255) NULL, `description` TEXT NULL, created_by VARCHAR(255) NOT NULL, created_date datetime NOT NULL, modified_by VARCHAR(255) NOT NULL, modified_date datetime NOT NULL, status INT NOT NULL, CONSTRAINT db_mgr_categoryPK PRIMARY KEY (id))]
	at org.springframework.beans.factory.support.ConstructorResolver.createArgumentArray(ConstructorResolver.java:798) ~[spring-beans-5.2.6.RELEASE.jar:5.2.6.RELEASE]
	at org.springframework.beans.factory.support.ConstructorResolver.instantiateUsingFactoryMethod(ConstructorResolver.java:539) ~[spring-beans-5.2.6.RELEASE.jar:5.2.6.RELEASE]
	at org.springframework.beans.factory.support.AbstractAutowireCapableBeanFactory.instantiateUsingFactoryMethod(AbstractAutowireCapableBeanFactory.java:1338) ~[spring-beans-5.2.6.RELEASE.jar:5.2.6.RELEASE]
	at org.springframework.beans.factory.support.AbstractAutowireCapableBeanFactory.createBeanInstance(AbstractAutowireCapableBeanFactory.java:1177) ~[spring-beans-5.2.6.RELEASE.jar:5.2.6.RELEASE]
	at org.springframework.beans.factory.support.AbstractAutowireCapableBeanFactory.doCreateBean(AbstractAutowireCapableBeanFactory.java:557) ~[spring-beans-5.2.6.RELEASE.jar:5.2.6.RELEASE]
	at org.springframework.beans.factory.support.AbstractAutowireCapableBeanFactory.createBean(AbstractAutowireCapableBeanFactory.java:517) ~[spring-beans-5.2.6.RELEASE.jar:5.2.6.RELEASE]
	at org.springframework.beans.factory.support.AbstractBeanFactory.lambda$doGetBean$0(AbstractBeanFactory.java:323) ~[spring-beans-5.2.6.RELEASE.jar:5.2.6.RELEASE]
	at org.springframework.beans.factory.support.DefaultSingletonBeanRegistry.getSingleton(DefaultSingletonBeanRegistry.java:226) ~[spring-beans-5.2.6.RELEASE.jar:5.2.6.RELEASE]
	at org.springframework.beans.factory.support.AbstractBeanFactory.doGetBean(AbstractBeanFactory.java:321) ~[spring-beans-5.2.6.RELEASE.jar:5.2.6.RELEASE]
	at org.springframework.beans.factory.support.AbstractBeanFactory.getBean(AbstractBeanFactory.java:202) ~[spring-beans-5.2.6.RELEASE.jar:5.2.6.RELEASE]
	at org.springframework.beans.factory.config.DependencyDescriptor.resolveCandidate(DependencyDescriptor.java:276) ~[spring-beans-5.2.6.RELEASE.jar:5.2.6.RELEASE]
	at org.springframework.beans.factory.support.DefaultListableBeanFactory.addCandidateEntry(DefaultListableBeanFactory.java:1524) ~[spring-beans-5.2.6.RELEASE.jar:5.2.6.RELEASE]
	at org.springframework.beans.factory.support.DefaultListableBeanFactory.findAutowireCandidates(DefaultListableBeanFactory.java:1488) ~[spring-beans-5.2.6.RELEASE.jar:5.2.6.RELEASE]
	at org.springframework.beans.factory.support.DefaultListableBeanFactory.resolveMultipleBeans(DefaultListableBeanFactory.java:1377) ~[spring-beans-5.2.6.RELEASE.jar:5.2.6.RELEASE]
	at org.springframework.beans.factory.support.DefaultListableBeanFactory.doResolveDependency(DefaultListableBeanFactory.java:1264) ~[spring-beans-5.2.6.RELEASE.jar:5.2.6.RELEASE]
	at org.springframework.beans.factory.support.DefaultListableBeanFactory.resolveDependency(DefaultListableBeanFactory.java:1226) ~[spring-beans-5.2.6.RELEASE.jar:5.2.6.RELEASE]
	at org.springframework.beans.factory.annotation.AutowiredAnnotationBeanPostProcessor$AutowiredMethodElement.inject(AutowiredAnnotationBeanPostProcessor.java:715) ~[spring-beans-5.2.6.RELEASE.jar:5.2.6.RELEASE]
	at org.springframework.beans.factory.annotation.InjectionMetadata.inject(InjectionMetadata.java:130) ~[spring-beans-5.2.6.RELEASE.jar:5.2.6.RELEASE]
	at org.springframework.beans.factory.annotation.AutowiredAnnotationBeanPostProcessor.postProcessProperties(AutowiredAnnotationBeanPostProcessor.java:399) ~[spring-beans-5.2.6.RELEASE.jar:5.2.6.RELEASE]
	at org.springframework.beans.factory.support.AbstractAutowireCapableBeanFactory.populateBean(AbstractAutowireCapableBeanFactory.java:1422) ~[spring-beans-5.2.6.RELEASE.jar:5.2.6.RELEASE]
	at org.springframework.beans.factory.support.AbstractAutowireCapableBeanFactory.doCreateBean(AbstractAutowireCapableBeanFactory.java:594) ~[spring-beans-5.2.6.RELEASE.jar:5.2.6.RELEASE]
	at org.springframework.beans.factory.support.AbstractAutowireCapableBeanFactory.createBean(AbstractAutowireCapableBeanFactory.java:517) ~[spring-beans-5.2.6.RELEASE.jar:5.2.6.RELEASE]
	at org.springframework.beans.factory.support.AbstractBeanFactory.lambda$doGetBean$0(AbstractBeanFactory.java:323) ~[spring-beans-5.2.6.RELEASE.jar:5.2.6.RELEASE]
	at org.springframework.beans.factory.support.DefaultSingletonBeanRegistry.getSingleton(DefaultSingletonBeanRegistry.java:226) ~[spring-beans-5.2.6.RELEASE.jar:5.2.6.RELEASE]
	at org.springframework.beans.factory.support.AbstractBeanFactory.doGetBean(AbstractBeanFactory.java:321) ~[spring-beans-5.2.6.RELEASE.jar:5.2.6.RELEASE]
	at org.springframework.beans.factory.support.AbstractBeanFactory.getBean(AbstractBeanFactory.java:202) ~[spring-beans-5.2.6.RELEASE.jar:5.2.6.RELEASE]
	at org.springframework.beans.factory.support.ConstructorResolver.instantiateUsingFactoryMethod(ConstructorResolver.java:409) ~[spring-beans-5.2.6.RELEASE.jar:5.2.6.RELEASE]
	at org.springframework.beans.factory.support.AbstractAutowireCapableBeanFactory.instantiateUsingFactoryMethod(AbstractAutowireCapableBeanFactory.java:1338) ~[spring-beans-5.2.6.RELEASE.jar:5.2.6.RELEASE]
	at org.springframework.beans.factory.support.AbstractAutowireCapableBeanFactory.createBeanInstance(AbstractAutowireCapableBeanFactory.java:1177) ~[spring-beans-5.2.6.RELEASE.jar:5.2.6.RELEASE]
	at org.springframework.beans.factory.support.AbstractAutowireCapableBeanFactory.doCreateBean(AbstractAutowireCapableBeanFactory.java:557) ~[spring-beans-5.2.6.RELEASE.jar:5.2.6.RELEASE]
	at org.springframework.beans.factory.support.AbstractAutowireCapableBeanFactory.createBean(AbstractAutowireCapableBeanFactory.java:517) ~[spring-beans-5.2.6.RELEASE.jar:5.2.6.RELEASE]
	at org.springframework.beans.factory.support.AbstractBeanFactory.lambda$doGetBean$0(AbstractBeanFactory.java:323) ~[spring-beans-5.2.6.RELEASE.jar:5.2.6.RELEASE]
	at org.springframework.beans.factory.support.DefaultSingletonBeanRegistry.getSingleton(DefaultSingletonBeanRegistry.java:226) ~[spring-beans-5.2.6.RELEASE.jar:5.2.6.RELEASE]
	at org.springframework.beans.factory.support.AbstractBeanFactory.doGetBean(AbstractBeanFactory.java:321) ~[spring-beans-5.2.6.RELEASE.jar:5.2.6.RELEASE]
	at org.springframework.beans.factory.support.AbstractBeanFactory.getBean(AbstractBeanFactory.java:202) ~[spring-beans-5.2.6.RELEASE.jar:5.2.6.RELEASE]
	at org.springframework.beans.factory.config.DependencyDescriptor.resolveCandidate(DependencyDescriptor.java:276) ~[spring-beans-5.2.6.RELEASE.jar:5.2.6.RELEASE]
	at org.springframework.beans.factory.support.DefaultListableBeanFactory.doResolveDependency(DefaultListableBeanFactory.java:1306) ~[spring-beans-5.2.6.RELEASE.jar:5.2.6.RELEASE]
	at org.springframework.beans.factory.support.DefaultListableBeanFactory.resolveDependency(DefaultListableBeanFactory.java:1226) ~[spring-beans-5.2.6.RELEASE.jar:5.2.6.RELEASE]
	at org.springframework.beans.factory.annotation.AutowiredAnnotationBeanPostProcessor$AutowiredMethodElement.inject(AutowiredAnnotationBeanPostProcessor.java:715) ~[spring-beans-5.2.6.RELEASE.jar:5.2.6.RELEASE]
	at org.springframework.beans.factory.annotation.InjectionMetadata.inject(InjectionMetadata.java:130) ~[spring-beans-5.2.6.RELEASE.jar:5.2.6.RELEASE]
	at org.springframework.beans.factory.annotation.AutowiredAnnotationBeanPostProcessor.postProcessProperties(AutowiredAnnotationBeanPostProcessor.java:399) ~[spring-beans-5.2.6.RELEASE.jar:5.2.6.RELEASE]
	at org.springframework.beans.factory.support.AbstractAutowireCapableBeanFactory.populateBean(AbstractAutowireCapableBeanFactory.java:1422) ~[spring-beans-5.2.6.RELEASE.jar:5.2.6.RELEASE]
	at org.springframework.beans.factory.support.AbstractAutowireCapableBeanFactory.doCreateBean(AbstractAutowireCapableBeanFactory.java:594) ~[spring-beans-5.2.6.RELEASE.jar:5.2.6.RELEASE]
	at org.springframework.beans.factory.support.AbstractAutowireCapableBeanFactory.createBean(AbstractAutowireCapableBeanFactory.java:517) ~[spring-beans-5.2.6.RELEASE.jar:5.2.6.RELEASE]
	at org.springframework.beans.factory.support.AbstractBeanFactory.lambda$doGetBean$0(AbstractBeanFactory.java:323) ~[spring-beans-5.2.6.RELEASE.jar:5.2.6.RELEASE]
	at org.springframework.beans.factory.support.DefaultSingletonBeanRegistry.getSingleton(DefaultSingletonBeanRegistry.java:226) ~[spring-beans-5.2.6.RELEASE.jar:5.2.6.RELEASE]
	at org.springframework.beans.factory.support.AbstractBeanFactory.doGetBean(AbstractBeanFactory.java:321) ~[spring-beans-5.2.6.RELEASE.jar:5.2.6.RELEASE]
	at org.springframework.beans.factory.support.AbstractBeanFactory.getBean(AbstractBeanFactory.java:202) ~[spring-beans-5.2.6.RELEASE.jar:5.2.6.RELEASE]
	at org.springframework.beans.factory.support.ConstructorResolver.instantiateUsingFactoryMethod(ConstructorResolver.java:409) ~[spring-beans-5.2.6.RELEASE.jar:5.2.6.RELEASE]
	at org.springframework.beans.factory.support.AbstractAutowireCapableBeanFactory.instantiateUsingFactoryMethod(AbstractAutowireCapableBeanFactory.java:1338) ~[spring-beans-5.2.6.RELEASE.jar:5.2.6.RELEASE]
	at org.springframework.beans.factory.support.AbstractAutowireCapableBeanFactory.createBeanInstance(AbstractAutowireCapableBeanFactory.java:1177) ~[spring-beans-5.2.6.RELEASE.jar:5.2.6.RELEASE]
	at org.springframework.beans.factory.support.AbstractAutowireCapableBeanFactory.doCreateBean(AbstractAutowireCapableBeanFactory.java:557) ~[spring-beans-5.2.6.RELEASE.jar:5.2.6.RELEASE]
	at org.springframework.beans.factory.support.AbstractAutowireCapableBeanFactory.createBean(AbstractAutowireCapableBeanFactory.java:517) ~[spring-beans-5.2.6.RELEASE.jar:5.2.6.RELEASE]
	at org.springframework.beans.factory.support.AbstractBeanFactory.lambda$doGetBean$0(AbstractBeanFactory.java:323) ~[spring-beans-5.2.6.RELEASE.jar:5.2.6.RELEASE]
	at org.springframework.beans.factory.support.DefaultSingletonBeanRegistry.getSingleton(DefaultSingletonBeanRegistry.java:226) ~[spring-beans-5.2.6.RELEASE.jar:5.2.6.RELEASE]
	at org.springframework.beans.factory.support.AbstractBeanFactory.doGetBean(AbstractBeanFactory.java:321) ~[spring-beans-5.2.6.RELEASE.jar:5.2.6.RELEASE]
	at org.springframework.beans.factory.support.AbstractBeanFactory.getBean(AbstractBeanFactory.java:207) ~[spring-beans-5.2.6.RELEASE.jar:5.2.6.RELEASE]
	at org.springframework.boot.web.servlet.ServletContextInitializerBeans.getOrderedBeansOfType(ServletContextInitializerBeans.java:211) ~[spring-boot-2.3.0.RELEASE.jar:2.3.0.RELEASE]
	at org.springframework.boot.web.servlet.ServletContextInitializerBeans.getOrderedBeansOfType(ServletContextInitializerBeans.java:202) ~[spring-boot-2.3.0.RELEASE.jar:2.3.0.RELEASE]
	at org.springframework.boot.web.servlet.ServletContextInitializerBeans.addServletContextInitializerBeans(ServletContextInitializerBeans.java:96) ~[spring-boot-2.3.0.RELEASE.jar:2.3.0.RELEASE]
	at org.springframework.boot.web.servlet.ServletContextInitializerBeans.<init>(ServletContextInitializerBeans.java:85) ~[spring-boot-2.3.0.RELEASE.jar:2.3.0.RELEASE]
	at org.springframework.boot.web.servlet.context.ServletWebServerApplicationContext.getServletContextInitializerBeans(ServletWebServerApplicationContext.java:253) ~[spring-boot-2.3.0.RELEASE.jar:2.3.0.RELEASE]
	at org.springframework.boot.web.servlet.context.ServletWebServerApplicationContext.selfInitialize(ServletWebServerApplicationContext.java:227) ~[spring-boot-2.3.0.RELEASE.jar:2.3.0.RELEASE]
	at org.springframework.boot.web.embedded.tomcat.TomcatStarter.onStartup(TomcatStarter.java:53) ~[spring-boot-2.3.0.RELEASE.jar:2.3.0.RELEASE]
	at org.apache.catalina.core.StandardContext.startInternal(StandardContext.java:5136) ~[tomcat-embed-core-9.0.35.jar:9.0.35]
	at org.apache.catalina.util.LifecycleBase.start(LifecycleBase.java:183) ~[tomcat-embed-core-9.0.35.jar:9.0.35]
	at org.apache.catalina.core.ContainerBase$StartChild.call(ContainerBase.java:1384) ~[tomcat-embed-core-9.0.35.jar:9.0.35]
	at org.apache.catalina.core.ContainerBase$StartChild.call(ContainerBase.java:1374) ~[tomcat-embed-core-9.0.35.jar:9.0.35]
	at java.util.concurrent.FutureTask.run(FutureTask.java:264) ~[?:?]
	at org.apache.tomcat.util.threads.InlineExecutorService.execute(InlineExecutorService.java:75) ~[tomcat-embed-core-9.0.35.jar:9.0.35]
	at java.util.concurrent.AbstractExecutorService.submit(AbstractExecutorService.java:140) ~[?:?]
	at org.apache.catalina.core.ContainerBase.startInternal(ContainerBase.java:909) ~[tomcat-embed-core-9.0.35.jar:9.0.35]
	at org.apache.catalina.core.StandardHost.startInternal(StandardHost.java:841) ~[tomcat-embed-core-9.0.35.jar:9.0.35]
	at org.apache.catalina.util.LifecycleBase.start(LifecycleBase.java:183) ~[tomcat-embed-core-9.0.35.jar:9.0.35]
	at org.apache.catalina.core.ContainerBase$StartChild.call(ContainerBase.java:1384) ~[tomcat-embed-core-9.0.35.jar:9.0.35]
	at org.apache.catalina.core.ContainerBase$StartChild.call(ContainerBase.java:1374) ~[tomcat-embed-core-9.0.35.jar:9.0.35]
	at java.util.concurrent.FutureTask.run(FutureTask.java:264) ~[?:?]
	at org.apache.tomcat.util.threads.InlineExecutorService.execute(InlineExecutorService.java:75) ~[tomcat-embed-core-9.0.35.jar:9.0.35]
	at java.util.concurrent.AbstractExecutorService.submit(AbstractExecutorService.java:140) ~[?:?]
	at org.apache.catalina.core.ContainerBase.startInternal(ContainerBase.java:909) ~[tomcat-embed-core-9.0.35.jar:9.0.35]
	at org.apache.catalina.core.StandardEngine.startInternal(StandardEngine.java:262) ~[tomcat-embed-core-9.0.35.jar:9.0.35]
	at org.apache.catalina.util.LifecycleBase.start(LifecycleBase.java:183) ~[tomcat-embed-core-9.0.35.jar:9.0.35]
	at org.apache.catalina.core.StandardService.startInternal(StandardService.java:421) ~[tomcat-embed-core-9.0.35.jar:9.0.35]
	at org.apache.catalina.util.LifecycleBase.start(LifecycleBase.java:183) ~[tomcat-embed-core-9.0.35.jar:9.0.35]
	at org.apache.catalina.core.StandardServer.startInternal(StandardServer.java:930) ~[tomcat-embed-core-9.0.35.jar:9.0.35]
	at org.apache.catalina.util.LifecycleBase.start(LifecycleBase.java:183) ~[tomcat-embed-core-9.0.35.jar:9.0.35]
	at org.apache.catalina.startup.Tomcat.start(Tomcat.java:468) ~[tomcat-embed-core-9.0.35.jar:9.0.35]
	at org.springframework.boot.web.embedded.tomcat.TomcatWebServer.initialize(TomcatWebServer.java:123) ~[spring-boot-2.3.0.RELEASE.jar:2.3.0.RELEASE]
	at org.springframework.boot.web.embedded.tomcat.TomcatWebServer.<init>(TomcatWebServer.java:104) ~[spring-boot-2.3.0.RELEASE.jar:2.3.0.RELEASE]
	at org.springframework.boot.web.embedded.tomcat.TomcatServletWebServerFactory.getTomcatWebServer(TomcatServletWebServerFactory.java:437) ~[spring-boot-2.3.0.RELEASE.jar:2.3.0.RELEASE]
	at org.springframework.boot.web.embedded.tomcat.TomcatServletWebServerFactory.getWebServer(TomcatServletWebServerFactory.java:191) ~[spring-boot-2.3.0.RELEASE.jar:2.3.0.RELEASE]
	at org.springframework.boot.web.servlet.context.ServletWebServerApplicationContext.createWebServer(ServletWebServerApplicationContext.java:176) ~[spring-boot-2.3.0.RELEASE.jar:2.3.0.RELEASE]
	at org.springframework.boot.web.servlet.context.ServletWebServerApplicationContext.onRefresh(ServletWebServerApplicationContext.java:158) ~[spring-boot-2.3.0.RELEASE.jar:2.3.0.RELEASE]
	... 14 more
Caused by: org.springframework.beans.factory.BeanCreationException: Error creating bean with name 'openEntityManagerInViewInterceptor' defined in class path resource [org/springframework/boot/autoconfigure/orm/jpa/JpaBaseConfiguration$JpaWebConfiguration.class]: Initialization of bean failed; nested exception is org.springframework.beans.factory.BeanCreationException: Error creating bean with name 'liquibase' defined in class path resource [org/springframework/boot/autoconfigure/liquibase/LiquibaseAutoConfiguration$LiquibaseConfiguration.class]: Invocation of init method failed; nested exception is liquibase.exception.LiquibaseException: liquibase.exception.MigrationFailedException: Migration failed for changeset liquibase/dev/20260327071101_changelog.xml::1774595473501-1::Authentication:
     Reason: liquibase.exception.DatabaseException: Table 'db_mgr_category' already exists [Failed SQL: (1050) CREATE TABLE account_managerment.db_mgr_category (id BIGINT NOT NULL, name VARCHAR(255) NULL, `description` TEXT NULL, created_by VARCHAR(255) NOT NULL, created_date datetime NOT NULL, modified_by VARCHAR(255) NOT NULL, modified_date datetime NOT NULL, status INT NOT NULL, CONSTRAINT db_mgr_categoryPK PRIMARY KEY (id))]
	at org.springframework.beans.factory.support.AbstractAutowireCapableBeanFactory.doCreateBean(AbstractAutowireCapableBeanFactory.java:603) ~[spring-beans-5.2.6.RELEASE.jar:5.2.6.RELEASE]
	at org.springframework.beans.factory.support.AbstractAutowireCapableBeanFactory.createBean(AbstractAutowireCapableBeanFactory.java:517) ~[spring-beans-5.2.6.RELEASE.jar:5.2.6.RELEASE]
	at org.springframework.beans.factory.support.AbstractBeanFactory.lambda$doGetBean$0(AbstractBeanFactory.java:323) ~[spring-beans-5.2.6.RELEASE.jar:5.2.6.RELEASE]
	at org.springframework.beans.factory.support.DefaultSingletonBeanRegistry.getSingleton(DefaultSingletonBeanRegistry.java:226) ~[spring-beans-5.2.6.RELEASE.jar:5.2.6.RELEASE]
	at org.springframework.beans.factory.support.AbstractBeanFactory.doGetBean(AbstractBeanFactory.java:321) ~[spring-beans-5.2.6.RELEASE.jar:5.2.6.RELEASE]
	at org.springframework.beans.factory.support.AbstractBeanFactory.getBean(AbstractBeanFactory.java:202) ~[spring-beans-5.2.6.RELEASE.jar:5.2.6.RELEASE]
	at org.springframework.beans.factory.config.DependencyDescriptor.resolveCandidate(DependencyDescriptor.java:276) ~[spring-beans-5.2.6.RELEASE.jar:5.2.6.RELEASE]
	at org.springframework.beans.factory.support.DefaultListableBeanFactory.doResolveDependency(DefaultListableBeanFactory.java:1306) ~[spring-beans-5.2.6.RELEASE.jar:5.2.6.RELEASE]
	at org.springframework.beans.factory.support.DefaultListableBeanFactory.resolveDependency(DefaultListableBeanFactory.java:1226) ~[spring-beans-5.2.6.RELEASE.jar:5.2.6.RELEASE]
	at org.springframework.beans.factory.support.ConstructorResolver.resolveAutowiredArgument(ConstructorResolver.java:885) ~[spring-beans-5.2.6.RELEASE.jar:5.2.6.RELEASE]
	at org.springframework.beans.factory.support.ConstructorResolver.createArgumentArray(ConstructorResolver.java:789) ~[spring-beans-5.2.6.RELEASE.jar:5.2.6.RELEASE]
	at org.springframework.beans.factory.support.ConstructorResolver.instantiateUsingFactoryMethod(ConstructorResolver.java:539) ~[spring-beans-5.2.6.RELEASE.jar:5.2.6.RELEASE]
	at org.springframework.beans.factory.support.AbstractAutowireCapableBeanFactory.instantiateUsingFactoryMethod(AbstractAutowireCapableBeanFactory.java:1338) ~[spring-beans-5.2.6.RELEASE.jar:5.2.6.RELEASE]
	at org.springframework.beans.factory.support.AbstractAutowireCapableBeanFactory.createBeanInstance(AbstractAutowireCapableBeanFactory.java:1177) ~[spring-beans-5.2.6.RELEASE.jar:5.2.6.RELEASE]
	at org.springframework.beans.factory.support.AbstractAutowireCapableBeanFactory.doCreateBean(AbstractAutowireCapableBeanFactory.java:557) ~[spring-beans-5.2.6.RELEASE.jar:5.2.6.RELEASE]
	at org.springframework.beans.factory.support.AbstractAutowireCapableBeanFactory.createBean(AbstractAutowireCapableBeanFactory.java:517) ~[spring-beans-5.2.6.RELEASE.jar:5.2.6.RELEASE]
	at org.springframework.beans.factory.support.AbstractBeanFactory.lambda$doGetBean$0(AbstractBeanFactory.java:323) ~[spring-beans-5.2.6.RELEASE.jar:5.2.6.RELEASE]
	at org.springframework.beans.factory.support.DefaultSingletonBeanRegistry.getSingleton(DefaultSingletonBeanRegistry.java:226) ~[spring-beans-5.2.6.RELEASE.jar:5.2.6.RELEASE]
	at org.springframework.beans.factory.support.AbstractBeanFactory.doGetBean(AbstractBeanFactory.java:321) ~[spring-beans-5.2.6.RELEASE.jar:5.2.6.RELEASE]
	at org.springframework.beans.factory.support.AbstractBeanFactory.getBean(AbstractBeanFactory.java:202) ~[spring-beans-5.2.6.RELEASE.jar:5.2.6.RELEASE]
	at org.springframework.beans.factory.config.DependencyDescriptor.resolveCandidate(DependencyDescriptor.java:276) ~[spring-beans-5.2.6.RELEASE.jar:5.2.6.RELEASE]
	at org.springframework.beans.factory.support.DefaultListableBeanFactory.addCandidateEntry(DefaultListableBeanFactory.java:1524) ~[spring-beans-5.2.6.RELEASE.jar:5.2.6.RELEASE]
	at org.springframework.beans.factory.support.DefaultListableBeanFactory.findAutowireCandidates(DefaultListableBeanFactory.java:1488) ~[spring-beans-5.2.6.RELEASE.jar:5.2.6.RELEASE]
	at org.springframework.beans.factory.support.DefaultListableBeanFactory.resolveMultipleBeans(DefaultListableBeanFactory.java:1377) ~[spring-beans-5.2.6.RELEASE.jar:5.2.6.RELEASE]
	at org.springframework.beans.factory.support.DefaultListableBeanFactory.doResolveDependency(DefaultListableBeanFactory.java:1264) ~[spring-beans-5.2.6.RELEASE.jar:5.2.6.RELEASE]
	at org.springframework.beans.factory.support.DefaultListableBeanFactory.resolveDependency(DefaultListableBeanFactory.java:1226) ~[spring-beans-5.2.6.RELEASE.jar:5.2.6.RELEASE]
	at org.springframework.beans.factory.annotation.AutowiredAnnotationBeanPostProcessor$AutowiredMethodElement.inject(AutowiredAnnotationBeanPostProcessor.java:715) ~[spring-beans-5.2.6.RELEASE.jar:5.2.6.RELEASE]
	at org.springframework.beans.factory.annotation.InjectionMetadata.inject(InjectionMetadata.java:130) ~[spring-beans-5.2.6.RELEASE.jar:5.2.6.RELEASE]
	at org.springframework.beans.factory.annotation.AutowiredAnnotationBeanPostProcessor.postProcessProperties(AutowiredAnnotationBeanPostProcessor.java:399) ~[spring-beans-5.2.6.RELEASE.jar:5.2.6.RELEASE]
	at org.springframework.beans.factory.support.AbstractAutowireCapableBeanFactory.populateBean(AbstractAutowireCapableBeanFactory.java:1422) ~[spring-beans-5.2.6.RELEASE.jar:5.2.6.RELEASE]
	at org.springframework.beans.factory.support.AbstractAutowireCapableBeanFactory.doCreateBean(AbstractAutowireCapableBeanFactory.java:594) ~[spring-beans-5.2.6.RELEASE.jar:5.2.6.RELEASE]
	at org.springframework.beans.factory.support.AbstractAutowireCapableBeanFactory.createBean(AbstractAutowireCapableBeanFactory.java:517) ~[spring-beans-5.2.6.RELEASE.jar:5.2.6.RELEASE]
	at org.springframework.beans.factory.support.AbstractBeanFactory.lambda$doGetBean$0(AbstractBeanFactory.java:323) ~[spring-beans-5.2.6.RELEASE.jar:5.2.6.RELEASE]
	at org.springframework.beans.factory.support.DefaultSingletonBeanRegistry.getSingleton(DefaultSingletonBeanRegistry.java:226) ~[spring-beans-5.2.6.RELEASE.jar:5.2.6.RELEASE]
	at org.springframework.beans.factory.support.AbstractBeanFactory.doGetBean(AbstractBeanFactory.java:321) ~[spring-beans-5.2.6.RELEASE.jar:5.2.6.RELEASE]
	at org.springframework.beans.factory.support.AbstractBeanFactory.getBean(AbstractBeanFactory.java:202) ~[spring-beans-5.2.6.RELEASE.jar:5.2.6.RELEASE]
	at org.springframework.beans.factory.support.ConstructorResolver.instantiateUsingFactoryMethod(ConstructorResolver.java:409) ~[spring-beans-5.2.6.RELEASE.jar:5.2.6.RELEASE]
	at org.springframework.beans.factory.support.AbstractAutowireCapableBeanFactory.instantiateUsingFactoryMethod(AbstractAutowireCapableBeanFactory.java:1338) ~[spring-beans-5.2.6.RELEASE.jar:5.2.6.RELEASE]
	at org.springframework.beans.factory.support.AbstractAutowireCapableBeanFactory.createBeanInstance(AbstractAutowireCapableBeanFactory.java:1177) ~[spring-beans-5.2.6.RELEASE.jar:5.2.6.RELEASE]
	at org.springframework.beans.factory.support.AbstractAutowireCapableBeanFactory.doCreateBean(AbstractAutowireCapableBeanFactory.java:557) ~[spring-beans-5.2.6.RELEASE.jar:5.2.6.RELEASE]
	at org.springframework.beans.factory.support.AbstractAutowireCapableBeanFactory.createBean(AbstractAutowireCapableBeanFactory.java:517) ~[spring-beans-5.2.6.RELEASE.jar:5.2.6.RELEASE]
	at org.springframework.beans.factory.support.AbstractBeanFactory.lambda$doGetBean$0(AbstractBeanFactory.java:323) ~[spring-beans-5.2.6.RELEASE.jar:5.2.6.RELEASE]
	at org.springframework.beans.factory.support.DefaultSingletonBeanRegistry.getSingleton(DefaultSingletonBeanRegistry.java:226) ~[spring-beans-5.2.6.RELEASE.jar:5.2.6.RELEASE]
	at org.springframework.beans.factory.support.AbstractBeanFactory.doGetBean(AbstractBeanFactory.java:321) ~[spring-beans-5.2.6.RELEASE.jar:5.2.6.RELEASE]
	at org.springframework.beans.factory.support.AbstractBeanFactory.getBean(AbstractBeanFactory.java:202) ~[spring-beans-5.2.6.RELEASE.jar:5.2.6.RELEASE]
	at org.springframework.beans.factory.config.DependencyDescriptor.resolveCandidate(DependencyDescriptor.java:276) ~[spring-beans-5.2.6.RELEASE.jar:5.2.6.RELEASE]
	at org.springframework.beans.factory.support.DefaultListableBeanFactory.doResolveDependency(DefaultListableBeanFactory.java:1306) ~[spring-beans-5.2.6.RELEASE.jar:5.2.6.RELEASE]
	at org.springframework.beans.factory.support.DefaultListableBeanFactory.resolveDependency(DefaultListableBeanFactory.java:1226) ~[spring-beans-5.2.6.RELEASE.jar:5.2.6.RELEASE]
	at org.springframework.beans.factory.annotation.AutowiredAnnotationBeanPostProcessor$AutowiredMethodElement.inject(AutowiredAnnotationBeanPostProcessor.java:715) ~[spring-beans-5.2.6.RELEASE.jar:5.2.6.RELEASE]
	at org.springframework.beans.factory.annotation.InjectionMetadata.inject(InjectionMetadata.java:130) ~[spring-beans-5.2.6.RELEASE.jar:5.2.6.RELEASE]
	at org.springframework.beans.factory.annotation.AutowiredAnnotationBeanPostProcessor.postProcessProperties(AutowiredAnnotationBeanPostProcessor.java:399) ~[spring-beans-5.2.6.RELEASE.jar:5.2.6.RELEASE]
	at org.springframework.beans.factory.support.AbstractAutowireCapableBeanFactory.populateBean(AbstractAutowireCapableBeanFactory.java:1422) ~[spring-beans-5.2.6.RELEASE.jar:5.2.6.RELEASE]
	at org.springframework.beans.factory.support.AbstractAutowireCapableBeanFactory.doCreateBean(AbstractAutowireCapableBeanFactory.java:594) ~[spring-beans-5.2.6.RELEASE.jar:5.2.6.RELEASE]
	at org.springframework.beans.factory.support.AbstractAutowireCapableBeanFactory.createBean(AbstractAutowireCapableBeanFactory.java:517) ~[spring-beans-5.2.6.RELEASE.jar:5.2.6.RELEASE]
	at org.springframework.beans.factory.support.AbstractBeanFactory.lambda$doGetBean$0(AbstractBeanFactory.java:323) ~[spring-beans-5.2.6.RELEASE.jar:5.2.6.RELEASE]
	at org.springframework.beans.factory.support.DefaultSingletonBeanRegistry.getSingleton(DefaultSingletonBeanRegistry.java:226) ~[spring-beans-5.2.6.RELEASE.jar:5.2.6.RELEASE]
	at org.springframework.beans.factory.support.AbstractBeanFactory.doGetBean(AbstractBeanFactory.java:321) ~[spring-beans-5.2.6.RELEASE.jar:5.2.6.RELEASE]
	at org.springframework.beans.factory.support.AbstractBeanFactory.getBean(AbstractBeanFactory.java:202) ~[spring-beans-5.2.6.RELEASE.jar:5.2.6.RELEASE]
	at org.springframework.beans.factory.support.ConstructorResolver.instantiateUsingFactoryMethod(ConstructorResolver.java:409) ~[spring-beans-5.2.6.RELEASE.jar:5.2.6.RELEASE]
	at org.springframework.beans.factory.support.AbstractAutowireCapableBeanFactory.instantiateUsingFactoryMethod(AbstractAutowireCapableBeanFactory.java:1338) ~[spring-beans-5.2.6.RELEASE.jar:5.2.6.RELEASE]
	at org.springframework.beans.factory.support.AbstractAutowireCapableBeanFactory.createBeanInstance(AbstractAutowireCapableBeanFactory.java:1177) ~[spring-beans-5.2.6.RELEASE.jar:5.2.6.RELEASE]
	at org.springframework.beans.factory.support.AbstractAutowireCapableBeanFactory.doCreateBean(AbstractAutowireCapableBeanFactory.java:557) ~[spring-beans-5.2.6.RELEASE.jar:5.2.6.RELEASE]
	at org.springframework.beans.factory.support.AbstractAutowireCapableBeanFactory.createBean(AbstractAutowireCapableBeanFactory.java:517) ~[spring-beans-5.2.6.RELEASE.jar:5.2.6.RELEASE]
	at org.springframework.beans.factory.support.AbstractBeanFactory.lambda$doGetBean$0(AbstractBeanFactory.java:323) ~[spring-beans-5.2.6.RELEASE.jar:5.2.6.RELEASE]
	at org.springframework.beans.factory.support.DefaultSingletonBeanRegistry.getSingleton(DefaultSingletonBeanRegistry.java:226) ~[spring-beans-5.2.6.RELEASE.jar:5.2.6.RELEASE]
	at org.springframework.beans.factory.support.AbstractBeanFactory.doGetBean(AbstractBeanFactory.java:321) ~[spring-beans-5.2.6.RELEASE.jar:5.2.6.RELEASE]
	at org.springframework.beans.factory.support.AbstractBeanFactory.getBean(AbstractBeanFactory.java:207) ~[spring-beans-5.2.6.RELEASE.jar:5.2.6.RELEASE]
	at org.springframework.boot.web.servlet.ServletContextInitializerBeans.getOrderedBeansOfType(ServletContextInitializerBeans.java:211) ~[spring-boot-2.3.0.RELEASE.jar:2.3.0.RELEASE]
	at org.springframework.boot.web.servlet.ServletContextInitializerBeans.getOrderedBeansOfType(ServletContextInitializerBeans.java:202) ~[spring-boot-2.3.0.RELEASE.jar:2.3.0.RELEASE]
	at org.springframework.boot.web.servlet.ServletContextInitializerBeans.addServletContextInitializerBeans(ServletContextInitializerBeans.java:96) ~[spring-boot-2.3.0.RELEASE.jar:2.3.0.RELEASE]
	at org.springframework.boot.web.servlet.ServletContextInitializerBeans.<init>(ServletContextInitializerBeans.java:85) ~[spring-boot-2.3.0.RELEASE.jar:2.3.0.RELEASE]
	at org.springframework.boot.web.servlet.context.ServletWebServerApplicationContext.getServletContextInitializerBeans(ServletWebServerApplicationContext.java:253) ~[spring-boot-2.3.0.RELEASE.jar:2.3.0.RELEASE]
	at org.springframework.boot.web.servlet.context.ServletWebServerApplicationContext.selfInitialize(ServletWebServerApplicationContext.java:227) ~[spring-boot-2.3.0.RELEASE.jar:2.3.0.RELEASE]
	at org.springframework.boot.web.embedded.tomcat.TomcatStarter.onStartup(TomcatStarter.java:53) ~[spring-boot-2.3.0.RELEASE.jar:2.3.0.RELEASE]
	at org.apache.catalina.core.StandardContext.startInternal(StandardContext.java:5136) ~[tomcat-embed-core-9.0.35.jar:9.0.35]
	at org.apache.catalina.util.LifecycleBase.start(LifecycleBase.java:183) ~[tomcat-embed-core-9.0.35.jar:9.0.35]
	at org.apache.catalina.core.ContainerBase$StartChild.call(ContainerBase.java:1384) ~[tomcat-embed-core-9.0.35.jar:9.0.35]
	at org.apache.catalina.core.ContainerBase$StartChild.call(ContainerBase.java:1374) ~[tomcat-embed-core-9.0.35.jar:9.0.35]
	at java.util.concurrent.FutureTask.run(FutureTask.java:264) ~[?:?]
	at org.apache.tomcat.util.threads.InlineExecutorService.execute(InlineExecutorService.java:75) ~[tomcat-embed-core-9.0.35.jar:9.0.35]
	at java.util.concurrent.AbstractExecutorService.submit(AbstractExecutorService.java:140) ~[?:?]
	at org.apache.catalina.core.ContainerBase.startInternal(ContainerBase.java:909) ~[tomcat-embed-core-9.0.35.jar:9.0.35]
	at org.apache.catalina.core.StandardHost.startInternal(StandardHost.java:841) ~[tomcat-embed-core-9.0.35.jar:9.0.35]
	at org.apache.catalina.util.LifecycleBase.start(LifecycleBase.java:183) ~[tomcat-embed-core-9.0.35.jar:9.0.35]
	at org.apache.catalina.core.ContainerBase$StartChild.call(ContainerBase.java:1384) ~[tomcat-embed-core-9.0.35.jar:9.0.35]
	at org.apache.catalina.core.ContainerBase$StartChild.call(ContainerBase.java:1374) ~[tomcat-embed-core-9.0.35.jar:9.0.35]
	at java.util.concurrent.FutureTask.run(FutureTask.java:264) ~[?:?]
	at org.apache.tomcat.util.threads.InlineExecutorService.execute(InlineExecutorService.java:75) ~[tomcat-embed-core-9.0.35.jar:9.0.35]
	at java.util.concurrent.AbstractExecutorService.submit(AbstractExecutorService.java:140) ~[?:?]
	at org.apache.catalina.core.ContainerBase.startInternal(ContainerBase.java:909) ~[tomcat-embed-core-9.0.35.jar:9.0.35]
	at org.apache.catalina.core.StandardEngine.startInternal(StandardEngine.java:262) ~[tomcat-embed-core-9.0.35.jar:9.0.35]
	at org.apache.catalina.util.LifecycleBase.start(LifecycleBase.java:183) ~[tomcat-embed-core-9.0.35.jar:9.0.35]
	at org.apache.catalina.core.StandardService.startInternal(StandardService.java:421) ~[tomcat-embed-core-9.0.35.jar:9.0.35]
	at org.apache.catalina.util.LifecycleBase.start(LifecycleBase.java:183) ~[tomcat-embed-core-9.0.35.jar:9.0.35]
	at org.apache.catalina.core.StandardServer.startInternal(StandardServer.java:930) ~[tomcat-embed-core-9.0.35.jar:9.0.35]
	at org.apache.catalina.util.LifecycleBase.start(LifecycleBase.java:183) ~[tomcat-embed-core-9.0.35.jar:9.0.35]
	at org.apache.catalina.startup.Tomcat.start(Tomcat.java:468) ~[tomcat-embed-core-9.0.35.jar:9.0.35]
	at org.springframework.boot.web.embedded.tomcat.TomcatWebServer.initialize(TomcatWebServer.java:123) ~[spring-boot-2.3.0.RELEASE.jar:2.3.0.RELEASE]
	at org.springframework.boot.web.embedded.tomcat.TomcatWebServer.<init>(TomcatWebServer.java:104) ~[spring-boot-2.3.0.RELEASE.jar:2.3.0.RELEASE]
	at org.springframework.boot.web.embedded.tomcat.TomcatServletWebServerFactory.getTomcatWebServer(TomcatServletWebServerFactory.java:437) ~[spring-boot-2.3.0.RELEASE.jar:2.3.0.RELEASE]
	at org.springframework.boot.web.embedded.tomcat.TomcatServletWebServerFactory.getWebServer(TomcatServletWebServerFactory.java:191) ~[spring-boot-2.3.0.RELEASE.jar:2.3.0.RELEASE]
	at org.springframework.boot.web.servlet.context.ServletWebServerApplicationContext.createWebServer(ServletWebServerApplicationContext.java:176) ~[spring-boot-2.3.0.RELEASE.jar:2.3.0.RELEASE]
	at org.springframework.boot.web.servlet.context.ServletWebServerApplicationContext.onRefresh(ServletWebServerApplicationContext.java:158) ~[spring-boot-2.3.0.RELEASE.jar:2.3.0.RELEASE]
	... 14 more
Caused by: org.springframework.beans.factory.BeanCreationException: Error creating bean with name 'liquibase' defined in class path resource [org/springframework/boot/autoconfigure/liquibase/LiquibaseAutoConfiguration$LiquibaseConfiguration.class]: Invocation of init method failed; nested exception is liquibase.exception.LiquibaseException: liquibase.exception.MigrationFailedException: Migration failed for changeset liquibase/dev/20260327071101_changelog.xml::1774595473501-1::Authentication:
     Reason: liquibase.exception.DatabaseException: Table 'db_mgr_category' already exists [Failed SQL: (1050) CREATE TABLE account_managerment.db_mgr_category (id BIGINT NOT NULL, name VARCHAR(255) NULL, `description` TEXT NULL, created_by VARCHAR(255) NOT NULL, created_date datetime NOT NULL, modified_by VARCHAR(255) NOT NULL, modified_date datetime NOT NULL, status INT NOT NULL, CONSTRAINT db_mgr_categoryPK PRIMARY KEY (id))]
	at org.springframework.beans.factory.support.AbstractAutowireCapableBeanFactory.initializeBean(AbstractAutowireCapableBeanFactory.java:1796) ~[spring-beans-5.2.6.RELEASE.jar:5.2.6.RELEASE]
	at org.springframework.beans.factory.support.AbstractAutowireCapableBeanFactory.doCreateBean(AbstractAutowireCapableBeanFactory.java:595) ~[spring-beans-5.2.6.RELEASE.jar:5.2.6.RELEASE]
	at org.springframework.beans.factory.support.AbstractAutowireCapableBeanFactory.createBean(AbstractAutowireCapableBeanFactory.java:517) ~[spring-beans-5.2.6.RELEASE.jar:5.2.6.RELEASE]
	at org.springframework.beans.factory.support.AbstractBeanFactory.lambda$doGetBean$0(AbstractBeanFactory.java:323) ~[spring-beans-5.2.6.RELEASE.jar:5.2.6.RELEASE]
	at org.springframework.beans.factory.support.DefaultSingletonBeanRegistry.getSingleton(DefaultSingletonBeanRegistry.java:226) ~[spring-beans-5.2.6.RELEASE.jar:5.2.6.RELEASE]
	at org.springframework.beans.factory.support.AbstractBeanFactory.doGetBean(AbstractBeanFactory.java:321) ~[spring-beans-5.2.6.RELEASE.jar:5.2.6.RELEASE]
	at org.springframework.beans.factory.support.AbstractBeanFactory.getBean(AbstractBeanFactory.java:202) ~[spring-beans-5.2.6.RELEASE.jar:5.2.6.RELEASE]
	at org.springframework.beans.factory.support.AbstractBeanFactory.doGetBean(AbstractBeanFactory.java:310) ~[spring-beans-5.2.6.RELEASE.jar:5.2.6.RELEASE]
	at org.springframework.beans.factory.support.AbstractBeanFactory.getBean(AbstractBeanFactory.java:227) ~[spring-beans-5.2.6.RELEASE.jar:5.2.6.RELEASE]
	at org.springframework.beans.factory.support.DefaultListableBeanFactory.resolveNamedBean(DefaultListableBeanFactory.java:1174) ~[spring-beans-5.2.6.RELEASE.jar:5.2.6.RELEASE]
	at org.springframework.beans.factory.support.DefaultListableBeanFactory.resolveBean(DefaultListableBeanFactory.java:422) ~[spring-beans-5.2.6.RELEASE.jar:5.2.6.RELEASE]
	at org.springframework.beans.factory.support.DefaultListableBeanFactory.getBean(DefaultListableBeanFactory.java:352) ~[spring-beans-5.2.6.RELEASE.jar:5.2.6.RELEASE]
	at org.springframework.beans.factory.support.DefaultListableBeanFactory.getBean(DefaultListableBeanFactory.java:345) ~[spring-beans-5.2.6.RELEASE.jar:5.2.6.RELEASE]
	at org.springframework.orm.jpa.EntityManagerFactoryUtils.findEntityManagerFactory(EntityManagerFactoryUtils.java:121) ~[spring-orm-5.2.6.RELEASE.jar:5.2.6.RELEASE]
	at org.springframework.orm.jpa.EntityManagerFactoryAccessor.setBeanFactory(EntityManagerFactoryAccessor.java:155) ~[spring-orm-5.2.6.RELEASE.jar:5.2.6.RELEASE]
	at org.springframework.beans.factory.support.AbstractAutowireCapableBeanFactory.invokeAwareMethods(AbstractAutowireCapableBeanFactory.java:1818) ~[spring-beans-5.2.6.RELEASE.jar:5.2.6.RELEASE]
	at org.springframework.beans.factory.support.AbstractAutowireCapableBeanFactory.initializeBean(AbstractAutowireCapableBeanFactory.java:1783) ~[spring-beans-5.2.6.RELEASE.jar:5.2.6.RELEASE]
	at org.springframework.beans.factory.support.AbstractAutowireCapableBeanFactory.doCreateBean(AbstractAutowireCapableBeanFactory.java:595) ~[spring-beans-5.2.6.RELEASE.jar:5.2.6.RELEASE]
	at org.springframework.beans.factory.support.AbstractAutowireCapableBeanFactory.createBean(AbstractAutowireCapableBeanFactory.java:517) ~[spring-beans-5.2.6.RELEASE.jar:5.2.6.RELEASE]
	at org.springframework.beans.factory.support.AbstractBeanFactory.lambda$doGetBean$0(AbstractBeanFactory.java:323) ~[spring-beans-5.2.6.RELEASE.jar:5.2.6.RELEASE]
	at org.springframework.beans.factory.support.DefaultSingletonBeanRegistry.getSingleton(DefaultSingletonBeanRegistry.java:226) ~[spring-beans-5.2.6.RELEASE.jar:5.2.6.RELEASE]
	at org.springframework.beans.factory.support.AbstractBeanFactory.doGetBean(AbstractBeanFactory.java:321) ~[spring-beans-5.2.6.RELEASE.jar:5.2.6.RELEASE]
	at org.springframework.beans.factory.support.AbstractBeanFactory.getBean(AbstractBeanFactory.java:202) ~[spring-beans-5.2.6.RELEASE.jar:5.2.6.RELEASE]
	at org.springframework.beans.factory.config.DependencyDescriptor.resolveCandidate(DependencyDescriptor.java:276) ~[spring-beans-5.2.6.RELEASE.jar:5.2.6.RELEASE]
	at org.springframework.beans.factory.support.DefaultListableBeanFactory.doResolveDependency(DefaultListableBeanFactory.java:1306) ~[spring-beans-5.2.6.RELEASE.jar:5.2.6.RELEASE]
	at org.springframework.beans.factory.support.DefaultListableBeanFactory.resolveDependency(DefaultListableBeanFactory.java:1226) ~[spring-beans-5.2.6.RELEASE.jar:5.2.6.RELEASE]
	at org.springframework.beans.factory.support.ConstructorResolver.resolveAutowiredArgument(ConstructorResolver.java:885) ~[spring-beans-5.2.6.RELEASE.jar:5.2.6.RELEASE]
	at org.springframework.beans.factory.support.ConstructorResolver.createArgumentArray(ConstructorResolver.java:789) ~[spring-beans-5.2.6.RELEASE.jar:5.2.6.RELEASE]
	at org.springframework.beans.factory.support.ConstructorResolver.instantiateUsingFactoryMethod(ConstructorResolver.java:539) ~[spring-beans-5.2.6.RELEASE.jar:5.2.6.RELEASE]
	at org.springframework.beans.factory.support.AbstractAutowireCapableBeanFactory.instantiateUsingFactoryMethod(AbstractAutowireCapableBeanFactory.java:1338) ~[spring-beans-5.2.6.RELEASE.jar:5.2.6.RELEASE]
	at org.springframework.beans.factory.support.AbstractAutowireCapableBeanFactory.createBeanInstance(AbstractAutowireCapableBeanFactory.java:1177) ~[spring-beans-5.2.6.RELEASE.jar:5.2.6.RELEASE]
	at org.springframework.beans.factory.support.AbstractAutowireCapableBeanFactory.doCreateBean(AbstractAutowireCapableBeanFactory.java:557) ~[spring-beans-5.2.6.RELEASE.jar:5.2.6.RELEASE]
	at org.springframework.beans.factory.support.AbstractAutowireCapableBeanFactory.createBean(AbstractAutowireCapableBeanFactory.java:517) ~[spring-beans-5.2.6.RELEASE.jar:5.2.6.RELEASE]
	at org.springframework.beans.factory.support.AbstractBeanFactory.lambda$doGetBean$0(AbstractBeanFactory.java:323) ~[spring-beans-5.2.6.RELEASE.jar:5.2.6.RELEASE]
	at org.springframework.beans.factory.support.DefaultSingletonBeanRegistry.getSingleton(DefaultSingletonBeanRegistry.java:226) ~[spring-beans-5.2.6.RELEASE.jar:5.2.6.RELEASE]
	at org.springframework.beans.factory.support.AbstractBeanFactory.doGetBean(AbstractBeanFactory.java:321) ~[spring-beans-5.2.6.RELEASE.jar:5.2.6.RELEASE]
	at org.springframework.beans.factory.support.AbstractBeanFactory.getBean(AbstractBeanFactory.java:202) ~[spring-beans-5.2.6.RELEASE.jar:5.2.6.RELEASE]
	at org.springframework.beans.factory.config.DependencyDescriptor.resolveCandidate(DependencyDescriptor.java:276) ~[spring-beans-5.2.6.RELEASE.jar:5.2.6.RELEASE]
	at org.springframework.beans.factory.support.DefaultListableBeanFactory.addCandidateEntry(DefaultListableBeanFactory.java:1524) ~[spring-beans-5.2.6.RELEASE.jar:5.2.6.RELEASE]
	at org.springframework.beans.factory.support.DefaultListableBeanFactory.findAutowireCandidates(DefaultListableBeanFactory.java:1488) ~[spring-beans-5.2.6.RELEASE.jar:5.2.6.RELEASE]
	at org.springframework.beans.factory.support.DefaultListableBeanFactory.resolveMultipleBeans(DefaultListableBeanFactory.java:1377) ~[spring-beans-5.2.6.RELEASE.jar:5.2.6.RELEASE]
	at org.springframework.beans.factory.support.DefaultListableBeanFactory.doResolveDependency(DefaultListableBeanFactory.java:1264) ~[spring-beans-5.2.6.RELEASE.jar:5.2.6.RELEASE]
	at org.springframework.beans.factory.support.DefaultListableBeanFactory.resolveDependency(DefaultListableBeanFactory.java:1226) ~[spring-beans-5.2.6.RELEASE.jar:5.2.6.RELEASE]
	at org.springframework.beans.factory.annotation.AutowiredAnnotationBeanPostProcessor$AutowiredMethodElement.inject(AutowiredAnnotationBeanPostProcessor.java:715) ~[spring-beans-5.2.6.RELEASE.jar:5.2.6.RELEASE]
	at org.springframework.beans.factory.annotation.InjectionMetadata.inject(InjectionMetadata.java:130) ~[spring-beans-5.2.6.RELEASE.jar:5.2.6.RELEASE]
	at org.springframework.beans.factory.annotation.AutowiredAnnotationBeanPostProcessor.postProcessProperties(AutowiredAnnotationBeanPostProcessor.java:399) ~[spring-beans-5.2.6.RELEASE.jar:5.2.6.RELEASE]
	at org.springframework.beans.factory.support.AbstractAutowireCapableBeanFactory.populateBean(AbstractAutowireCapableBeanFactory.java:1422) ~[spring-beans-5.2.6.RELEASE.jar:5.2.6.RELEASE]
	at org.springframework.beans.factory.support.AbstractAutowireCapableBeanFactory.doCreateBean(AbstractAutowireCapableBeanFactory.java:594) ~[spring-beans-5.2.6.RELEASE.jar:5.2.6.RELEASE]
	at org.springframework.beans.factory.support.AbstractAutowireCapableBeanFactory.createBean(AbstractAutowireCapableBeanFactory.java:517) ~[spring-beans-5.2.6.RELEASE.jar:5.2.6.RELEASE]
	at org.springframework.beans.factory.support.AbstractBeanFactory.lambda$doGetBean$0(AbstractBeanFactory.java:323) ~[spring-beans-5.2.6.RELEASE.jar:5.2.6.RELEASE]
	at org.springframework.beans.factory.support.DefaultSingletonBeanRegistry.getSingleton(DefaultSingletonBeanRegistry.java:226) ~[spring-beans-5.2.6.RELEASE.jar:5.2.6.RELEASE]
	at org.springframework.beans.factory.support.AbstractBeanFactory.doGetBean(AbstractBeanFactory.java:321) ~[spring-beans-5.2.6.RELEASE.jar:5.2.6.RELEASE]
	at org.springframework.beans.factory.support.AbstractBeanFactory.getBean(AbstractBeanFactory.java:202) ~[spring-beans-5.2.6.RELEASE.jar:5.2.6.RELEASE]
	at org.springframework.beans.factory.support.ConstructorResolver.instantiateUsingFactoryMethod(ConstructorResolver.java:409) ~[spring-beans-5.2.6.RELEASE.jar:5.2.6.RELEASE]
	at org.springframework.beans.factory.support.AbstractAutowireCapableBeanFactory.instantiateUsingFactoryMethod(AbstractAutowireCapableBeanFactory.java:1338) ~[spring-beans-5.2.6.RELEASE.jar:5.2.6.RELEASE]
	at org.springframework.beans.factory.support.AbstractAutowireCapableBeanFactory.createBeanInstance(AbstractAutowireCapableBeanFactory.java:1177) ~[spring-beans-5.2.6.RELEASE.jar:5.2.6.RELEASE]
	at org.springframework.beans.factory.support.AbstractAutowireCapableBeanFactory.doCreateBean(AbstractAutowireCapableBeanFactory.java:557) ~[spring-beans-5.2.6.RELEASE.jar:5.2.6.RELEASE]
	at org.springframework.beans.factory.support.AbstractAutowireCapableBeanFactory.createBean(AbstractAutowireCapableBeanFactory.java:517) ~[spring-beans-5.2.6.RELEASE.jar:5.2.6.RELEASE]
	at org.springframework.beans.factory.support.AbstractBeanFactory.lambda$doGetBean$0(AbstractBeanFactory.java:323) ~[spring-beans-5.2.6.RELEASE.jar:5.2.6.RELEASE]
	at org.springframework.beans.factory.support.DefaultSingletonBeanRegistry.getSingleton(DefaultSingletonBeanRegistry.java:226) ~[spring-beans-5.2.6.RELEASE.jar:5.2.6.RELEASE]
	at org.springframework.beans.factory.support.AbstractBeanFactory.doGetBean(AbstractBeanFactory.java:321) ~[spring-beans-5.2.6.RELEASE.jar:5.2.6.RELEASE]
	at org.springframework.beans.factory.support.AbstractBeanFactory.getBean(AbstractBeanFactory.java:202) ~[spring-beans-5.2.6.RELEASE.jar:5.2.6.RELEASE]
	at org.springframework.beans.factory.config.DependencyDescriptor.resolveCandidate(DependencyDescriptor.java:276) ~[spring-beans-5.2.6.RELEASE.jar:5.2.6.RELEASE]
	at org.springframework.beans.factory.support.DefaultListableBeanFactory.doResolveDependency(DefaultListableBeanFactory.java:1306) ~[spring-beans-5.2.6.RELEASE.jar:5.2.6.RELEASE]
	at org.springframework.beans.factory.support.DefaultListableBeanFactory.resolveDependency(DefaultListableBeanFactory.java:1226) ~[spring-beans-5.2.6.RELEASE.jar:5.2.6.RELEASE]
	at org.springframework.beans.factory.annotation.AutowiredAnnotationBeanPostProcessor$AutowiredMethodElement.inject(AutowiredAnnotationBeanPostProcessor.java:715) ~[spring-beans-5.2.6.RELEASE.jar:5.2.6.RELEASE]
	at org.springframework.beans.factory.annotation.InjectionMetadata.inject(InjectionMetadata.java:130) ~[spring-beans-5.2.6.RELEASE.jar:5.2.6.RELEASE]
	at org.springframework.beans.factory.annotation.AutowiredAnnotationBeanPostProcessor.postProcessProperties(AutowiredAnnotationBeanPostProcessor.java:399) ~[spring-beans-5.2.6.RELEASE.jar:5.2.6.RELEASE]
	at org.springframework.beans.factory.support.AbstractAutowireCapableBeanFactory.populateBean(AbstractAutowireCapableBeanFactory.java:1422) ~[spring-beans-5.2.6.RELEASE.jar:5.2.6.RELEASE]
	at org.springframework.beans.factory.support.AbstractAutowireCapableBeanFactory.doCreateBean(AbstractAutowireCapableBeanFactory.java:594) ~[spring-beans-5.2.6.RELEASE.jar:5.2.6.RELEASE]
	at org.springframework.beans.factory.support.AbstractAutowireCapableBeanFactory.createBean(AbstractAutowireCapableBeanFactory.java:517) ~[spring-beans-5.2.6.RELEASE.jar:5.2.6.RELEASE]
	at org.springframework.beans.factory.support.AbstractBeanFactory.lambda$doGetBean$0(AbstractBeanFactory.java:323) ~[spring-beans-5.2.6.RELEASE.jar:5.2.6.RELEASE]
	at org.springframework.beans.factory.support.DefaultSingletonBeanRegistry.getSingleton(DefaultSingletonBeanRegistry.java:226) ~[spring-beans-5.2.6.RELEASE.jar:5.2.6.RELEASE]
	at org.springframework.beans.factory.support.AbstractBeanFactory.doGetBean(AbstractBeanFactory.java:321) ~[spring-beans-5.2.6.RELEASE.jar:5.2.6.RELEASE]
	at org.springframework.beans.factory.support.AbstractBeanFactory.getBean(AbstractBeanFactory.java:202) ~[spring-beans-5.2.6.RELEASE.jar:5.2.6.RELEASE]
	at org.springframework.beans.factory.support.ConstructorResolver.instantiateUsingFactoryMethod(ConstructorResolver.java:409) ~[spring-beans-5.2.6.RELEASE.jar:5.2.6.RELEASE]
	at org.springframework.beans.factory.support.AbstractAutowireCapableBeanFactory.instantiateUsingFactoryMethod(AbstractAutowireCapableBeanFactory.java:1338) ~[spring-beans-5.2.6.RELEASE.jar:5.2.6.RELEASE]
	at org.springframework.beans.factory.support.AbstractAutowireCapableBeanFactory.createBeanInstance(AbstractAutowireCapableBeanFactory.java:1177) ~[spring-beans-5.2.6.RELEASE.jar:5.2.6.RELEASE]
	at org.springframework.beans.factory.support.AbstractAutowireCapableBeanFactory.doCreateBean(AbstractAutowireCapableBeanFactory.java:557) ~[spring-beans-5.2.6.RELEASE.jar:5.2.6.RELEASE]
	at org.springframework.beans.factory.support.AbstractAutowireCapableBeanFactory.createBean(AbstractAutowireCapableBeanFactory.java:517) ~[spring-beans-5.2.6.RELEASE.jar:5.2.6.RELEASE]
	at org.springframework.beans.factory.support.AbstractBeanFactory.lambda$doGetBean$0(AbstractBeanFactory.java:323) ~[spring-beans-5.2.6.RELEASE.jar:5.2.6.RELEASE]
	at org.springframework.beans.factory.support.DefaultSingletonBeanRegistry.getSingleton(DefaultSingletonBeanRegistry.java:226) ~[spring-beans-5.2.6.RELEASE.jar:5.2.6.RELEASE]
	at org.springframework.beans.factory.support.AbstractBeanFactory.doGetBean(AbstractBeanFactory.java:321) ~[spring-beans-5.2.6.RELEASE.jar:5.2.6.RELEASE]
	at org.springframework.beans.factory.support.AbstractBeanFactory.getBean(AbstractBeanFactory.java:207) ~[spring-beans-5.2.6.RELEASE.jar:5.2.6.RELEASE]
	at org.springframework.boot.web.servlet.ServletContextInitializerBeans.getOrderedBeansOfType(ServletContextInitializerBeans.java:211) ~[spring-boot-2.3.0.RELEASE.jar:2.3.0.RELEASE]
	at org.springframework.boot.web.servlet.ServletContextInitializerBeans.getOrderedBeansOfType(ServletContextInitializerBeans.java:202) ~[spring-boot-2.3.0.RELEASE.jar:2.3.0.RELEASE]
	at org.springframework.boot.web.servlet.ServletContextInitializerBeans.addServletContextInitializerBeans(ServletContextInitializerBeans.java:96) ~[spring-boot-2.3.0.RELEASE.jar:2.3.0.RELEASE]
	at org.springframework.boot.web.servlet.ServletContextInitializerBeans.<init>(ServletContextInitializerBeans.java:85) ~[spring-boot-2.3.0.RELEASE.jar:2.3.0.RELEASE]
	at org.springframework.boot.web.servlet.context.ServletWebServerApplicationContext.getServletContextInitializerBeans(ServletWebServerApplicationContext.java:253) ~[spring-boot-2.3.0.RELEASE.jar:2.3.0.RELEASE]
	at org.springframework.boot.web.servlet.context.ServletWebServerApplicationContext.selfInitialize(ServletWebServerApplicationContext.java:227) ~[spring-boot-2.3.0.RELEASE.jar:2.3.0.RELEASE]
	at org.springframework.boot.web.embedded.tomcat.TomcatStarter.onStartup(TomcatStarter.java:53) ~[spring-boot-2.3.0.RELEASE.jar:2.3.0.RELEASE]
	at org.apache.catalina.core.StandardContext.startInternal(StandardContext.java:5136) ~[tomcat-embed-core-9.0.35.jar:9.0.35]
	at org.apache.catalina.util.LifecycleBase.start(LifecycleBase.java:183) ~[tomcat-embed-core-9.0.35.jar:9.0.35]
	at org.apache.catalina.core.ContainerBase$StartChild.call(ContainerBase.java:1384) ~[tomcat-embed-core-9.0.35.jar:9.0.35]
	at org.apache.catalina.core.ContainerBase$StartChild.call(ContainerBase.java:1374) ~[tomcat-embed-core-9.0.35.jar:9.0.35]
	at java.util.concurrent.FutureTask.run(FutureTask.java:264) ~[?:?]
	at org.apache.tomcat.util.threads.InlineExecutorService.execute(InlineExecutorService.java:75) ~[tomcat-embed-core-9.0.35.jar:9.0.35]
	at java.util.concurrent.AbstractExecutorService.submit(AbstractExecutorService.java:140) ~[?:?]
	at org.apache.catalina.core.ContainerBase.startInternal(ContainerBase.java:909) ~[tomcat-embed-core-9.0.35.jar:9.0.35]
	at org.apache.catalina.core.StandardHost.startInternal(StandardHost.java:841) ~[tomcat-embed-core-9.0.35.jar:9.0.35]
	at org.apache.catalina.util.LifecycleBase.start(LifecycleBase.java:183) ~[tomcat-embed-core-9.0.35.jar:9.0.35]
	at org.apache.catalina.core.ContainerBase$StartChild.call(ContainerBase.java:1384) ~[tomcat-embed-core-9.0.35.jar:9.0.35]
	at org.apache.catalina.core.ContainerBase$StartChild.call(ContainerBase.java:1374) ~[tomcat-embed-core-9.0.35.jar:9.0.35]
	at java.util.concurrent.FutureTask.run(FutureTask.java:264) ~[?:?]
	at org.apache.tomcat.util.threads.InlineExecutorService.execute(InlineExecutorService.java:75) ~[tomcat-embed-core-9.0.35.jar:9.0.35]
	at java.util.concurrent.AbstractExecutorService.submit(AbstractExecutorService.java:140) ~[?:?]
	at org.apache.catalina.core.ContainerBase.startInternal(ContainerBase.java:909) ~[tomcat-embed-core-9.0.35.jar:9.0.35]
	at org.apache.catalina.core.StandardEngine.startInternal(StandardEngine.java:262) ~[tomcat-embed-core-9.0.35.jar:9.0.35]
	at org.apache.catalina.util.LifecycleBase.start(LifecycleBase.java:183) ~[tomcat-embed-core-9.0.35.jar:9.0.35]
	at org.apache.catalina.core.StandardService.startInternal(StandardService.java:421) ~[tomcat-embed-core-9.0.35.jar:9.0.35]
	at org.apache.catalina.util.LifecycleBase.start(LifecycleBase.java:183) ~[tomcat-embed-core-9.0.35.jar:9.0.35]
	at org.apache.catalina.core.StandardServer.startInternal(StandardServer.java:930) ~[tomcat-embed-core-9.0.35.jar:9.0.35]
	at org.apache.catalina.util.LifecycleBase.start(LifecycleBase.java:183) ~[tomcat-embed-core-9.0.35.jar:9.0.35]
	at org.apache.catalina.startup.Tomcat.start(Tomcat.java:468) ~[tomcat-embed-core-9.0.35.jar:9.0.35]
	at org.springframework.boot.web.embedded.tomcat.TomcatWebServer.initialize(TomcatWebServer.java:123) ~[spring-boot-2.3.0.RELEASE.jar:2.3.0.RELEASE]
	at org.springframework.boot.web.embedded.tomcat.TomcatWebServer.<init>(TomcatWebServer.java:104) ~[spring-boot-2.3.0.RELEASE.jar:2.3.0.RELEASE]
	at org.springframework.boot.web.embedded.tomcat.TomcatServletWebServerFactory.getTomcatWebServer(TomcatServletWebServerFactory.java:437) ~[spring-boot-2.3.0.RELEASE.jar:2.3.0.RELEASE]
	at org.springframework.boot.web.embedded.tomcat.TomcatServletWebServerFactory.getWebServer(TomcatServletWebServerFactory.java:191) ~[spring-boot-2.3.0.RELEASE.jar:2.3.0.RELEASE]
	at org.springframework.boot.web.servlet.context.ServletWebServerApplicationContext.createWebServer(ServletWebServerApplicationContext.java:176) ~[spring-boot-2.3.0.RELEASE.jar:2.3.0.RELEASE]
	at org.springframework.boot.web.servlet.context.ServletWebServerApplicationContext.onRefresh(ServletWebServerApplicationContext.java:158) ~[spring-boot-2.3.0.RELEASE.jar:2.3.0.RELEASE]
	... 14 more
Caused by: liquibase.exception.LiquibaseException: liquibase.exception.MigrationFailedException: Migration failed for changeset liquibase/dev/20260327071101_changelog.xml::1774595473501-1::Authentication:
     Reason: liquibase.exception.DatabaseException: Table 'db_mgr_category' already exists [Failed SQL: (1050) CREATE TABLE account_managerment.db_mgr_category (id BIGINT NOT NULL, name VARCHAR(255) NULL, `description` TEXT NULL, created_by VARCHAR(255) NOT NULL, created_date datetime NOT NULL, modified_by VARCHAR(255) NOT NULL, modified_date datetime NOT NULL, status INT NOT NULL, CONSTRAINT db_mgr_categoryPK PRIMARY KEY (id))]
	at liquibase.changelog.ChangeLogIterator.run(ChangeLogIterator.java:127) ~[liquibase-core-4.19.0.jar:?]
	at liquibase.Liquibase.lambda$null$0(Liquibase.java:291) ~[liquibase-core-4.19.0.jar:?]
	at liquibase.Scope.lambda$child$0(Scope.java:180) ~[liquibase-core-4.19.0.jar:?]
	at liquibase.Scope.child(Scope.java:189) ~[liquibase-core-4.19.0.jar:?]
	at liquibase.Scope.child(Scope.java:179) ~[liquibase-core-4.19.0.jar:?]
	at liquibase.Scope.child(Scope.java:158) ~[liquibase-core-4.19.0.jar:?]
	at liquibase.Scope.child(Scope.java:243) ~[liquibase-core-4.19.0.jar:?]
	at liquibase.Liquibase.lambda$update$1(Liquibase.java:290) ~[liquibase-core-4.19.0.jar:?]
	at liquibase.Scope.lambda$child$0(Scope.java:180) ~[liquibase-core-4.19.0.jar:?]
	at liquibase.Scope.child(Scope.java:189) ~[liquibase-core-4.19.0.jar:?]
	at liquibase.Scope.child(Scope.java:179) ~[liquibase-core-4.19.0.jar:?]
	at liquibase.Scope.child(Scope.java:158) ~[liquibase-core-4.19.0.jar:?]
	at liquibase.Liquibase.runInScope(Liquibase.java:2431) ~[liquibase-core-4.19.0.jar:?]
	at liquibase.Liquibase.update(Liquibase.java:237) ~[liquibase-core-4.19.0.jar:?]
	at liquibase.Liquibase.update(Liquibase.java:222) ~[liquibase-core-4.19.0.jar:?]
	at liquibase.integration.spring.SpringLiquibase.performUpdate(SpringLiquibase.java:328) ~[liquibase-core-4.19.0.jar:?]
	at liquibase.integration.spring.SpringLiquibase.afterPropertiesSet(SpringLiquibase.java:283) ~[liquibase-core-4.19.0.jar:?]
	at org.springframework.beans.factory.support.AbstractAutowireCapableBeanFactory.invokeInitMethods(AbstractAutowireCapableBeanFactory.java:1855) ~[spring-beans-5.2.6.RELEASE.jar:5.2.6.RELEASE]
	at org.springframework.beans.factory.support.AbstractAutowireCapableBeanFactory.initializeBean(AbstractAutowireCapableBeanFactory.java:1792) ~[spring-beans-5.2.6.RELEASE.jar:5.2.6.RELEASE]
	at org.springframework.beans.factory.support.AbstractAutowireCapableBeanFactory.doCreateBean(AbstractAutowireCapableBeanFactory.java:595) ~[spring-beans-5.2.6.RELEASE.jar:5.2.6.RELEASE]
	at org.springframework.beans.factory.support.AbstractAutowireCapableBeanFactory.createBean(AbstractAutowireCapableBeanFactory.java:517) ~[spring-beans-5.2.6.RELEASE.jar:5.2.6.RELEASE]
	at org.springframework.beans.factory.support.AbstractBeanFactory.lambda$doGetBean$0(AbstractBeanFactory.java:323) ~[spring-beans-5.2.6.RELEASE.jar:5.2.6.RELEASE]
	at org.springframework.beans.factory.support.DefaultSingletonBeanRegistry.getSingleton(DefaultSingletonBeanRegistry.java:226) ~[spring-beans-5.2.6.RELEASE.jar:5.2.6.RELEASE]
	at org.springframework.beans.factory.support.AbstractBeanFactory.doGetBean(AbstractBeanFactory.java:321) ~[spring-beans-5.2.6.RELEASE.jar:5.2.6.RELEASE]
	at org.springframework.beans.factory.support.AbstractBeanFactory.getBean(AbstractBeanFactory.java:202) ~[spring-beans-5.2.6.RELEASE.jar:5.2.6.RELEASE]
	at org.springframework.beans.factory.support.AbstractBeanFactory.doGetBean(AbstractBeanFactory.java:310) ~[spring-beans-5.2.6.RELEASE.jar:5.2.6.RELEASE]
	at org.springframework.beans.factory.support.AbstractBeanFactory.getBean(AbstractBeanFactory.java:227) ~[spring-beans-5.2.6.RELEASE.jar:5.2.6.RELEASE]
	at org.springframework.beans.factory.support.DefaultListableBeanFactory.resolveNamedBean(DefaultListableBeanFactory.java:1174) ~[spring-beans-5.2.6.RELEASE.jar:5.2.6.RELEASE]
	at org.springframework.beans.factory.support.DefaultListableBeanFactory.resolveBean(DefaultListableBeanFactory.java:422) ~[spring-beans-5.2.6.RELEASE.jar:5.2.6.RELEASE]
	at org.springframework.beans.factory.support.DefaultListableBeanFactory.getBean(DefaultListableBeanFactory.java:352) ~[spring-beans-5.2.6.RELEASE.jar:5.2.6.RELEASE]
	at org.springframework.beans.factory.support.DefaultListableBeanFactory.getBean(DefaultListableBeanFactory.java:345) ~[spring-beans-5.2.6.RELEASE.jar:5.2.6.RELEASE]
	at org.springframework.orm.jpa.EntityManagerFactoryUtils.findEntityManagerFactory(EntityManagerFactoryUtils.java:121) ~[spring-orm-5.2.6.RELEASE.jar:5.2.6.RELEASE]
	at org.springframework.orm.jpa.EntityManagerFactoryAccessor.setBeanFactory(EntityManagerFactoryAccessor.java:155) ~[spring-orm-5.2.6.RELEASE.jar:5.2.6.RELEASE]
	at org.springframework.beans.factory.support.AbstractAutowireCapableBeanFactory.invokeAwareMethods(AbstractAutowireCapableBeanFactory.java:1818) ~[spring-beans-5.2.6.RELEASE.jar:5.2.6.RELEASE]
	at org.springframework.beans.factory.support.AbstractAutowireCapableBeanFactory.initializeBean(AbstractAutowireCapableBeanFactory.java:1783) ~[spring-beans-5.2.6.RELEASE.jar:5.2.6.RELEASE]
	at org.springframework.beans.factory.support.AbstractAutowireCapableBeanFactory.doCreateBean(AbstractAutowireCapableBeanFactory.java:595) ~[spring-beans-5.2.6.RELEASE.jar:5.2.6.RELEASE]
	at org.springframework.beans.factory.support.AbstractAutowireCapableBeanFactory.createBean(AbstractAutowireCapableBeanFactory.java:517) ~[spring-beans-5.2.6.RELEASE.jar:5.2.6.RELEASE]
	at org.springframework.beans.factory.support.AbstractBeanFactory.lambda$doGetBean$0(AbstractBeanFactory.java:323) ~[spring-beans-5.2.6.RELEASE.jar:5.2.6.RELEASE]
	at org.springframework.beans.factory.support.DefaultSingletonBeanRegistry.getSingleton(DefaultSingletonBeanRegistry.java:226) ~[spring-beans-5.2.6.RELEASE.jar:5.2.6.RELEASE]
	at org.springframework.beans.factory.support.AbstractBeanFactory.doGetBean(AbstractBeanFactory.java:321) ~[spring-beans-5.2.6.RELEASE.jar:5.2.6.RELEASE]
	at org.springframework.beans.factory.support.AbstractBeanFactory.getBean(AbstractBeanFactory.java:202) ~[spring-beans-5.2.6.RELEASE.jar:5.2.6.RELEASE]
	at org.springframework.beans.factory.config.DependencyDescriptor.resolveCandidate(DependencyDescriptor.java:276) ~[spring-beans-5.2.6.RELEASE.jar:5.2.6.RELEASE]
	at org.springframework.beans.factory.support.DefaultListableBeanFactory.doResolveDependency(DefaultListableBeanFactory.java:1306) ~[spring-beans-5.2.6.RELEASE.jar:5.2.6.RELEASE]
	at org.springframework.beans.factory.support.DefaultListableBeanFactory.resolveDependency(DefaultListableBeanFactory.java:1226) ~[spring-beans-5.2.6.RELEASE.jar:5.2.6.RELEASE]
	at org.springframework.beans.factory.support.ConstructorResolver.resolveAutowiredArgument(ConstructorResolver.java:885) ~[spring-beans-5.2.6.RELEASE.jar:5.2.6.RELEASE]
	at org.springframework.beans.factory.support.ConstructorResolver.createArgumentArray(ConstructorResolver.java:789) ~[spring-beans-5.2.6.RELEASE.jar:5.2.6.RELEASE]
	at org.springframework.beans.factory.support.ConstructorResolver.instantiateUsingFactoryMethod(ConstructorResolver.java:539) ~[spring-beans-5.2.6.RELEASE.jar:5.2.6.RELEASE]
	at org.springframework.beans.factory.support.AbstractAutowireCapableBeanFactory.instantiateUsingFactoryMethod(AbstractAutowireCapableBeanFactory.java:1338) ~[spring-beans-5.2.6.RELEASE.jar:5.2.6.RELEASE]
	at org.springframework.beans.factory.support.AbstractAutowireCapableBeanFactory.createBeanInstance(AbstractAutowireCapableBeanFactory.java:1177) ~[spring-beans-5.2.6.RELEASE.jar:5.2.6.RELEASE]
	at org.springframework.beans.factory.support.AbstractAutowireCapableBeanFactory.doCreateBean(AbstractAutowireCapableBeanFactory.java:557) ~[spring-beans-5.2.6.RELEASE.jar:5.2.6.RELEASE]
	at org.springframework.beans.factory.support.AbstractAutowireCapableBeanFactory.createBean(AbstractAutowireCapableBeanFactory.java:517) ~[spring-beans-5.2.6.RELEASE.jar:5.2.6.RELEASE]
	at org.springframework.beans.factory.support.AbstractBeanFactory.lambda$doGetBean$0(AbstractBeanFactory.java:323) ~[spring-beans-5.2.6.RELEASE.jar:5.2.6.RELEASE]
	at org.springframework.beans.factory.support.DefaultSingletonBeanRegistry.getSingleton(DefaultSingletonBeanRegistry.java:226) ~[spring-beans-5.2.6.RELEASE.jar:5.2.6.RELEASE]
	at org.springframework.beans.factory.support.AbstractBeanFactory.doGetBean(AbstractBeanFactory.java:321) ~[spring-beans-5.2.6.RELEASE.jar:5.2.6.RELEASE]
	at org.springframework.beans.factory.support.AbstractBeanFactory.getBean(AbstractBeanFactory.java:202) ~[spring-beans-5.2.6.RELEASE.jar:5.2.6.RELEASE]
	at org.springframework.beans.factory.config.DependencyDescriptor.resolveCandidate(DependencyDescriptor.java:276) ~[spring-beans-5.2.6.RELEASE.jar:5.2.6.RELEASE]
	at org.springframework.beans.factory.support.DefaultListableBeanFactory.addCandidateEntry(DefaultListableBeanFactory.java:1524) ~[spring-beans-5.2.6.RELEASE.jar:5.2.6.RELEASE]
	at org.springframework.beans.factory.support.DefaultListableBeanFactory.findAutowireCandidates(DefaultListableBeanFactory.java:1488) ~[spring-beans-5.2.6.RELEASE.jar:5.2.6.RELEASE]
	at org.springframework.beans.factory.support.DefaultListableBeanFactory.resolveMultipleBeans(DefaultListableBeanFactory.java:1377) ~[spring-beans-5.2.6.RELEASE.jar:5.2.6.RELEASE]
	at org.springframework.beans.factory.support.DefaultListableBeanFactory.doResolveDependency(DefaultListableBeanFactory.java:1264) ~[spring-beans-5.2.6.RELEASE.jar:5.2.6.RELEASE]
	at org.springframework.beans.factory.support.DefaultListableBeanFactory.resolveDependency(DefaultListableBeanFactory.java:1226) ~[spring-beans-5.2.6.RELEASE.jar:5.2.6.RELEASE]
	at org.springframework.beans.factory.annotation.AutowiredAnnotationBeanPostProcessor$AutowiredMethodElement.inject(AutowiredAnnotationBeanPostProcessor.java:715) ~[spring-beans-5.2.6.RELEASE.jar:5.2.6.RELEASE]
	at org.springframework.beans.factory.annotation.InjectionMetadata.inject(InjectionMetadata.java:130) ~[spring-beans-5.2.6.RELEASE.jar:5.2.6.RELEASE]
	at org.springframework.beans.factory.annotation.AutowiredAnnotationBeanPostProcessor.postProcessProperties(AutowiredAnnotationBeanPostProcessor.java:399) ~[spring-beans-5.2.6.RELEASE.jar:5.2.6.RELEASE]
	at org.springframework.beans.factory.support.AbstractAutowireCapableBeanFactory.populateBean(AbstractAutowireCapableBeanFactory.java:1422) ~[spring-beans-5.2.6.RELEASE.jar:5.2.6.RELEASE]
	at org.springframework.beans.factory.support.AbstractAutowireCapableBeanFactory.doCreateBean(AbstractAutowireCapableBeanFactory.java:594) ~[spring-beans-5.2.6.RELEASE.jar:5.2.6.RELEASE]
	at org.springframework.beans.factory.support.AbstractAutowireCapableBeanFactory.createBean(AbstractAutowireCapableBeanFactory.java:517) ~[spring-beans-5.2.6.RELEASE.jar:5.2.6.RELEASE]
	at org.springframework.beans.factory.support.AbstractBeanFactory.lambda$doGetBean$0(AbstractBeanFactory.java:323) ~[spring-beans-5.2.6.RELEASE.jar:5.2.6.RELEASE]
	at org.springframework.beans.factory.support.DefaultSingletonBeanRegistry.getSingleton(DefaultSingletonBeanRegistry.java:226) ~[spring-beans-5.2.6.RELEASE.jar:5.2.6.RELEASE]
	at org.springframework.beans.factory.support.AbstractBeanFactory.doGetBean(AbstractBeanFactory.java:321) ~[spring-beans-5.2.6.RELEASE.jar:5.2.6.RELEASE]
	at org.springframework.beans.factory.support.AbstractBeanFactory.getBean(AbstractBeanFactory.java:202) ~[spring-beans-5.2.6.RELEASE.jar:5.2.6.RELEASE]
	at org.springframework.beans.factory.support.ConstructorResolver.instantiateUsingFactoryMethod(ConstructorResolver.java:409) ~[spring-beans-5.2.6.RELEASE.jar:5.2.6.RELEASE]
	at org.springframework.beans.factory.support.AbstractAutowireCapableBeanFactory.instantiateUsingFactoryMethod(AbstractAutowireCapableBeanFactory.java:1338) ~[spring-beans-5.2.6.RELEASE.jar:5.2.6.RELEASE]
	at org.springframework.beans.factory.support.AbstractAutowireCapableBeanFactory.createBeanInstance(AbstractAutowireCapableBeanFactory.java:1177) ~[spring-beans-5.2.6.RELEASE.jar:5.2.6.RELEASE]
	at org.springframework.beans.factory.support.AbstractAutowireCapableBeanFactory.doCreateBean(AbstractAutowireCapableBeanFactory.java:557) ~[spring-beans-5.2.6.RELEASE.jar:5.2.6.RELEASE]
	at org.springframework.beans.factory.support.AbstractAutowireCapableBeanFactory.createBean(AbstractAutowireCapableBeanFactory.java:517) ~[spring-beans-5.2.6.RELEASE.jar:5.2.6.RELEASE]
	at org.springframework.beans.factory.support.AbstractBeanFactory.lambda$doGetBean$0(AbstractBeanFactory.java:323) ~[spring-beans-5.2.6.RELEASE.jar:5.2.6.RELEASE]
	at org.springframework.beans.factory.support.DefaultSingletonBeanRegistry.getSingleton(DefaultSingletonBeanRegistry.java:226) ~[spring-beans-5.2.6.RELEASE.jar:5.2.6.RELEASE]
	at org.springframework.beans.factory.support.AbstractBeanFactory.doGetBean(AbstractBeanFactory.java:321) ~[spring-beans-5.2.6.RELEASE.jar:5.2.6.RELEASE]
	at org.springframework.beans.factory.support.AbstractBeanFactory.getBean(AbstractBeanFactory.java:202) ~[spring-beans-5.2.6.RELEASE.jar:5.2.6.RELEASE]
	at org.springframework.beans.factory.config.DependencyDescriptor.resolveCandidate(DependencyDescriptor.java:276) ~[spring-beans-5.2.6.RELEASE.jar:5.2.6.RELEASE]
	at org.springframework.beans.factory.support.DefaultListableBeanFactory.doResolveDependency(DefaultListableBeanFactory.java:1306) ~[spring-beans-5.2.6.RELEASE.jar:5.2.6.RELEASE]
	at org.springframework.beans.factory.support.DefaultListableBeanFactory.resolveDependency(DefaultListableBeanFactory.java:1226) ~[spring-beans-5.2.6.RELEASE.jar:5.2.6.RELEASE]
	at org.springframework.beans.factory.annotation.AutowiredAnnotationBeanPostProcessor$AutowiredMethodElement.inject(AutowiredAnnotationBeanPostProcessor.java:715) ~[spring-beans-5.2.6.RELEASE.jar:5.2.6.RELEASE]
	at org.springframework.beans.factory.annotation.InjectionMetadata.inject(InjectionMetadata.java:130) ~[spring-beans-5.2.6.RELEASE.jar:5.2.6.RELEASE]
	at org.springframework.beans.factory.annotation.AutowiredAnnotationBeanPostProcessor.postProcessProperties(AutowiredAnnotationBeanPostProcessor.java:399) ~[spring-beans-5.2.6.RELEASE.jar:5.2.6.RELEASE]
	at org.springframework.beans.factory.support.AbstractAutowireCapableBeanFactory.populateBean(AbstractAutowireCapableBeanFactory.java:1422) ~[spring-beans-5.2.6.RELEASE.jar:5.2.6.RELEASE]
	at org.springframework.beans.factory.support.AbstractAutowireCapableBeanFactory.doCreateBean(AbstractAutowireCapableBeanFactory.java:594) ~[spring-beans-5.2.6.RELEASE.jar:5.2.6.RELEASE]
	at org.springframework.beans.factory.support.AbstractAutowireCapableBeanFactory.createBean(AbstractAutowireCapableBeanFactory.java:517) ~[spring-beans-5.2.6.RELEASE.jar:5.2.6.RELEASE]
	at org.springframework.beans.factory.support.AbstractBeanFactory.lambda$doGetBean$0(AbstractBeanFactory.java:323) ~[spring-beans-5.2.6.RELEASE.jar:5.2.6.RELEASE]
	at org.springframework.beans.factory.support.DefaultSingletonBeanRegistry.getSingleton(DefaultSingletonBeanRegistry.java:226) ~[spring-beans-5.2.6.RELEASE.jar:5.2.6.RELEASE]
	at org.springframework.beans.factory.support.AbstractBeanFactory.doGetBean(AbstractBeanFactory.java:321) ~[spring-beans-5.2.6.RELEASE.jar:5.2.6.RELEASE]
	at org.springframework.beans.factory.support.AbstractBeanFactory.getBean(AbstractBeanFactory.java:202) ~[spring-beans-5.2.6.RELEASE.jar:5.2.6.RELEASE]
	at org.springframework.beans.factory.support.ConstructorResolver.instantiateUsingFactoryMethod(ConstructorResolver.java:409) ~[spring-beans-5.2.6.RELEASE.jar:5.2.6.RELEASE]
	at org.springframework.beans.factory.support.AbstractAutowireCapableBeanFactory.instantiateUsingFactoryMethod(AbstractAutowireCapableBeanFactory.java:1338) ~[spring-beans-5.2.6.RELEASE.jar:5.2.6.RELEASE]
	at org.springframework.beans.factory.support.AbstractAutowireCapableBeanFactory.createBeanInstance(AbstractAutowireCapableBeanFactory.java:1177) ~[spring-beans-5.2.6.RELEASE.jar:5.2.6.RELEASE]
	at org.springframework.beans.factory.support.AbstractAutowireCapableBeanFactory.doCreateBean(AbstractAutowireCapableBeanFactory.java:557) ~[spring-beans-5.2.6.RELEASE.jar:5.2.6.RELEASE]
	at org.springframework.beans.factory.support.AbstractAutowireCapableBeanFactory.createBean(AbstractAutowireCapableBeanFactory.java:517) ~[spring-beans-5.2.6.RELEASE.jar:5.2.6.RELEASE]
	at org.springframework.beans.factory.support.AbstractBeanFactory.lambda$doGetBean$0(AbstractBeanFactory.java:323) ~[spring-beans-5.2.6.RELEASE.jar:5.2.6.RELEASE]
	at org.springframework.beans.factory.support.DefaultSingletonBeanRegistry.getSingleton(DefaultSingletonBeanRegistry.java:226) ~[spring-beans-5.2.6.RELEASE.jar:5.2.6.RELEASE]
	at org.springframework.beans.factory.support.AbstractBeanFactory.doGetBean(AbstractBeanFactory.java:321) ~[spring-beans-5.2.6.RELEASE.jar:5.2.6.RELEASE]
	at org.springframework.beans.factory.support.AbstractBeanFactory.getBean(AbstractBeanFactory.java:207) ~[spring-beans-5.2.6.RELEASE.jar:5.2.6.RELEASE]
	at org.springframework.boot.web.servlet.ServletContextInitializerBeans.getOrderedBeansOfType(ServletContextInitializerBeans.java:211) ~[spring-boot-2.3.0.RELEASE.jar:2.3.0.RELEASE]
	at org.springframework.boot.web.servlet.ServletContextInitializerBeans.getOrderedBeansOfType(ServletContextInitializerBeans.java:202) ~[spring-boot-2.3.0.RELEASE.jar:2.3.0.RELEASE]
	at org.springframework.boot.web.servlet.ServletContextInitializerBeans.addServletContextInitializerBeans(ServletContextInitializerBeans.java:96) ~[spring-boot-2.3.0.RELEASE.jar:2.3.0.RELEASE]
	at org.springframework.boot.web.servlet.ServletContextInitializerBeans.<init>(ServletContextInitializerBeans.java:85) ~[spring-boot-2.3.0.RELEASE.jar:2.3.0.RELEASE]
	at org.springframework.boot.web.servlet.context.ServletWebServerApplicationContext.getServletContextInitializerBeans(ServletWebServerApplicationContext.java:253) ~[spring-boot-2.3.0.RELEASE.jar:2.3.0.RELEASE]
	at org.springframework.boot.web.servlet.context.ServletWebServerApplicationContext.selfInitialize(ServletWebServerApplicationContext.java:227) ~[spring-boot-2.3.0.RELEASE.jar:2.3.0.RELEASE]
	at org.springframework.boot.web.embedded.tomcat.TomcatStarter.onStartup(TomcatStarter.java:53) ~[spring-boot-2.3.0.RELEASE.jar:2.3.0.RELEASE]
	at org.apache.catalina.core.StandardContext.startInternal(StandardContext.java:5136) ~[tomcat-embed-core-9.0.35.jar:9.0.35]
	at org.apache.catalina.util.LifecycleBase.start(LifecycleBase.java:183) ~[tomcat-embed-core-9.0.35.jar:9.0.35]
	at org.apache.catalina.core.ContainerBase$StartChild.call(ContainerBase.java:1384) ~[tomcat-embed-core-9.0.35.jar:9.0.35]
	at org.apache.catalina.core.ContainerBase$StartChild.call(ContainerBase.java:1374) ~[tomcat-embed-core-9.0.35.jar:9.0.35]
	at java.util.concurrent.FutureTask.run(FutureTask.java:264) ~[?:?]
	at org.apache.tomcat.util.threads.InlineExecutorService.execute(InlineExecutorService.java:75) ~[tomcat-embed-core-9.0.35.jar:9.0.35]
	at java.util.concurrent.AbstractExecutorService.submit(AbstractExecutorService.java:140) ~[?:?]
	at org.apache.catalina.core.ContainerBase.startInternal(ContainerBase.java:909) ~[tomcat-embed-core-9.0.35.jar:9.0.35]
	at org.apache.catalina.core.StandardHost.startInternal(StandardHost.java:841) ~[tomcat-embed-core-9.0.35.jar:9.0.35]
	at org.apache.catalina.util.LifecycleBase.start(LifecycleBase.java:183) ~[tomcat-embed-core-9.0.35.jar:9.0.35]
	at org.apache.catalina.core.ContainerBase$StartChild.call(ContainerBase.java:1384) ~[tomcat-embed-core-9.0.35.jar:9.0.35]
	at org.apache.catalina.core.ContainerBase$StartChild.call(ContainerBase.java:1374) ~[tomcat-embed-core-9.0.35.jar:9.0.35]
	at java.util.concurrent.FutureTask.run(FutureTask.java:264) ~[?:?]
	at org.apache.tomcat.util.threads.InlineExecutorService.execute(InlineExecutorService.java:75) ~[tomcat-embed-core-9.0.35.jar:9.0.35]
	at java.util.concurrent.AbstractExecutorService.submit(AbstractExecutorService.java:140) ~[?:?]
	at org.apache.catalina.core.ContainerBase.startInternal(ContainerBase.java:909) ~[tomcat-embed-core-9.0.35.jar:9.0.35]
	at org.apache.catalina.core.StandardEngine.startInternal(StandardEngine.java:262) ~[tomcat-embed-core-9.0.35.jar:9.0.35]
	at org.apache.catalina.util.LifecycleBase.start(LifecycleBase.java:183) ~[tomcat-embed-core-9.0.35.jar:9.0.35]
	at org.apache.catalina.core.StandardService.startInternal(StandardService.java:421) ~[tomcat-embed-core-9.0.35.jar:9.0.35]
	at org.apache.catalina.util.LifecycleBase.start(LifecycleBase.java:183) ~[tomcat-embed-core-9.0.35.jar:9.0.35]
	at org.apache.catalina.core.StandardServer.startInternal(StandardServer.java:930) ~[tomcat-embed-core-9.0.35.jar:9.0.35]
	at org.apache.catalina.util.LifecycleBase.start(LifecycleBase.java:183) ~[tomcat-embed-core-9.0.35.jar:9.0.35]
	at org.apache.catalina.startup.Tomcat.start(Tomcat.java:468) ~[tomcat-embed-core-9.0.35.jar:9.0.35]
	at org.springframework.boot.web.embedded.tomcat.TomcatWebServer.initialize(TomcatWebServer.java:123) ~[spring-boot-2.3.0.RELEASE.jar:2.3.0.RELEASE]
	at org.springframework.boot.web.embedded.tomcat.TomcatWebServer.<init>(TomcatWebServer.java:104) ~[spring-boot-2.3.0.RELEASE.jar:2.3.0.RELEASE]
	at org.springframework.boot.web.embedded.tomcat.TomcatServletWebServerFactory.getTomcatWebServer(TomcatServletWebServerFactory.java:437) ~[spring-boot-2.3.0.RELEASE.jar:2.3.0.RELEASE]
	at org.springframework.boot.web.embedded.tomcat.TomcatServletWebServerFactory.getWebServer(TomcatServletWebServerFactory.java:191) ~[spring-boot-2.3.0.RELEASE.jar:2.3.0.RELEASE]
	at org.springframework.boot.web.servlet.context.ServletWebServerApplicationContext.createWebServer(ServletWebServerApplicationContext.java:176) ~[spring-boot-2.3.0.RELEASE.jar:2.3.0.RELEASE]
	at org.springframework.boot.web.servlet.context.ServletWebServerApplicationContext.onRefresh(ServletWebServerApplicationContext.java:158) ~[spring-boot-2.3.0.RELEASE.jar:2.3.0.RELEASE]
	... 14 more
Caused by: liquibase.exception.MigrationFailedException: Migration failed for changeset liquibase/dev/20260327071101_changelog.xml::1774595473501-1::Authentication:
     Reason: liquibase.exception.DatabaseException: Table 'db_mgr_category' already exists [Failed SQL: (1050) CREATE TABLE account_managerment.db_mgr_category (id BIGINT NOT NULL, name VARCHAR(255) NULL, `description` TEXT NULL, created_by VARCHAR(255) NOT NULL, created_date datetime NOT NULL, modified_by VARCHAR(255) NOT NULL, modified_date datetime NOT NULL, status INT NOT NULL, CONSTRAINT db_mgr_categoryPK PRIMARY KEY (id))]
	at liquibase.changelog.ChangeSet.execute(ChangeSet.java:722) ~[liquibase-core-4.19.0.jar:?]
	at liquibase.changelog.visitor.UpdateVisitor.visit(UpdateVisitor.java:56) ~[liquibase-core-4.19.0.jar:?]
	at liquibase.changelog.ChangeLogIterator$2.lambda$null$0(ChangeLogIterator.java:114) ~[liquibase-core-4.19.0.jar:?]
	at liquibase.Scope.lambda$child$0(Scope.java:180) ~[liquibase-core-4.19.0.jar:?]
	at liquibase.Scope.child(Scope.java:189) ~[liquibase-core-4.19.0.jar:?]
	at liquibase.Scope.child(Scope.java:179) ~[liquibase-core-4.19.0.jar:?]
	at liquibase.Scope.child(Scope.java:158) ~[liquibase-core-4.19.0.jar:?]
	at liquibase.changelog.ChangeLogIterator$2.lambda$run$1(ChangeLogIterator.java:113) ~[liquibase-core-4.19.0.jar:?]
	at liquibase.Scope.lambda$child$0(Scope.java:180) ~[liquibase-core-4.19.0.jar:?]
	at liquibase.Scope.child(Scope.java:189) ~[liquibase-core-4.19.0.jar:?]
	at liquibase.Scope.child(Scope.java:179) ~[liquibase-core-4.19.0.jar:?]
	at liquibase.Scope.child(Scope.java:158) ~[liquibase-core-4.19.0.jar:?]
	at liquibase.Scope.child(Scope.java:243) ~[liquibase-core-4.19.0.jar:?]
	at liquibase.changelog.ChangeLogIterator$2.run(ChangeLogIterator.java:94) ~[liquibase-core-4.19.0.jar:?]
	at liquibase.Scope.lambda$child$0(Scope.java:180) ~[liquibase-core-4.19.0.jar:?]
	at liquibase.Scope.child(Scope.java:189) ~[liquibase-core-4.19.0.jar:?]
	at liquibase.Scope.child(Scope.java:179) ~[liquibase-core-4.19.0.jar:?]
	at liquibase.Scope.child(Scope.java:158) ~[liquibase-core-4.19.0.jar:?]
	at liquibase.Scope.child(Scope.java:243) ~[liquibase-core-4.19.0.jar:?]
	at liquibase.Scope.child(Scope.java:247) ~[liquibase-core-4.19.0.jar:?]
	at liquibase.changelog.ChangeLogIterator.run(ChangeLogIterator.java:66) ~[liquibase-core-4.19.0.jar:?]
	at liquibase.Liquibase.lambda$null$0(Liquibase.java:291) ~[liquibase-core-4.19.0.jar:?]
	at liquibase.Scope.lambda$child$0(Scope.java:180) ~[liquibase-core-4.19.0.jar:?]
	at liquibase.Scope.child(Scope.java:189) ~[liquibase-core-4.19.0.jar:?]
	at liquibase.Scope.child(Scope.java:179) ~[liquibase-core-4.19.0.jar:?]
	at liquibase.Scope.child(Scope.java:158) ~[liquibase-core-4.19.0.jar:?]
	at liquibase.Scope.child(Scope.java:243) ~[liquibase-core-4.19.0.jar:?]
	at liquibase.Liquibase.lambda$update$1(Liquibase.java:290) ~[liquibase-core-4.19.0.jar:?]
	at liquibase.Scope.lambda$child$0(Scope.java:180) ~[liquibase-core-4.19.0.jar:?]
	at liquibase.Scope.child(Scope.java:189) ~[liquibase-core-4.19.0.jar:?]
	at liquibase.Scope.child(Scope.java:179) ~[liquibase-core-4.19.0.jar:?]
	at liquibase.Scope.child(Scope.java:158) ~[liquibase-core-4.19.0.jar:?]
	at liquibase.Liquibase.runInScope(Liquibase.java:2431) ~[liquibase-core-4.19.0.jar:?]
	at liquibase.Liquibase.update(Liquibase.java:237) ~[liquibase-core-4.19.0.jar:?]
	at liquibase.Liquibase.update(Liquibase.java:222) ~[liquibase-core-4.19.0.jar:?]
	at liquibase.integration.spring.SpringLiquibase.performUpdate(SpringLiquibase.java:328) ~[liquibase-core-4.19.0.jar:?]
	at liquibase.integration.spring.SpringLiquibase.afterPropertiesSet(SpringLiquibase.java:283) ~[liquibase-core-4.19.0.jar:?]
	at org.springframework.beans.factory.support.AbstractAutowireCapableBeanFactory.invokeInitMethods(AbstractAutowireCapableBeanFactory.java:1855) ~[spring-beans-5.2.6.RELEASE.jar:5.2.6.RELEASE]
	at org.springframework.beans.factory.support.AbstractAutowireCapableBeanFactory.initializeBean(AbstractAutowireCapableBeanFactory.java:1792) ~[spring-beans-5.2.6.RELEASE.jar:5.2.6.RELEASE]
	at org.springframework.beans.factory.support.AbstractAutowireCapableBeanFactory.doCreateBean(AbstractAutowireCapableBeanFactory.java:595) ~[spring-beans-5.2.6.RELEASE.jar:5.2.6.RELEASE]
	at org.springframework.beans.factory.support.AbstractAutowireCapableBeanFactory.createBean(AbstractAutowireCapableBeanFactory.java:517) ~[spring-beans-5.2.6.RELEASE.jar:5.2.6.RELEASE]
	at org.springframework.beans.factory.support.AbstractBeanFactory.lambda$doGetBean$0(AbstractBeanFactory.java:323) ~[spring-beans-5.2.6.RELEASE.jar:5.2.6.RELEASE]
	at org.springframework.beans.factory.support.DefaultSingletonBeanRegistry.getSingleton(DefaultSingletonBeanRegistry.java:226) ~[spring-beans-5.2.6.RELEASE.jar:5.2.6.RELEASE]
	at org.springframework.beans.factory.support.AbstractBeanFactory.doGetBean(AbstractBeanFactory.java:321) ~[spring-beans-5.2.6.RELEASE.jar:5.2.6.RELEASE]
	at org.springframework.beans.factory.support.AbstractBeanFactory.getBean(AbstractBeanFactory.java:202) ~[spring-beans-5.2.6.RELEASE.jar:5.2.6.RELEASE]
	at org.springframework.beans.factory.support.AbstractBeanFactory.doGetBean(AbstractBeanFactory.java:310) ~[spring-beans-5.2.6.RELEASE.jar:5.2.6.RELEASE]
	at org.springframework.beans.factory.support.AbstractBeanFactory.getBean(AbstractBeanFactory.java:227) ~[spring-beans-5.2.6.RELEASE.jar:5.2.6.RELEASE]
	at org.springframework.beans.factory.support.DefaultListableBeanFactory.resolveNamedBean(DefaultListableBeanFactory.java:1174) ~[spring-beans-5.2.6.RELEASE.jar:5.2.6.RELEASE]
	at org.springframework.beans.factory.support.DefaultListableBeanFactory.resolveBean(DefaultListableBeanFactory.java:422) ~[spring-beans-5.2.6.RELEASE.jar:5.2.6.RELEASE]
	at org.springframework.beans.factory.support.DefaultListableBeanFactory.getBean(DefaultListableBeanFactory.java:352) ~[spring-beans-5.2.6.RELEASE.jar:5.2.6.RELEASE]
	at org.springframework.beans.factory.support.DefaultListableBeanFactory.getBean(DefaultListableBeanFactory.java:345) ~[spring-beans-5.2.6.RELEASE.jar:5.2.6.RELEASE]
	at org.springframework.orm.jpa.EntityManagerFactoryUtils.findEntityManagerFactory(EntityManagerFactoryUtils.java:121) ~[spring-orm-5.2.6.RELEASE.jar:5.2.6.RELEASE]
	at org.springframework.orm.jpa.EntityManagerFactoryAccessor.setBeanFactory(EntityManagerFactoryAccessor.java:155) ~[spring-orm-5.2.6.RELEASE.jar:5.2.6.RELEASE]
	at org.springframework.beans.factory.support.AbstractAutowireCapableBeanFactory.invokeAwareMethods(AbstractAutowireCapableBeanFactory.java:1818) ~[spring-beans-5.2.6.RELEASE.jar:5.2.6.RELEASE]
	at org.springframework.beans.factory.support.AbstractAutowireCapableBeanFactory.initializeBean(AbstractAutowireCapableBeanFactory.java:1783) ~[spring-beans-5.2.6.RELEASE.jar:5.2.6.RELEASE]
	at org.springframework.beans.factory.support.AbstractAutowireCapableBeanFactory.doCreateBean(AbstractAutowireCapableBeanFactory.java:595) ~[spring-beans-5.2.6.RELEASE.jar:5.2.6.RELEASE]
	at org.springframework.beans.factory.support.AbstractAutowireCapableBeanFactory.createBean(AbstractAutowireCapableBeanFactory.java:517) ~[spring-beans-5.2.6.RELEASE.jar:5.2.6.RELEASE]
	at org.springframework.beans.factory.support.AbstractBeanFactory.lambda$doGetBean$0(AbstractBeanFactory.java:323) ~[spring-beans-5.2.6.RELEASE.jar:5.2.6.RELEASE]
	at org.springframework.beans.factory.support.DefaultSingletonBeanRegistry.getSingleton(DefaultSingletonBeanRegistry.java:226) ~[spring-beans-5.2.6.RELEASE.jar:5.2.6.RELEASE]
	at org.springframework.beans.factory.support.AbstractBeanFactory.doGetBean(AbstractBeanFactory.java:321) ~[spring-beans-5.2.6.RELEASE.jar:5.2.6.RELEASE]
	at org.springframework.beans.factory.support.AbstractBeanFactory.getBean(AbstractBeanFactory.java:202) ~[spring-beans-5.2.6.RELEASE.jar:5.2.6.RELEASE]
	at org.springframework.beans.factory.config.DependencyDescriptor.resolveCandidate(DependencyDescriptor.java:276) ~[spring-beans-5.2.6.RELEASE.jar:5.2.6.RELEASE]
	at org.springframework.beans.factory.support.DefaultListableBeanFactory.doResolveDependency(DefaultListableBeanFactory.java:1306) ~[spring-beans-5.2.6.RELEASE.jar:5.2.6.RELEASE]
	at org.springframework.beans.factory.support.DefaultListableBeanFactory.resolveDependency(DefaultListableBeanFactory.java:1226) ~[spring-beans-5.2.6.RELEASE.jar:5.2.6.RELEASE]
	at org.springframework.beans.factory.support.ConstructorResolver.resolveAutowiredArgument(ConstructorResolver.java:885) ~[spring-beans-5.2.6.RELEASE.jar:5.2.6.RELEASE]
	at org.springframework.beans.factory.support.ConstructorResolver.createArgumentArray(ConstructorResolver.java:789) ~[spring-beans-5.2.6.RELEASE.jar:5.2.6.RELEASE]
	at org.springframework.beans.factory.support.ConstructorResolver.instantiateUsingFactoryMethod(ConstructorResolver.java:539) ~[spring-beans-5.2.6.RELEASE.jar:5.2.6.RELEASE]
	at org.springframework.beans.factory.support.AbstractAutowireCapableBeanFactory.instantiateUsingFactoryMethod(AbstractAutowireCapableBeanFactory.java:1338) ~[spring-beans-5.2.6.RELEASE.jar:5.2.6.RELEASE]
	at org.springframework.beans.factory.support.AbstractAutowireCapableBeanFactory.createBeanInstance(AbstractAutowireCapableBeanFactory.java:1177) ~[spring-beans-5.2.6.RELEASE.jar:5.2.6.RELEASE]
	at org.springframework.beans.factory.support.AbstractAutowireCapableBeanFactory.doCreateBean(AbstractAutowireCapableBeanFactory.java:557) ~[spring-beans-5.2.6.RELEASE.jar:5.2.6.RELEASE]
	at org.springframework.beans.factory.support.AbstractAutowireCapableBeanFactory.createBean(AbstractAutowireCapableBeanFactory.java:517) ~[spring-beans-5.2.6.RELEASE.jar:5.2.6.RELEASE]
	at org.springframework.beans.factory.support.AbstractBeanFactory.lambda$doGetBean$0(AbstractBeanFactory.java:323) ~[spring-beans-5.2.6.RELEASE.jar:5.2.6.RELEASE]
	at org.springframework.beans.factory.support.DefaultSingletonBeanRegistry.getSingleton(DefaultSingletonBeanRegistry.java:226) ~[spring-beans-5.2.6.RELEASE.jar:5.2.6.RELEASE]
	at org.springframework.beans.factory.support.AbstractBeanFactory.doGetBean(AbstractBeanFactory.java:321) ~[spring-beans-5.2.6.RELEASE.jar:5.2.6.RELEASE]
	at org.springframework.beans.factory.support.AbstractBeanFactory.getBean(AbstractBeanFactory.java:202) ~[spring-beans-5.2.6.RELEASE.jar:5.2.6.RELEASE]
	at org.springframework.beans.factory.config.DependencyDescriptor.resolveCandidate(DependencyDescriptor.java:276) ~[spring-beans-5.2.6.RELEASE.jar:5.2.6.RELEASE]
	at org.springframework.beans.factory.support.DefaultListableBeanFactory.addCandidateEntry(DefaultListableBeanFactory.java:1524) ~[spring-beans-5.2.6.RELEASE.jar:5.2.6.RELEASE]
	at org.springframework.beans.factory.support.DefaultListableBeanFactory.findAutowireCandidates(DefaultListableBeanFactory.java:1488) ~[spring-beans-5.2.6.RELEASE.jar:5.2.6.RELEASE]
	at org.springframework.beans.factory.support.DefaultListableBeanFactory.resolveMultipleBeans(DefaultListableBeanFactory.java:1377) ~[spring-beans-5.2.6.RELEASE.jar:5.2.6.RELEASE]
	at org.springframework.beans.factory.support.DefaultListableBeanFactory.doResolveDependency(DefaultListableBeanFactory.java:1264) ~[spring-beans-5.2.6.RELEASE.jar:5.2.6.RELEASE]
	at org.springframework.beans.factory.support.DefaultListableBeanFactory.resolveDependency(DefaultListableBeanFactory.java:1226) ~[spring-beans-5.2.6.RELEASE.jar:5.2.6.RELEASE]
	at org.springframework.beans.factory.annotation.AutowiredAnnotationBeanPostProcessor$AutowiredMethodElement.inject(AutowiredAnnotationBeanPostProcessor.java:715) ~[spring-beans-5.2.6.RELEASE.jar:5.2.6.RELEASE]
	at org.springframework.beans.factory.annotation.InjectionMetadata.inject(InjectionMetadata.java:130) ~[spring-beans-5.2.6.RELEASE.jar:5.2.6.RELEASE]
	at org.springframework.beans.factory.annotation.AutowiredAnnotationBeanPostProcessor.postProcessProperties(AutowiredAnnotationBeanPostProcessor.java:399) ~[spring-beans-5.2.6.RELEASE.jar:5.2.6.RELEASE]
	at org.springframework.beans.factory.support.AbstractAutowireCapableBeanFactory.populateBean(AbstractAutowireCapableBeanFactory.java:1422) ~[spring-beans-5.2.6.RELEASE.jar:5.2.6.RELEASE]
	at org.springframework.beans.factory.support.AbstractAutowireCapableBeanFactory.doCreateBean(AbstractAutowireCapableBeanFactory.java:594) ~[spring-beans-5.2.6.RELEASE.jar:5.2.6.RELEASE]
	at org.springframework.beans.factory.support.AbstractAutowireCapableBeanFactory.createBean(AbstractAutowireCapableBeanFactory.java:517) ~[spring-beans-5.2.6.RELEASE.jar:5.2.6.RELEASE]
	at org.springframework.beans.factory.support.AbstractBeanFactory.lambda$doGetBean$0(AbstractBeanFactory.java:323) ~[spring-beans-5.2.6.RELEASE.jar:5.2.6.RELEASE]
	at org.springframework.beans.factory.support.DefaultSingletonBeanRegistry.getSingleton(DefaultSingletonBeanRegistry.java:226) ~[spring-beans-5.2.6.RELEASE.jar:5.2.6.RELEASE]
	at org.springframework.beans.factory.support.AbstractBeanFactory.doGetBean(AbstractBeanFactory.java:321) ~[spring-beans-5.2.6.RELEASE.jar:5.2.6.RELEASE]
	at org.springframework.beans.factory.support.AbstractBeanFactory.getBean(AbstractBeanFactory.java:202) ~[spring-beans-5.2.6.RELEASE.jar:5.2.6.RELEASE]
	at org.springframework.beans.factory.support.ConstructorResolver.instantiateUsingFactoryMethod(ConstructorResolver.java:409) ~[spring-beans-5.2.6.RELEASE.jar:5.2.6.RELEASE]
	at org.springframework.beans.factory.support.AbstractAutowireCapableBeanFactory.instantiateUsingFactoryMethod(AbstractAutowireCapableBeanFactory.java:1338) ~[spring-beans-5.2.6.RELEASE.jar:5.2.6.RELEASE]
	at org.springframework.beans.factory.support.AbstractAutowireCapableBeanFactory.createBeanInstance(AbstractAutowireCapableBeanFactory.java:1177) ~[spring-beans-5.2.6.RELEASE.jar:5.2.6.RELEASE]
	at org.springframework.beans.factory.support.AbstractAutowireCapableBeanFactory.doCreateBean(AbstractAutowireCapableBeanFactory.java:557) ~[spring-beans-5.2.6.RELEASE.jar:5.2.6.RELEASE]
	at org.springframework.beans.factory.support.AbstractAutowireCapableBeanFactory.createBean(AbstractAutowireCapableBeanFactory.java:517) ~[spring-beans-5.2.6.RELEASE.jar:5.2.6.RELEASE]
	at org.springframework.beans.factory.support.AbstractBeanFactory.lambda$doGetBean$0(AbstractBeanFactory.java:323) ~[spring-beans-5.2.6.RELEASE.jar:5.2.6.RELEASE]
	at org.springframework.beans.factory.support.DefaultSingletonBeanRegistry.getSingleton(DefaultSingletonBeanRegistry.java:226) ~[spring-beans-5.2.6.RELEASE.jar:5.2.6.RELEASE]
	at org.springframework.beans.factory.support.AbstractBeanFactory.doGetBean(AbstractBeanFactory.java:321) ~[spring-beans-5.2.6.RELEASE.jar:5.2.6.RELEASE]
	at org.springframework.beans.factory.support.AbstractBeanFactory.getBean(AbstractBeanFactory.java:202) ~[spring-beans-5.2.6.RELEASE.jar:5.2.6.RELEASE]
	at org.springframework.beans.factory.config.DependencyDescriptor.resolveCandidate(DependencyDescriptor.java:276) ~[spring-beans-5.2.6.RELEASE.jar:5.2.6.RELEASE]
	at org.springframework.beans.factory.support.DefaultListableBeanFactory.doResolveDependency(DefaultListableBeanFactory.java:1306) ~[spring-beans-5.2.6.RELEASE.jar:5.2.6.RELEASE]
	at org.springframework.beans.factory.support.DefaultListableBeanFactory.resolveDependency(DefaultListableBeanFactory.java:1226) ~[spring-beans-5.2.6.RELEASE.jar:5.2.6.RELEASE]
	at org.springframework.beans.factory.annotation.AutowiredAnnotationBeanPostProcessor$AutowiredMethodElement.inject(AutowiredAnnotationBeanPostProcessor.java:715) ~[spring-beans-5.2.6.RELEASE.jar:5.2.6.RELEASE]
	at org.springframework.beans.factory.annotation.InjectionMetadata.inject(InjectionMetadata.java:130) ~[spring-beans-5.2.6.RELEASE.jar:5.2.6.RELEASE]
	at org.springframework.beans.factory.annotation.AutowiredAnnotationBeanPostProcessor.postProcessProperties(AutowiredAnnotationBeanPostProcessor.java:399) ~[spring-beans-5.2.6.RELEASE.jar:5.2.6.RELEASE]
	at org.springframework.beans.factory.support.AbstractAutowireCapableBeanFactory.populateBean(AbstractAutowireCapableBeanFactory.java:1422) ~[spring-beans-5.2.6.RELEASE.jar:5.2.6.RELEASE]
	at org.springframework.beans.factory.support.AbstractAutowireCapableBeanFactory.doCreateBean(AbstractAutowireCapableBeanFactory.java:594) ~[spring-beans-5.2.6.RELEASE.jar:5.2.6.RELEASE]
	at org.springframework.beans.factory.support.AbstractAutowireCapableBeanFactory.createBean(AbstractAutowireCapableBeanFactory.java:517) ~[spring-beans-5.2.6.RELEASE.jar:5.2.6.RELEASE]
	at org.springframework.beans.factory.support.AbstractBeanFactory.lambda$doGetBean$0(AbstractBeanFactory.java:323) ~[spring-beans-5.2.6.RELEASE.jar:5.2.6.RELEASE]
	at org.springframework.beans.factory.support.DefaultSingletonBeanRegistry.getSingleton(DefaultSingletonBeanRegistry.java:226) ~[spring-beans-5.2.6.RELEASE.jar:5.2.6.RELEASE]
	at org.springframework.beans.factory.support.AbstractBeanFactory.doGetBean(AbstractBeanFactory.java:321) ~[spring-beans-5.2.6.RELEASE.jar:5.2.6.RELEASE]
	at org.springframework.beans.factory.support.AbstractBeanFactory.getBean(AbstractBeanFactory.java:202) ~[spring-beans-5.2.6.RELEASE.jar:5.2.6.RELEASE]
	at org.springframework.beans.factory.support.ConstructorResolver.instantiateUsingFactoryMethod(ConstructorResolver.java:409) ~[spring-beans-5.2.6.RELEASE.jar:5.2.6.RELEASE]
	at org.springframework.beans.factory.support.AbstractAutowireCapableBeanFactory.instantiateUsingFactoryMethod(AbstractAutowireCapableBeanFactory.java:1338) ~[spring-beans-5.2.6.RELEASE.jar:5.2.6.RELEASE]
	at org.springframework.beans.factory.support.AbstractAutowireCapableBeanFactory.createBeanInstance(AbstractAutowireCapableBeanFactory.java:1177) ~[spring-beans-5.2.6.RELEASE.jar:5.2.6.RELEASE]
	at org.springframework.beans.factory.support.AbstractAutowireCapableBeanFactory.doCreateBean(AbstractAutowireCapableBeanFactory.java:557) ~[spring-beans-5.2.6.RELEASE.jar:5.2.6.RELEASE]
	at org.springframework.beans.factory.support.AbstractAutowireCapableBeanFactory.createBean(AbstractAutowireCapableBeanFactory.java:517) ~[spring-beans-5.2.6.RELEASE.jar:5.2.6.RELEASE]
	at org.springframework.beans.factory.support.AbstractBeanFactory.lambda$doGetBean$0(AbstractBeanFactory.java:323) ~[spring-beans-5.2.6.RELEASE.jar:5.2.6.RELEASE]
	at org.springframework.beans.factory.support.DefaultSingletonBeanRegistry.getSingleton(DefaultSingletonBeanRegistry.java:226) ~[spring-beans-5.2.6.RELEASE.jar:5.2.6.RELEASE]
	at org.springframework.beans.factory.support.AbstractBeanFactory.doGetBean(AbstractBeanFactory.java:321) ~[spring-beans-5.2.6.RELEASE.jar:5.2.6.RELEASE]
	at org.springframework.beans.factory.support.AbstractBeanFactory.getBean(AbstractBeanFactory.java:207) ~[spring-beans-5.2.6.RELEASE.jar:5.2.6.RELEASE]
	at org.springframework.boot.web.servlet.ServletContextInitializerBeans.getOrderedBeansOfType(ServletContextInitializerBeans.java:211) ~[spring-boot-2.3.0.RELEASE.jar:2.3.0.RELEASE]
	at org.springframework.boot.web.servlet.ServletContextInitializerBeans.getOrderedBeansOfType(ServletContextInitializerBeans.java:202) ~[spring-boot-2.3.0.RELEASE.jar:2.3.0.RELEASE]
	at org.springframework.boot.web.servlet.ServletContextInitializerBeans.addServletContextInitializerBeans(ServletContextInitializerBeans.java:96) ~[spring-boot-2.3.0.RELEASE.jar:2.3.0.RELEASE]
	at org.springframework.boot.web.servlet.ServletContextInitializerBeans.<init>(ServletContextInitializerBeans.java:85) ~[spring-boot-2.3.0.RELEASE.jar:2.3.0.RELEASE]
	at org.springframework.boot.web.servlet.context.ServletWebServerApplicationContext.getServletContextInitializerBeans(ServletWebServerApplicationContext.java:253) ~[spring-boot-2.3.0.RELEASE.jar:2.3.0.RELEASE]
	at org.springframework.boot.web.servlet.context.ServletWebServerApplicationContext.selfInitialize(ServletWebServerApplicationContext.java:227) ~[spring-boot-2.3.0.RELEASE.jar:2.3.0.RELEASE]
	at org.springframework.boot.web.embedded.tomcat.TomcatStarter.onStartup(TomcatStarter.java:53) ~[spring-boot-2.3.0.RELEASE.jar:2.3.0.RELEASE]
	at org.apache.catalina.core.StandardContext.startInternal(StandardContext.java:5136) ~[tomcat-embed-core-9.0.35.jar:9.0.35]
	at org.apache.catalina.util.LifecycleBase.start(LifecycleBase.java:183) ~[tomcat-embed-core-9.0.35.jar:9.0.35]
	at org.apache.catalina.core.ContainerBase$StartChild.call(ContainerBase.java:1384) ~[tomcat-embed-core-9.0.35.jar:9.0.35]
	at org.apache.catalina.core.ContainerBase$StartChild.call(ContainerBase.java:1374) ~[tomcat-embed-core-9.0.35.jar:9.0.35]
	at java.util.concurrent.FutureTask.run(FutureTask.java:264) ~[?:?]
	at org.apache.tomcat.util.threads.InlineExecutorService.execute(InlineExecutorService.java:75) ~[tomcat-embed-core-9.0.35.jar:9.0.35]
	at java.util.concurrent.AbstractExecutorService.submit(AbstractExecutorService.java:140) ~[?:?]
	at org.apache.catalina.core.ContainerBase.startInternal(ContainerBase.java:909) ~[tomcat-embed-core-9.0.35.jar:9.0.35]
	at org.apache.catalina.core.StandardHost.startInternal(StandardHost.java:841) ~[tomcat-embed-core-9.0.35.jar:9.0.35]
	at org.apache.catalina.util.LifecycleBase.start(LifecycleBase.java:183) ~[tomcat-embed-core-9.0.35.jar:9.0.35]
	at org.apache.catalina.core.ContainerBase$StartChild.call(ContainerBase.java:1384) ~[tomcat-embed-core-9.0.35.jar:9.0.35]
	at org.apache.catalina.core.ContainerBase$StartChild.call(ContainerBase.java:1374) ~[tomcat-embed-core-9.0.35.jar:9.0.35]
	at java.util.concurrent.FutureTask.run(FutureTask.java:264) ~[?:?]
	at org.apache.tomcat.util.threads.InlineExecutorService.execute(InlineExecutorService.java:75) ~[tomcat-embed-core-9.0.35.jar:9.0.35]
	at java.util.concurrent.AbstractExecutorService.submit(AbstractExecutorService.java:140) ~[?:?]
	at org.apache.catalina.core.ContainerBase.startInternal(ContainerBase.java:909) ~[tomcat-embed-core-9.0.35.jar:9.0.35]
	at org.apache.catalina.core.StandardEngine.startInternal(StandardEngine.java:262) ~[tomcat-embed-core-9.0.35.jar:9.0.35]
	at org.apache.catalina.util.LifecycleBase.start(LifecycleBase.java:183) ~[tomcat-embed-core-9.0.35.jar:9.0.35]
	at org.apache.catalina.core.StandardService.startInternal(StandardService.java:421) ~[tomcat-embed-core-9.0.35.jar:9.0.35]
	at org.apache.catalina.util.LifecycleBase.start(LifecycleBase.java:183) ~[tomcat-embed-core-9.0.35.jar:9.0.35]
	at org.apache.catalina.core.StandardServer.startInternal(StandardServer.java:930) ~[tomcat-embed-core-9.0.35.jar:9.0.35]
	at org.apache.catalina.util.LifecycleBase.start(LifecycleBase.java:183) ~[tomcat-embed-core-9.0.35.jar:9.0.35]
	at org.apache.catalina.startup.Tomcat.start(Tomcat.java:468) ~[tomcat-embed-core-9.0.35.jar:9.0.35]
	at org.springframework.boot.web.embedded.tomcat.TomcatWebServer.initialize(TomcatWebServer.java:123) ~[spring-boot-2.3.0.RELEASE.jar:2.3.0.RELEASE]
	at org.springframework.boot.web.embedded.tomcat.TomcatWebServer.<init>(TomcatWebServer.java:104) ~[spring-boot-2.3.0.RELEASE.jar:2.3.0.RELEASE]
	at org.springframework.boot.web.embedded.tomcat.TomcatServletWebServerFactory.getTomcatWebServer(TomcatServletWebServerFactory.java:437) ~[spring-boot-2.3.0.RELEASE.jar:2.3.0.RELEASE]
	at org.springframework.boot.web.embedded.tomcat.TomcatServletWebServerFactory.getWebServer(TomcatServletWebServerFactory.java:191) ~[spring-boot-2.3.0.RELEASE.jar:2.3.0.RELEASE]
	at org.springframework.boot.web.servlet.context.ServletWebServerApplicationContext.createWebServer(ServletWebServerApplicationContext.java:176) ~[spring-boot-2.3.0.RELEASE.jar:2.3.0.RELEASE]
	at org.springframework.boot.web.servlet.context.ServletWebServerApplicationContext.onRefresh(ServletWebServerApplicationContext.java:158) ~[spring-boot-2.3.0.RELEASE.jar:2.3.0.RELEASE]
	... 14 more
Caused by: liquibase.exception.DatabaseException: Table 'db_mgr_category' already exists [Failed SQL: (1050) CREATE TABLE account_managerment.db_mgr_category (id BIGINT NOT NULL, name VARCHAR(255) NULL, `description` TEXT NULL, created_by VARCHAR(255) NOT NULL, created_date datetime NOT NULL, modified_by VARCHAR(255) NOT NULL, modified_date datetime NOT NULL, status INT NOT NULL, CONSTRAINT db_mgr_categoryPK PRIMARY KEY (id))]
	at liquibase.executor.jvm.JdbcExecutor$ExecuteStatementCallback.doInStatement(JdbcExecutor.java:446) ~[liquibase-core-4.19.0.jar:?]
	at liquibase.executor.jvm.JdbcExecutor.execute(JdbcExecutor.java:78) ~[liquibase-core-4.19.0.jar:?]
	at liquibase.executor.jvm.JdbcExecutor.execute(JdbcExecutor.java:161) ~[liquibase-core-4.19.0.jar:?]
	at liquibase.database.AbstractJdbcDatabase.execute(AbstractJdbcDatabase.java:1270) ~[liquibase-core-4.19.0.jar:?]
	at liquibase.database.AbstractJdbcDatabase.executeStatements(AbstractJdbcDatabase.java:1252) ~[liquibase-core-4.19.0.jar:?]
	at liquibase.changelog.ChangeSet.execute(ChangeSet.java:687) ~[liquibase-core-4.19.0.jar:?]
	at liquibase.changelog.visitor.UpdateVisitor.visit(UpdateVisitor.java:56) ~[liquibase-core-4.19.0.jar:?]
	at liquibase.changelog.ChangeLogIterator$2.lambda$null$0(ChangeLogIterator.java:114) ~[liquibase-core-4.19.0.jar:?]
	at liquibase.Scope.lambda$child$0(Scope.java:180) ~[liquibase-core-4.19.0.jar:?]
	at liquibase.Scope.child(Scope.java:189) ~[liquibase-core-4.19.0.jar:?]
	at liquibase.Scope.child(Scope.java:179) ~[liquibase-core-4.19.0.jar:?]
	at liquibase.Scope.child(Scope.java:158) ~[liquibase-core-4.19.0.jar:?]
	at liquibase.changelog.ChangeLogIterator$2.lambda$run$1(ChangeLogIterator.java:113) ~[liquibase-core-4.19.0.jar:?]
	at liquibase.Scope.lambda$child$0(Scope.java:180) ~[liquibase-core-4.19.0.jar:?]
	at liquibase.Scope.child(Scope.java:189) ~[liquibase-core-4.19.0.jar:?]
	at liquibase.Scope.child(Scope.java:179) ~[liquibase-core-4.19.0.jar:?]
	at liquibase.Scope.child(Scope.java:158) ~[liquibase-core-4.19.0.jar:?]
	at liquibase.Scope.child(Scope.java:243) ~[liquibase-core-4.19.0.jar:?]
	at liquibase.changelog.ChangeLogIterator$2.run(ChangeLogIterator.java:94) ~[liquibase-core-4.19.0.jar:?]
	at liquibase.Scope.lambda$child$0(Scope.java:180) ~[liquibase-core-4.19.0.jar:?]
	at liquibase.Scope.child(Scope.java:189) ~[liquibase-core-4.19.0.jar:?]
	at liquibase.Scope.child(Scope.java:179) ~[liquibase-core-4.19.0.jar:?]
	at liquibase.Scope.child(Scope.java:158) ~[liquibase-core-4.19.0.jar:?]
	at liquibase.Scope.child(Scope.java:243) ~[liquibase-core-4.19.0.jar:?]
	at liquibase.Scope.child(Scope.java:247) ~[liquibase-core-4.19.0.jar:?]
	at liquibase.changelog.ChangeLogIterator.run(ChangeLogIterator.java:66) ~[liquibase-core-4.19.0.jar:?]
	at liquibase.Liquibase.lambda$null$0(Liquibase.java:291) ~[liquibase-core-4.19.0.jar:?]
	at liquibase.Scope.lambda$child$0(Scope.java:180) ~[liquibase-core-4.19.0.jar:?]
	at liquibase.Scope.child(Scope.java:189) ~[liquibase-core-4.19.0.jar:?]
	at liquibase.Scope.child(Scope.java:179) ~[liquibase-core-4.19.0.jar:?]
	at liquibase.Scope.child(Scope.java:158) ~[liquibase-core-4.19.0.jar:?]
	at liquibase.Scope.child(Scope.java:243) ~[liquibase-core-4.19.0.jar:?]
	at liquibase.Liquibase.lambda$update$1(Liquibase.java:290) ~[liquibase-core-4.19.0.jar:?]
	at liquibase.Scope.lambda$child$0(Scope.java:180) ~[liquibase-core-4.19.0.jar:?]
	at liquibase.Scope.child(Scope.java:189) ~[liquibase-core-4.19.0.jar:?]
	at liquibase.Scope.child(Scope.java:179) ~[liquibase-core-4.19.0.jar:?]
	at liquibase.Scope.child(Scope.java:158) ~[liquibase-core-4.19.0.jar:?]
	at liquibase.Liquibase.runInScope(Liquibase.java:2431) ~[liquibase-core-4.19.0.jar:?]
	at liquibase.Liquibase.update(Liquibase.java:237) ~[liquibase-core-4.19.0.jar:?]
	at liquibase.Liquibase.update(Liquibase.java:222) ~[liquibase-core-4.19.0.jar:?]
	at liquibase.integration.spring.SpringLiquibase.performUpdate(SpringLiquibase.java:328) ~[liquibase-core-4.19.0.jar:?]
	at liquibase.integration.spring.SpringLiquibase.afterPropertiesSet(SpringLiquibase.java:283) ~[liquibase-core-4.19.0.jar:?]
	at org.springframework.beans.factory.support.AbstractAutowireCapableBeanFactory.invokeInitMethods(AbstractAutowireCapableBeanFactory.java:1855) ~[spring-beans-5.2.6.RELEASE.jar:5.2.6.RELEASE]
	at org.springframework.beans.factory.support.AbstractAutowireCapableBeanFactory.initializeBean(AbstractAutowireCapableBeanFactory.java:1792) ~[spring-beans-5.2.6.RELEASE.jar:5.2.6.RELEASE]
	at org.springframework.beans.factory.support.AbstractAutowireCapableBeanFactory.doCreateBean(AbstractAutowireCapableBeanFactory.java:595) ~[spring-beans-5.2.6.RELEASE.jar:5.2.6.RELEASE]
	at org.springframework.beans.factory.support.AbstractAutowireCapableBeanFactory.createBean(AbstractAutowireCapableBeanFactory.java:517) ~[spring-beans-5.2.6.RELEASE.jar:5.2.6.RELEASE]
	at org.springframework.beans.factory.support.AbstractBeanFactory.lambda$doGetBean$0(AbstractBeanFactory.java:323) ~[spring-beans-5.2.6.RELEASE.jar:5.2.6.RELEASE]
	at org.springframework.beans.factory.support.DefaultSingletonBeanRegistry.getSingleton(DefaultSingletonBeanRegistry.java:226) ~[spring-beans-5.2.6.RELEASE.jar:5.2.6.RELEASE]
	at org.springframework.beans.factory.support.AbstractBeanFactory.doGetBean(AbstractBeanFactory.java:321) ~[spring-beans-5.2.6.RELEASE.jar:5.2.6.RELEASE]
	at org.springframework.beans.factory.support.AbstractBeanFactory.getBean(AbstractBeanFactory.java:202) ~[spring-beans-5.2.6.RELEASE.jar:5.2.6.RELEASE]
	at org.springframework.beans.factory.support.AbstractBeanFactory.doGetBean(AbstractBeanFactory.java:310) ~[spring-beans-5.2.6.RELEASE.jar:5.2.6.RELEASE]
	at org.springframework.beans.factory.support.AbstractBeanFactory.getBean(AbstractBeanFactory.java:227) ~[spring-beans-5.2.6.RELEASE.jar:5.2.6.RELEASE]
	at org.springframework.beans.factory.support.DefaultListableBeanFactory.resolveNamedBean(DefaultListableBeanFactory.java:1174) ~[spring-beans-5.2.6.RELEASE.jar:5.2.6.RELEASE]
	at org.springframework.beans.factory.support.DefaultListableBeanFactory.resolveBean(DefaultListableBeanFactory.java:422) ~[spring-beans-5.2.6.RELEASE.jar:5.2.6.RELEASE]
	at org.springframework.beans.factory.support.DefaultListableBeanFactory.getBean(DefaultListableBeanFactory.java:352) ~[spring-beans-5.2.6.RELEASE.jar:5.2.6.RELEASE]
	at org.springframework.beans.factory.support.DefaultListableBeanFactory.getBean(DefaultListableBeanFactory.java:345) ~[spring-beans-5.2.6.RELEASE.jar:5.2.6.RELEASE]
	at org.springframework.orm.jpa.EntityManagerFactoryUtils.findEntityManagerFactory(EntityManagerFactoryUtils.java:121) ~[spring-orm-5.2.6.RELEASE.jar:5.2.6.RELEASE]
	at org.springframework.orm.jpa.EntityManagerFactoryAccessor.setBeanFactory(EntityManagerFactoryAccessor.java:155) ~[spring-orm-5.2.6.RELEASE.jar:5.2.6.RELEASE]
	at org.springframework.beans.factory.support.AbstractAutowireCapableBeanFactory.invokeAwareMethods(AbstractAutowireCapableBeanFactory.java:1818) ~[spring-beans-5.2.6.RELEASE.jar:5.2.6.RELEASE]
	at org.springframework.beans.factory.support.AbstractAutowireCapableBeanFactory.initializeBean(AbstractAutowireCapableBeanFactory.java:1783) ~[spring-beans-5.2.6.RELEASE.jar:5.2.6.RELEASE]
	at org.springframework.beans.factory.support.AbstractAutowireCapableBeanFactory.doCreateBean(AbstractAutowireCapableBeanFactory.java:595) ~[spring-beans-5.2.6.RELEASE.jar:5.2.6.RELEASE]
	at org.springframework.beans.factory.support.AbstractAutowireCapableBeanFactory.createBean(AbstractAutowireCapableBeanFactory.java:517) ~[spring-beans-5.2.6.RELEASE.jar:5.2.6.RELEASE]
	at org.springframework.beans.factory.support.AbstractBeanFactory.lambda$doGetBean$0(AbstractBeanFactory.java:323) ~[spring-beans-5.2.6.RELEASE.jar:5.2.6.RELEASE]
	at org.springframework.beans.factory.support.DefaultSingletonBeanRegistry.getSingleton(DefaultSingletonBeanRegistry.java:226) ~[spring-beans-5.2.6.RELEASE.jar:5.2.6.RELEASE]
	at org.springframework.beans.factory.support.AbstractBeanFactory.doGetBean(AbstractBeanFactory.java:321) ~[spring-beans-5.2.6.RELEASE.jar:5.2.6.RELEASE]
	at org.springframework.beans.factory.support.AbstractBeanFactory.getBean(AbstractBeanFactory.java:202) ~[spring-beans-5.2.6.RELEASE.jar:5.2.6.RELEASE]
	at org.springframework.beans.factory.config.DependencyDescriptor.resolveCandidate(DependencyDescriptor.java:276) ~[spring-beans-5.2.6.RELEASE.jar:5.2.6.RELEASE]
	at org.springframework.beans.factory.support.DefaultListableBeanFactory.doResolveDependency(DefaultListableBeanFactory.java:1306) ~[spring-beans-5.2.6.RELEASE.jar:5.2.6.RELEASE]
	at org.springframework.beans.factory.support.DefaultListableBeanFactory.resolveDependency(DefaultListableBeanFactory.java:1226) ~[spring-beans-5.2.6.RELEASE.jar:5.2.6.RELEASE]
	at org.springframework.beans.factory.support.ConstructorResolver.resolveAutowiredArgument(ConstructorResolver.java:885) ~[spring-beans-5.2.6.RELEASE.jar:5.2.6.RELEASE]
	at org.springframework.beans.factory.support.ConstructorResolver.createArgumentArray(ConstructorResolver.java:789) ~[spring-beans-5.2.6.RELEASE.jar:5.2.6.RELEASE]
	at org.springframework.beans.factory.support.ConstructorResolver.instantiateUsingFactoryMethod(ConstructorResolver.java:539) ~[spring-beans-5.2.6.RELEASE.jar:5.2.6.RELEASE]
	at org.springframework.beans.factory.support.AbstractAutowireCapableBeanFactory.instantiateUsingFactoryMethod(AbstractAutowireCapableBeanFactory.java:1338) ~[spring-beans-5.2.6.RELEASE.jar:5.2.6.RELEASE]
	at org.springframework.beans.factory.support.AbstractAutowireCapableBeanFactory.createBeanInstance(AbstractAutowireCapableBeanFactory.java:1177) ~[spring-beans-5.2.6.RELEASE.jar:5.2.6.RELEASE]
	at org.springframework.beans.factory.support.AbstractAutowireCapableBeanFactory.doCreateBean(AbstractAutowireCapableBeanFactory.java:557) ~[spring-beans-5.2.6.RELEASE.jar:5.2.6.RELEASE]
	at org.springframework.beans.factory.support.AbstractAutowireCapableBeanFactory.createBean(AbstractAutowireCapableBeanFactory.java:517) ~[spring-beans-5.2.6.RELEASE.jar:5.2.6.RELEASE]
	at org.springframework.beans.factory.support.AbstractBeanFactory.lambda$doGetBean$0(AbstractBeanFactory.java:323) ~[spring-beans-5.2.6.RELEASE.jar:5.2.6.RELEASE]
	at org.springframework.beans.factory.support.DefaultSingletonBeanRegistry.getSingleton(DefaultSingletonBeanRegistry.java:226) ~[spring-beans-5.2.6.RELEASE.jar:5.2.6.RELEASE]
	at org.springframework.beans.factory.support.AbstractBeanFactory.doGetBean(AbstractBeanFactory.java:321) ~[spring-beans-5.2.6.RELEASE.jar:5.2.6.RELEASE]
	at org.springframework.beans.factory.support.AbstractBeanFactory.getBean(AbstractBeanFactory.java:202) ~[spring-beans-5.2.6.RELEASE.jar:5.2.6.RELEASE]
	at org.springframework.beans.factory.config.DependencyDescriptor.resolveCandidate(DependencyDescriptor.java:276) ~[spring-beans-5.2.6.RELEASE.jar:5.2.6.RELEASE]
	at org.springframework.beans.factory.support.DefaultListableBeanFactory.addCandidateEntry(DefaultListableBeanFactory.java:1524) ~[spring-beans-5.2.6.RELEASE.jar:5.2.6.RELEASE]
	at org.springframework.beans.factory.support.DefaultListableBeanFactory.findAutowireCandidates(DefaultListableBeanFactory.java:1488) ~[spring-beans-5.2.6.RELEASE.jar:5.2.6.RELEASE]
	at org.springframework.beans.factory.support.DefaultListableBeanFactory.resolveMultipleBeans(DefaultListableBeanFactory.java:1377) ~[spring-beans-5.2.6.RELEASE.jar:5.2.6.RELEASE]
	at org.springframework.beans.factory.support.DefaultListableBeanFactory.doResolveDependency(DefaultListableBeanFactory.java:1264) ~[spring-beans-5.2.6.RELEASE.jar:5.2.6.RELEASE]
	at org.springframework.beans.factory.support.DefaultListableBeanFactory.resolveDependency(DefaultListableBeanFactory.java:1226) ~[spring-beans-5.2.6.RELEASE.jar:5.2.6.RELEASE]
	at org.springframework.beans.factory.annotation.AutowiredAnnotationBeanPostProcessor$AutowiredMethodElement.inject(AutowiredAnnotationBeanPostProcessor.java:715) ~[spring-beans-5.2.6.RELEASE.jar:5.2.6.RELEASE]
	at org.springframework.beans.factory.annotation.InjectionMetadata.inject(InjectionMetadata.java:130) ~[spring-beans-5.2.6.RELEASE.jar:5.2.6.RELEASE]
	at org.springframework.beans.factory.annotation.AutowiredAnnotationBeanPostProcessor.postProcessProperties(AutowiredAnnotationBeanPostProcessor.java:399) ~[spring-beans-5.2.6.RELEASE.jar:5.2.6.RELEASE]
	at org.springframework.beans.factory.support.AbstractAutowireCapableBeanFactory.populateBean(AbstractAutowireCapableBeanFactory.java:1422) ~[spring-beans-5.2.6.RELEASE.jar:5.2.6.RELEASE]
	at org.springframework.beans.factory.support.AbstractAutowireCapableBeanFactory.doCreateBean(AbstractAutowireCapableBeanFactory.java:594) ~[spring-beans-5.2.6.RELEASE.jar:5.2.6.RELEASE]
	at org.springframework.beans.factory.support.AbstractAutowireCapableBeanFactory.createBean(AbstractAutowireCapableBeanFactory.java:517) ~[spring-beans-5.2.6.RELEASE.jar:5.2.6.RELEASE]
	at org.springframework.beans.factory.support.AbstractBeanFactory.lambda$doGetBean$0(AbstractBeanFactory.java:323) ~[spring-beans-5.2.6.RELEASE.jar:5.2.6.RELEASE]
	at org.springframework.beans.factory.support.DefaultSingletonBeanRegistry.getSingleton(DefaultSingletonBeanRegistry.java:226) ~[spring-beans-5.2.6.RELEASE.jar:5.2.6.RELEASE]
	at org.springframework.beans.factory.support.AbstractBeanFactory.doGetBean(AbstractBeanFactory.java:321) ~[spring-beans-5.2.6.RELEASE.jar:5.2.6.RELEASE]
	at org.springframework.beans.factory.support.AbstractBeanFactory.getBean(AbstractBeanFactory.java:202) ~[spring-beans-5.2.6.RELEASE.jar:5.2.6.RELEASE]
	at org.springframework.beans.factory.support.ConstructorResolver.instantiateUsingFactoryMethod(ConstructorResolver.java:409) ~[spring-beans-5.2.6.RELEASE.jar:5.2.6.RELEASE]
	at org.springframework.beans.factory.support.AbstractAutowireCapableBeanFactory.instantiateUsingFactoryMethod(AbstractAutowireCapableBeanFactory.java:1338) ~[spring-beans-5.2.6.RELEASE.jar:5.2.6.RELEASE]
	at org.springframework.beans.factory.support.AbstractAutowireCapableBeanFactory.createBeanInstance(AbstractAutowireCapableBeanFactory.java:1177) ~[spring-beans-5.2.6.RELEASE.jar:5.2.6.RELEASE]
	at org.springframework.beans.factory.support.AbstractAutowireCapableBeanFactory.doCreateBean(AbstractAutowireCapableBeanFactory.java:557) ~[spring-beans-5.2.6.RELEASE.jar:5.2.6.RELEASE]
	at org.springframework.beans.factory.support.AbstractAutowireCapableBeanFactory.createBean(AbstractAutowireCapableBeanFactory.java:517) ~[spring-beans-5.2.6.RELEASE.jar:5.2.6.RELEASE]
	at org.springframework.beans.factory.support.AbstractBeanFactory.lambda$doGetBean$0(AbstractBeanFactory.java:323) ~[spring-beans-5.2.6.RELEASE.jar:5.2.6.RELEASE]
	at org.springframework.beans.factory.support.DefaultSingletonBeanRegistry.getSingleton(DefaultSingletonBeanRegistry.java:226) ~[spring-beans-5.2.6.RELEASE.jar:5.2.6.RELEASE]
	at org.springframework.beans.factory.support.AbstractBeanFactory.doGetBean(AbstractBeanFactory.java:321) ~[spring-beans-5.2.6.RELEASE.jar:5.2.6.RELEASE]
	at org.springframework.beans.factory.support.AbstractBeanFactory.getBean(AbstractBeanFactory.java:202) ~[spring-beans-5.2.6.RELEASE.jar:5.2.6.RELEASE]
	at org.springframework.beans.factory.config.DependencyDescriptor.resolveCandidate(DependencyDescriptor.java:276) ~[spring-beans-5.2.6.RELEASE.jar:5.2.6.RELEASE]
	at org.springframework.beans.factory.support.DefaultListableBeanFactory.doResolveDependency(DefaultListableBeanFactory.java:1306) ~[spring-beans-5.2.6.RELEASE.jar:5.2.6.RELEASE]
	at org.springframework.beans.factory.support.DefaultListableBeanFactory.resolveDependency(DefaultListableBeanFactory.java:1226) ~[spring-beans-5.2.6.RELEASE.jar:5.2.6.RELEASE]
	at org.springframework.beans.factory.annotation.AutowiredAnnotationBeanPostProcessor$AutowiredMethodElement.inject(AutowiredAnnotationBeanPostProcessor.java:715) ~[spring-beans-5.2.6.RELEASE.jar:5.2.6.RELEASE]
	at org.springframework.beans.factory.annotation.InjectionMetadata.inject(InjectionMetadata.java:130) ~[spring-beans-5.2.6.RELEASE.jar:5.2.6.RELEASE]
	at org.springframework.beans.factory.annotation.AutowiredAnnotationBeanPostProcessor.postProcessProperties(AutowiredAnnotationBeanPostProcessor.java:399) ~[spring-beans-5.2.6.RELEASE.jar:5.2.6.RELEASE]
	at org.springframework.beans.factory.support.AbstractAutowireCapableBeanFactory.populateBean(AbstractAutowireCapableBeanFactory.java:1422) ~[spring-beans-5.2.6.RELEASE.jar:5.2.6.RELEASE]
	at org.springframework.beans.factory.support.AbstractAutowireCapableBeanFactory.doCreateBean(AbstractAutowireCapableBeanFactory.java:594) ~[spring-beans-5.2.6.RELEASE.jar:5.2.6.RELEASE]
	at org.springframework.beans.factory.support.AbstractAutowireCapableBeanFactory.createBean(AbstractAutowireCapableBeanFactory.java:517) ~[spring-beans-5.2.6.RELEASE.jar:5.2.6.RELEASE]
	at org.springframework.beans.factory.support.AbstractBeanFactory.lambda$doGetBean$0(AbstractBeanFactory.java:323) ~[spring-beans-5.2.6.RELEASE.jar:5.2.6.RELEASE]
	at org.springframework.beans.factory.support.DefaultSingletonBeanRegistry.getSingleton(DefaultSingletonBeanRegistry.java:226) ~[spring-beans-5.2.6.RELEASE.jar:5.2.6.RELEASE]
	at org.springframework.beans.factory.support.AbstractBeanFactory.doGetBean(AbstractBeanFactory.java:321) ~[spring-beans-5.2.6.RELEASE.jar:5.2.6.RELEASE]
	at org.springframework.beans.factory.support.AbstractBeanFactory.getBean(AbstractBeanFactory.java:202) ~[spring-beans-5.2.6.RELEASE.jar:5.2.6.RELEASE]
	at org.springframework.beans.factory.support.ConstructorResolver.instantiateUsingFactoryMethod(ConstructorResolver.java:409) ~[spring-beans-5.2.6.RELEASE.jar:5.2.6.RELEASE]
	at org.springframework.beans.factory.support.AbstractAutowireCapableBeanFactory.instantiateUsingFactoryMethod(AbstractAutowireCapableBeanFactory.java:1338) ~[spring-beans-5.2.6.RELEASE.jar:5.2.6.RELEASE]
	at org.springframework.beans.factory.support.AbstractAutowireCapableBeanFactory.createBeanInstance(AbstractAutowireCapableBeanFactory.java:1177) ~[spring-beans-5.2.6.RELEASE.jar:5.2.6.RELEASE]
	at org.springframework.beans.factory.support.AbstractAutowireCapableBeanFactory.doCreateBean(AbstractAutowireCapableBeanFactory.java:557) ~[spring-beans-5.2.6.RELEASE.jar:5.2.6.RELEASE]
	at org.springframework.beans.factory.support.AbstractAutowireCapableBeanFactory.createBean(AbstractAutowireCapableBeanFactory.java:517) ~[spring-beans-5.2.6.RELEASE.jar:5.2.6.RELEASE]
	at org.springframework.beans.factory.support.AbstractBeanFactory.lambda$doGetBean$0(AbstractBeanFactory.java:323) ~[spring-beans-5.2.6.RELEASE.jar:5.2.6.RELEASE]
	at org.springframework.beans.factory.support.DefaultSingletonBeanRegistry.getSingleton(DefaultSingletonBeanRegistry.java:226) ~[spring-beans-5.2.6.RELEASE.jar:5.2.6.RELEASE]
	at org.springframework.beans.factory.support.AbstractBeanFactory.doGetBean(AbstractBeanFactory.java:321) ~[spring-beans-5.2.6.RELEASE.jar:5.2.6.RELEASE]
	at org.springframework.beans.factory.support.AbstractBeanFactory.getBean(AbstractBeanFactory.java:207) ~[spring-beans-5.2.6.RELEASE.jar:5.2.6.RELEASE]
	at org.springframework.boot.web.servlet.ServletContextInitializerBeans.getOrderedBeansOfType(ServletContextInitializerBeans.java:211) ~[spring-boot-2.3.0.RELEASE.jar:2.3.0.RELEASE]
	at org.springframework.boot.web.servlet.ServletContextInitializerBeans.getOrderedBeansOfType(ServletContextInitializerBeans.java:202) ~[spring-boot-2.3.0.RELEASE.jar:2.3.0.RELEASE]
	at org.springframework.boot.web.servlet.ServletContextInitializerBeans.addServletContextInitializerBeans(ServletContextInitializerBeans.java:96) ~[spring-boot-2.3.0.RELEASE.jar:2.3.0.RELEASE]
	at org.springframework.boot.web.servlet.ServletContextInitializerBeans.<init>(ServletContextInitializerBeans.java:85) ~[spring-boot-2.3.0.RELEASE.jar:2.3.0.RELEASE]
	at org.springframework.boot.web.servlet.context.ServletWebServerApplicationContext.getServletContextInitializerBeans(ServletWebServerApplicationContext.java:253) ~[spring-boot-2.3.0.RELEASE.jar:2.3.0.RELEASE]
	at org.springframework.boot.web.servlet.context.ServletWebServerApplicationContext.selfInitialize(ServletWebServerApplicationContext.java:227) ~[spring-boot-2.3.0.RELEASE.jar:2.3.0.RELEASE]
	at org.springframework.boot.web.embedded.tomcat.TomcatStarter.onStartup(TomcatStarter.java:53) ~[spring-boot-2.3.0.RELEASE.jar:2.3.0.RELEASE]
	at org.apache.catalina.core.StandardContext.startInternal(StandardContext.java:5136) ~[tomcat-embed-core-9.0.35.jar:9.0.35]
	at org.apache.catalina.util.LifecycleBase.start(LifecycleBase.java:183) ~[tomcat-embed-core-9.0.35.jar:9.0.35]
	at org.apache.catalina.core.ContainerBase$StartChild.call(ContainerBase.java:1384) ~[tomcat-embed-core-9.0.35.jar:9.0.35]
	at org.apache.catalina.core.ContainerBase$StartChild.call(ContainerBase.java:1374) ~[tomcat-embed-core-9.0.35.jar:9.0.35]
	at java.util.concurrent.FutureTask.run(FutureTask.java:264) ~[?:?]
	at org.apache.tomcat.util.threads.InlineExecutorService.execute(InlineExecutorService.java:75) ~[tomcat-embed-core-9.0.35.jar:9.0.35]
	at java.util.concurrent.AbstractExecutorService.submit(AbstractExecutorService.java:140) ~[?:?]
	at org.apache.catalina.core.ContainerBase.startInternal(ContainerBase.java:909) ~[tomcat-embed-core-9.0.35.jar:9.0.35]
	at org.apache.catalina.core.StandardHost.startInternal(StandardHost.java:841) ~[tomcat-embed-core-9.0.35.jar:9.0.35]
	at org.apache.catalina.util.LifecycleBase.start(LifecycleBase.java:183) ~[tomcat-embed-core-9.0.35.jar:9.0.35]
	at org.apache.catalina.core.ContainerBase$StartChild.call(ContainerBase.java:1384) ~[tomcat-embed-core-9.0.35.jar:9.0.35]
	at org.apache.catalina.core.ContainerBase$StartChild.call(ContainerBase.java:1374) ~[tomcat-embed-core-9.0.35.jar:9.0.35]
	at java.util.concurrent.FutureTask.run(FutureTask.java:264) ~[?:?]
	at org.apache.tomcat.util.threads.InlineExecutorService.execute(InlineExecutorService.java:75) ~[tomcat-embed-core-9.0.35.jar:9.0.35]
	at java.util.concurrent.AbstractExecutorService.submit(AbstractExecutorService.java:140) ~[?:?]
	at org.apache.catalina.core.ContainerBase.startInternal(ContainerBase.java:909) ~[tomcat-embed-core-9.0.35.jar:9.0.35]
	at org.apache.catalina.core.StandardEngine.startInternal(StandardEngine.java:262) ~[tomcat-embed-core-9.0.35.jar:9.0.35]
	at org.apache.catalina.util.LifecycleBase.start(LifecycleBase.java:183) ~[tomcat-embed-core-9.0.35.jar:9.0.35]
	at org.apache.catalina.core.StandardService.startInternal(StandardService.java:421) ~[tomcat-embed-core-9.0.35.jar:9.0.35]
	at org.apache.catalina.util.LifecycleBase.start(LifecycleBase.java:183) ~[tomcat-embed-core-9.0.35.jar:9.0.35]
	at org.apache.catalina.core.StandardServer.startInternal(StandardServer.java:930) ~[tomcat-embed-core-9.0.35.jar:9.0.35]
	at org.apache.catalina.util.LifecycleBase.start(LifecycleBase.java:183) ~[tomcat-embed-core-9.0.35.jar:9.0.35]
	at org.apache.catalina.startup.Tomcat.start(Tomcat.java:468) ~[tomcat-embed-core-9.0.35.jar:9.0.35]
	at org.springframework.boot.web.embedded.tomcat.TomcatWebServer.initialize(TomcatWebServer.java:123) ~[spring-boot-2.3.0.RELEASE.jar:2.3.0.RELEASE]
	at org.springframework.boot.web.embedded.tomcat.TomcatWebServer.<init>(TomcatWebServer.java:104) ~[spring-boot-2.3.0.RELEASE.jar:2.3.0.RELEASE]
	at org.springframework.boot.web.embedded.tomcat.TomcatServletWebServerFactory.getTomcatWebServer(TomcatServletWebServerFactory.java:437) ~[spring-boot-2.3.0.RELEASE.jar:2.3.0.RELEASE]
	at org.springframework.boot.web.embedded.tomcat.TomcatServletWebServerFactory.getWebServer(TomcatServletWebServerFactory.java:191) ~[spring-boot-2.3.0.RELEASE.jar:2.3.0.RELEASE]
	at org.springframework.boot.web.servlet.context.ServletWebServerApplicationContext.createWebServer(ServletWebServerApplicationContext.java:176) ~[spring-boot-2.3.0.RELEASE.jar:2.3.0.RELEASE]
	at org.springframework.boot.web.servlet.context.ServletWebServerApplicationContext.onRefresh(ServletWebServerApplicationContext.java:158) ~[spring-boot-2.3.0.RELEASE.jar:2.3.0.RELEASE]
	... 14 more
Caused by: java.sql.SQLSyntaxErrorException: Table 'db_mgr_category' already exists
	at com.mysql.cj.jdbc.exceptions.SQLError.createSQLException(SQLError.java:120) ~[mysql-connector-java-8.0.20.jar:8.0.20]
	at com.mysql.cj.jdbc.exceptions.SQLError.createSQLException(SQLError.java:97) ~[mysql-connector-java-8.0.20.jar:8.0.20]
	at com.mysql.cj.jdbc.exceptions.SQLExceptionsMapping.translateException(SQLExceptionsMapping.java:122) ~[mysql-connector-java-8.0.20.jar:8.0.20]
	at com.mysql.cj.jdbc.StatementImpl.executeInternal(StatementImpl.java:764) ~[mysql-connector-java-8.0.20.jar:8.0.20]
	at com.mysql.cj.jdbc.StatementImpl.execute(StatementImpl.java:648) ~[mysql-connector-java-8.0.20.jar:8.0.20]
	at com.zaxxer.hikari.pool.ProxyStatement.execute(ProxyStatement.java:95) ~[HikariCP-3.4.5.jar:?]
	at com.zaxxer.hikari.pool.HikariProxyStatement.execute(HikariProxyStatement.java) ~[HikariCP-3.4.5.jar:?]
	at liquibase.executor.jvm.JdbcExecutor$ExecuteStatementCallback.doInStatement(JdbcExecutor.java:442) ~[liquibase-core-4.19.0.jar:?]
	at liquibase.executor.jvm.JdbcExecutor.execute(JdbcExecutor.java:78) ~[liquibase-core-4.19.0.jar:?]
	at liquibase.executor.jvm.JdbcExecutor.execute(JdbcExecutor.java:161) ~[liquibase-core-4.19.0.jar:?]
	at liquibase.database.AbstractJdbcDatabase.execute(AbstractJdbcDatabase.java:1270) ~[liquibase-core-4.19.0.jar:?]
	at liquibase.database.AbstractJdbcDatabase.executeStatements(AbstractJdbcDatabase.java:1252) ~[liquibase-core-4.19.0.jar:?]
	at liquibase.changelog.ChangeSet.execute(ChangeSet.java:687) ~[liquibase-core-4.19.0.jar:?]
	at liquibase.changelog.visitor.UpdateVisitor.visit(UpdateVisitor.java:56) ~[liquibase-core-4.19.0.jar:?]
	at liquibase.changelog.ChangeLogIterator$2.lambda$null$0(ChangeLogIterator.java:114) ~[liquibase-core-4.19.0.jar:?]
	at liquibase.Scope.lambda$child$0(Scope.java:180) ~[liquibase-core-4.19.0.jar:?]
	at liquibase.Scope.child(Scope.java:189) ~[liquibase-core-4.19.0.jar:?]
	at liquibase.Scope.child(Scope.java:179) ~[liquibase-core-4.19.0.jar:?]
	at liquibase.Scope.child(Scope.java:158) ~[liquibase-core-4.19.0.jar:?]
	at liquibase.changelog.ChangeLogIterator$2.lambda$run$1(ChangeLogIterator.java:113) ~[liquibase-core-4.19.0.jar:?]
	at liquibase.Scope.lambda$child$0(Scope.java:180) ~[liquibase-core-4.19.0.jar:?]
	at liquibase.Scope.child(Scope.java:189) ~[liquibase-core-4.19.0.jar:?]
	at liquibase.Scope.child(Scope.java:179) ~[liquibase-core-4.19.0.jar:?]
	at liquibase.Scope.child(Scope.java:158) ~[liquibase-core-4.19.0.jar:?]
	at liquibase.Scope.child(Scope.java:243) ~[liquibase-core-4.19.0.jar:?]
	at liquibase.changelog.ChangeLogIterator$2.run(ChangeLogIterator.java:94) ~[liquibase-core-4.19.0.jar:?]
	at liquibase.Scope.lambda$child$0(Scope.java:180) ~[liquibase-core-4.19.0.jar:?]
	at liquibase.Scope.child(Scope.java:189) ~[liquibase-core-4.19.0.jar:?]
	at liquibase.Scope.child(Scope.java:179) ~[liquibase-core-4.19.0.jar:?]
	at liquibase.Scope.child(Scope.java:158) ~[liquibase-core-4.19.0.jar:?]
	at liquibase.Scope.child(Scope.java:243) ~[liquibase-core-4.19.0.jar:?]
	at liquibase.Scope.child(Scope.java:247) ~[liquibase-core-4.19.0.jar:?]
	at liquibase.changelog.ChangeLogIterator.run(ChangeLogIterator.java:66) ~[liquibase-core-4.19.0.jar:?]
	at liquibase.Liquibase.lambda$null$0(Liquibase.java:291) ~[liquibase-core-4.19.0.jar:?]
	at liquibase.Scope.lambda$child$0(Scope.java:180) ~[liquibase-core-4.19.0.jar:?]
	at liquibase.Scope.child(Scope.java:189) ~[liquibase-core-4.19.0.jar:?]
	at liquibase.Scope.child(Scope.java:179) ~[liquibase-core-4.19.0.jar:?]
	at liquibase.Scope.child(Scope.java:158) ~[liquibase-core-4.19.0.jar:?]
	at liquibase.Scope.child(Scope.java:243) ~[liquibase-core-4.19.0.jar:?]
	at liquibase.Liquibase.lambda$update$1(Liquibase.java:290) ~[liquibase-core-4.19.0.jar:?]
	at liquibase.Scope.lambda$child$0(Scope.java:180) ~[liquibase-core-4.19.0.jar:?]
	at liquibase.Scope.child(Scope.java:189) ~[liquibase-core-4.19.0.jar:?]
	at liquibase.Scope.child(Scope.java:179) ~[liquibase-core-4.19.0.jar:?]
	at liquibase.Scope.child(Scope.java:158) ~[liquibase-core-4.19.0.jar:?]
	at liquibase.Liquibase.runInScope(Liquibase.java:2431) ~[liquibase-core-4.19.0.jar:?]
	at liquibase.Liquibase.update(Liquibase.java:237) ~[liquibase-core-4.19.0.jar:?]
	at liquibase.Liquibase.update(Liquibase.java:222) ~[liquibase-core-4.19.0.jar:?]
	at liquibase.integration.spring.SpringLiquibase.performUpdate(SpringLiquibase.java:328) ~[liquibase-core-4.19.0.jar:?]
	at liquibase.integration.spring.SpringLiquibase.afterPropertiesSet(SpringLiquibase.java:283) ~[liquibase-core-4.19.0.jar:?]
	at org.springframework.beans.factory.support.AbstractAutowireCapableBeanFactory.invokeInitMethods(AbstractAutowireCapableBeanFactory.java:1855) ~[spring-beans-5.2.6.RELEASE.jar:5.2.6.RELEASE]
	at org.springframework.beans.factory.support.AbstractAutowireCapableBeanFactory.initializeBean(AbstractAutowireCapableBeanFactory.java:1792) ~[spring-beans-5.2.6.RELEASE.jar:5.2.6.RELEASE]
	at org.springframework.beans.factory.support.AbstractAutowireCapableBeanFactory.doCreateBean(AbstractAutowireCapableBeanFactory.java:595) ~[spring-beans-5.2.6.RELEASE.jar:5.2.6.RELEASE]
	at org.springframework.beans.factory.support.AbstractAutowireCapableBeanFactory.createBean(AbstractAutowireCapableBeanFactory.java:517) ~[spring-beans-5.2.6.RELEASE.jar:5.2.6.RELEASE]
	at org.springframework.beans.factory.support.AbstractBeanFactory.lambda$doGetBean$0(AbstractBeanFactory.java:323) ~[spring-beans-5.2.6.RELEASE.jar:5.2.6.RELEASE]
	at org.springframework.beans.factory.support.DefaultSingletonBeanRegistry.getSingleton(DefaultSingletonBeanRegistry.java:226) ~[spring-beans-5.2.6.RELEASE.jar:5.2.6.RELEASE]
	at org.springframework.beans.factory.support.AbstractBeanFactory.doGetBean(AbstractBeanFactory.java:321) ~[spring-beans-5.2.6.RELEASE.jar:5.2.6.RELEASE]
	at org.springframework.beans.factory.support.AbstractBeanFactory.getBean(AbstractBeanFactory.java:202) ~[spring-beans-5.2.6.RELEASE.jar:5.2.6.RELEASE]
	at org.springframework.beans.factory.support.AbstractBeanFactory.doGetBean(AbstractBeanFactory.java:310) ~[spring-beans-5.2.6.RELEASE.jar:5.2.6.RELEASE]
	at org.springframework.beans.factory.support.AbstractBeanFactory.getBean(AbstractBeanFactory.java:227) ~[spring-beans-5.2.6.RELEASE.jar:5.2.6.RELEASE]
	at org.springframework.beans.factory.support.DefaultListableBeanFactory.resolveNamedBean(DefaultListableBeanFactory.java:1174) ~[spring-beans-5.2.6.RELEASE.jar:5.2.6.RELEASE]
	at org.springframework.beans.factory.support.DefaultListableBeanFactory.resolveBean(DefaultListableBeanFactory.java:422) ~[spring-beans-5.2.6.RELEASE.jar:5.2.6.RELEASE]
	at org.springframework.beans.factory.support.DefaultListableBeanFactory.getBean(DefaultListableBeanFactory.java:352) ~[spring-beans-5.2.6.RELEASE.jar:5.2.6.RELEASE]
	at org.springframework.beans.factory.support.DefaultListableBeanFactory.getBean(DefaultListableBeanFactory.java:345) ~[spring-beans-5.2.6.RELEASE.jar:5.2.6.RELEASE]
	at org.springframework.orm.jpa.EntityManagerFactoryUtils.findEntityManagerFactory(EntityManagerFactoryUtils.java:121) ~[spring-orm-5.2.6.RELEASE.jar:5.2.6.RELEASE]
	at org.springframework.orm.jpa.EntityManagerFactoryAccessor.setBeanFactory(EntityManagerFactoryAccessor.java:155) ~[spring-orm-5.2.6.RELEASE.jar:5.2.6.RELEASE]
	at org.springframework.beans.factory.support.AbstractAutowireCapableBeanFactory.invokeAwareMethods(AbstractAutowireCapableBeanFactory.java:1818) ~[spring-beans-5.2.6.RELEASE.jar:5.2.6.RELEASE]
	at org.springframework.beans.factory.support.AbstractAutowireCapableBeanFactory.initializeBean(AbstractAutowireCapableBeanFactory.java:1783) ~[spring-beans-5.2.6.RELEASE.jar:5.2.6.RELEASE]
	at org.springframework.beans.factory.support.AbstractAutowireCapableBeanFactory.doCreateBean(AbstractAutowireCapableBeanFactory.java:595) ~[spring-beans-5.2.6.RELEASE.jar:5.2.6.RELEASE]
	at org.springframework.beans.factory.support.AbstractAutowireCapableBeanFactory.createBean(AbstractAutowireCapableBeanFactory.java:517) ~[spring-beans-5.2.6.RELEASE.jar:5.2.6.RELEASE]
	at org.springframework.beans.factory.support.AbstractBeanFactory.lambda$doGetBean$0(AbstractBeanFactory.java:323) ~[spring-beans-5.2.6.RELEASE.jar:5.2.6.RELEASE]
	at org.springframework.beans.factory.support.DefaultSingletonBeanRegistry.getSingleton(DefaultSingletonBeanRegistry.java:226) ~[spring-beans-5.2.6.RELEASE.jar:5.2.6.RELEASE]
	at org.springframework.beans.factory.support.AbstractBeanFactory.doGetBean(AbstractBeanFactory.java:321) ~[spring-beans-5.2.6.RELEASE.jar:5.2.6.RELEASE]
	at org.springframework.beans.factory.support.AbstractBeanFactory.getBean(AbstractBeanFactory.java:202) ~[spring-beans-5.2.6.RELEASE.jar:5.2.6.RELEASE]
	at org.springframework.beans.factory.config.DependencyDescriptor.resolveCandidate(DependencyDescriptor.java:276) ~[spring-beans-5.2.6.RELEASE.jar:5.2.6.RELEASE]
	at org.springframework.beans.factory.support.DefaultListableBeanFactory.doResolveDependency(DefaultListableBeanFactory.java:1306) ~[spring-beans-5.2.6.RELEASE.jar:5.2.6.RELEASE]
	at org.springframework.beans.factory.support.DefaultListableBeanFactory.resolveDependency(DefaultListableBeanFactory.java:1226) ~[spring-beans-5.2.6.RELEASE.jar:5.2.6.RELEASE]
	at org.springframework.beans.factory.support.ConstructorResolver.resolveAutowiredArgument(ConstructorResolver.java:885) ~[spring-beans-5.2.6.RELEASE.jar:5.2.6.RELEASE]
	at org.springframework.beans.factory.support.ConstructorResolver.createArgumentArray(ConstructorResolver.java:789) ~[spring-beans-5.2.6.RELEASE.jar:5.2.6.RELEASE]
	at org.springframework.beans.factory.support.ConstructorResolver.instantiateUsingFactoryMethod(ConstructorResolver.java:539) ~[spring-beans-5.2.6.RELEASE.jar:5.2.6.RELEASE]
	at org.springframework.beans.factory.support.AbstractAutowireCapableBeanFactory.instantiateUsingFactoryMethod(AbstractAutowireCapableBeanFactory.java:1338) ~[spring-beans-5.2.6.RELEASE.jar:5.2.6.RELEASE]
	at org.springframework.beans.factory.support.AbstractAutowireCapableBeanFactory.createBeanInstance(AbstractAutowireCapableBeanFactory.java:1177) ~[spring-beans-5.2.6.RELEASE.jar:5.2.6.RELEASE]
	at org.springframework.beans.factory.support.AbstractAutowireCapableBeanFactory.doCreateBean(AbstractAutowireCapableBeanFactory.java:557) ~[spring-beans-5.2.6.RELEASE.jar:5.2.6.RELEASE]
	at org.springframework.beans.factory.support.AbstractAutowireCapableBeanFactory.createBean(AbstractAutowireCapableBeanFactory.java:517) ~[spring-beans-5.2.6.RELEASE.jar:5.2.6.RELEASE]
	at org.springframework.beans.factory.support.AbstractBeanFactory.lambda$doGetBean$0(AbstractBeanFactory.java:323) ~[spring-beans-5.2.6.RELEASE.jar:5.2.6.RELEASE]
	at org.springframework.beans.factory.support.DefaultSingletonBeanRegistry.getSingleton(DefaultSingletonBeanRegistry.java:226) ~[spring-beans-5.2.6.RELEASE.jar:5.2.6.RELEASE]
	at org.springframework.beans.factory.support.AbstractBeanFactory.doGetBean(AbstractBeanFactory.java:321) ~[spring-beans-5.2.6.RELEASE.jar:5.2.6.RELEASE]
	at org.springframework.beans.factory.support.AbstractBeanFactory.getBean(AbstractBeanFactory.java:202) ~[spring-beans-5.2.6.RELEASE.jar:5.2.6.RELEASE]
	at org.springframework.beans.factory.config.DependencyDescriptor.resolveCandidate(DependencyDescriptor.java:276) ~[spring-beans-5.2.6.RELEASE.jar:5.2.6.RELEASE]
	at org.springframework.beans.factory.support.DefaultListableBeanFactory.addCandidateEntry(DefaultListableBeanFactory.java:1524) ~[spring-beans-5.2.6.RELEASE.jar:5.2.6.RELEASE]
	at org.springframework.beans.factory.support.DefaultListableBeanFactory.findAutowireCandidates(DefaultListableBeanFactory.java:1488) ~[spring-beans-5.2.6.RELEASE.jar:5.2.6.RELEASE]
	at org.springframework.beans.factory.support.DefaultListableBeanFactory.resolveMultipleBeans(DefaultListableBeanFactory.java:1377) ~[spring-beans-5.2.6.RELEASE.jar:5.2.6.RELEASE]
	at org.springframework.beans.factory.support.DefaultListableBeanFactory.doResolveDependency(DefaultListableBeanFactory.java:1264) ~[spring-beans-5.2.6.RELEASE.jar:5.2.6.RELEASE]
	at org.springframework.beans.factory.support.DefaultListableBeanFactory.resolveDependency(DefaultListableBeanFactory.java:1226) ~[spring-beans-5.2.6.RELEASE.jar:5.2.6.RELEASE]
	at org.springframework.beans.factory.annotation.AutowiredAnnotationBeanPostProcessor$AutowiredMethodElement.inject(AutowiredAnnotationBeanPostProcessor.java:715) ~[spring-beans-5.2.6.RELEASE.jar:5.2.6.RELEASE]
	at org.springframework.beans.factory.annotation.InjectionMetadata.inject(InjectionMetadata.java:130) ~[spring-beans-5.2.6.RELEASE.jar:5.2.6.RELEASE]
	at org.springframework.beans.factory.annotation.AutowiredAnnotationBeanPostProcessor.postProcessProperties(AutowiredAnnotationBeanPostProcessor.java:399) ~[spring-beans-5.2.6.RELEASE.jar:5.2.6.RELEASE]
	at org.springframework.beans.factory.support.AbstractAutowireCapableBeanFactory.populateBean(AbstractAutowireCapableBeanFactory.java:1422) ~[spring-beans-5.2.6.RELEASE.jar:5.2.6.RELEASE]
	at org.springframework.beans.factory.support.AbstractAutowireCapableBeanFactory.doCreateBean(AbstractAutowireCapableBeanFactory.java:594) ~[spring-beans-5.2.6.RELEASE.jar:5.2.6.RELEASE]
	at org.springframework.beans.factory.support.AbstractAutowireCapableBeanFactory.createBean(AbstractAutowireCapableBeanFactory.java:517) ~[spring-beans-5.2.6.RELEASE.jar:5.2.6.RELEASE]
	at org.springframework.beans.factory.support.AbstractBeanFactory.lambda$doGetBean$0(AbstractBeanFactory.java:323) ~[spring-beans-5.2.6.RELEASE.jar:5.2.6.RELEASE]
	at org.springframework.beans.factory.support.DefaultSingletonBeanRegistry.getSingleton(DefaultSingletonBeanRegistry.java:226) ~[spring-beans-5.2.6.RELEASE.jar:5.2.6.RELEASE]
	at org.springframework.beans.factory.support.AbstractBeanFactory.doGetBean(AbstractBeanFactory.java:321) ~[spring-beans-5.2.6.RELEASE.jar:5.2.6.RELEASE]
	at org.springframework.beans.factory.support.AbstractBeanFactory.getBean(AbstractBeanFactory.java:202) ~[spring-beans-5.2.6.RELEASE.jar:5.2.6.RELEASE]
	at org.springframework.beans.factory.support.ConstructorResolver.instantiateUsingFactoryMethod(ConstructorResolver.java:409) ~[spring-beans-5.2.6.RELEASE.jar:5.2.6.RELEASE]
	at org.springframework.beans.factory.support.AbstractAutowireCapableBeanFactory.instantiateUsingFactoryMethod(AbstractAutowireCapableBeanFactory.java:1338) ~[spring-beans-5.2.6.RELEASE.jar:5.2.6.RELEASE]
	at org.springframework.beans.factory.support.AbstractAutowireCapableBeanFactory.createBeanInstance(AbstractAutowireCapableBeanFactory.java:1177) ~[spring-beans-5.2.6.RELEASE.jar:5.2.6.RELEASE]
	at org.springframework.beans.factory.support.AbstractAutowireCapableBeanFactory.doCreateBean(AbstractAutowireCapableBeanFactory.java:557) ~[spring-beans-5.2.6.RELEASE.jar:5.2.6.RELEASE]
	at org.springframework.beans.factory.support.AbstractAutowireCapableBeanFactory.createBean(AbstractAutowireCapableBeanFactory.java:517) ~[spring-beans-5.2.6.RELEASE.jar:5.2.6.RELEASE]
	at org.springframework.beans.factory.support.AbstractBeanFactory.lambda$doGetBean$0(AbstractBeanFactory.java:323) ~[spring-beans-5.2.6.RELEASE.jar:5.2.6.RELEASE]
	at org.springframework.beans.factory.support.DefaultSingletonBeanRegistry.getSingleton(DefaultSingletonBeanRegistry.java:226) ~[spring-beans-5.2.6.RELEASE.jar:5.2.6.RELEASE]
	at org.springframework.beans.factory.support.AbstractBeanFactory.doGetBean(AbstractBeanFactory.java:321) ~[spring-beans-5.2.6.RELEASE.jar:5.2.6.RELEASE]
	at org.springframework.beans.factory.support.AbstractBeanFactory.getBean(AbstractBeanFactory.java:202) ~[spring-beans-5.2.6.RELEASE.jar:5.2.6.RELEASE]
	at org.springframework.beans.factory.config.DependencyDescriptor.resolveCandidate(DependencyDescriptor.java:276) ~[spring-beans-5.2.6.RELEASE.jar:5.2.6.RELEASE]
	at org.springframework.beans.factory.support.DefaultListableBeanFactory.doResolveDependency(DefaultListableBeanFactory.java:1306) ~[spring-beans-5.2.6.RELEASE.jar:5.2.6.RELEASE]
	at org.springframework.beans.factory.support.DefaultListableBeanFactory.resolveDependency(DefaultListableBeanFactory.java:1226) ~[spring-beans-5.2.6.RELEASE.jar:5.2.6.RELEASE]
	at org.springframework.beans.factory.annotation.AutowiredAnnotationBeanPostProcessor$AutowiredMethodElement.inject(AutowiredAnnotationBeanPostProcessor.java:715) ~[spring-beans-5.2.6.RELEASE.jar:5.2.6.RELEASE]
	at org.springframework.beans.factory.annotation.InjectionMetadata.inject(InjectionMetadata.java:130) ~[spring-beans-5.2.6.RELEASE.jar:5.2.6.RELEASE]
	at org.springframework.beans.factory.annotation.AutowiredAnnotationBeanPostProcessor.postProcessProperties(AutowiredAnnotationBeanPostProcessor.java:399) ~[spring-beans-5.2.6.RELEASE.jar:5.2.6.RELEASE]
	at org.springframework.beans.factory.support.AbstractAutowireCapableBeanFactory.populateBean(AbstractAutowireCapableBeanFactory.java:1422) ~[spring-beans-5.2.6.RELEASE.jar:5.2.6.RELEASE]
	at org.springframework.beans.factory.support.AbstractAutowireCapableBeanFactory.doCreateBean(AbstractAutowireCapableBeanFactory.java:594) ~[spring-beans-5.2.6.RELEASE.jar:5.2.6.RELEASE]
	at org.springframework.beans.factory.support.AbstractAutowireCapableBeanFactory.createBean(AbstractAutowireCapableBeanFactory.java:517) ~[spring-beans-5.2.6.RELEASE.jar:5.2.6.RELEASE]
	at org.springframework.beans.factory.support.AbstractBeanFactory.lambda$doGetBean$0(AbstractBeanFactory.java:323) ~[spring-beans-5.2.6.RELEASE.jar:5.2.6.RELEASE]
	at org.springframework.beans.factory.support.DefaultSingletonBeanRegistry.getSingleton(DefaultSingletonBeanRegistry.java:226) ~[spring-beans-5.2.6.RELEASE.jar:5.2.6.RELEASE]
	at org.springframework.beans.factory.support.AbstractBeanFactory.doGetBean(AbstractBeanFactory.java:321) ~[spring-beans-5.2.6.RELEASE.jar:5.2.6.RELEASE]
	at org.springframework.beans.factory.support.AbstractBeanFactory.getBean(AbstractBeanFactory.java:202) ~[spring-beans-5.2.6.RELEASE.jar:5.2.6.RELEASE]
	at org.springframework.beans.factory.support.ConstructorResolver.instantiateUsingFactoryMethod(ConstructorResolver.java:409) ~[spring-beans-5.2.6.RELEASE.jar:5.2.6.RELEASE]
	at org.springframework.beans.factory.support.AbstractAutowireCapableBeanFactory.instantiateUsingFactoryMethod(AbstractAutowireCapableBeanFactory.java:1338) ~[spring-beans-5.2.6.RELEASE.jar:5.2.6.RELEASE]
	at org.springframework.beans.factory.support.AbstractAutowireCapableBeanFactory.createBeanInstance(AbstractAutowireCapableBeanFactory.java:1177) ~[spring-beans-5.2.6.RELEASE.jar:5.2.6.RELEASE]
	at org.springframework.beans.factory.support.AbstractAutowireCapableBeanFactory.doCreateBean(AbstractAutowireCapableBeanFactory.java:557) ~[spring-beans-5.2.6.RELEASE.jar:5.2.6.RELEASE]
	at org.springframework.beans.factory.support.AbstractAutowireCapableBeanFactory.createBean(AbstractAutowireCapableBeanFactory.java:517) ~[spring-beans-5.2.6.RELEASE.jar:5.2.6.RELEASE]
	at org.springframework.beans.factory.support.AbstractBeanFactory.lambda$doGetBean$0(AbstractBeanFactory.java:323) ~[spring-beans-5.2.6.RELEASE.jar:5.2.6.RELEASE]
	at org.springframework.beans.factory.support.DefaultSingletonBeanRegistry.getSingleton(DefaultSingletonBeanRegistry.java:226) ~[spring-beans-5.2.6.RELEASE.jar:5.2.6.RELEASE]
	at org.springframework.beans.factory.support.AbstractBeanFactory.doGetBean(AbstractBeanFactory.java:321) ~[spring-beans-5.2.6.RELEASE.jar:5.2.6.RELEASE]
	at org.springframework.beans.factory.support.AbstractBeanFactory.getBean(AbstractBeanFactory.java:207) ~[spring-beans-5.2.6.RELEASE.jar:5.2.6.RELEASE]
	at org.springframework.boot.web.servlet.ServletContextInitializerBeans.getOrderedBeansOfType(ServletContextInitializerBeans.java:211) ~[spring-boot-2.3.0.RELEASE.jar:2.3.0.RELEASE]
	at org.springframework.boot.web.servlet.ServletContextInitializerBeans.getOrderedBeansOfType(ServletContextInitializerBeans.java:202) ~[spring-boot-2.3.0.RELEASE.jar:2.3.0.RELEASE]
	at org.springframework.boot.web.servlet.ServletContextInitializerBeans.addServletContextInitializerBeans(ServletContextInitializerBeans.java:96) ~[spring-boot-2.3.0.RELEASE.jar:2.3.0.RELEASE]
	at org.springframework.boot.web.servlet.ServletContextInitializerBeans.<init>(ServletContextInitializerBeans.java:85) ~[spring-boot-2.3.0.RELEASE.jar:2.3.0.RELEASE]
	at org.springframework.boot.web.servlet.context.ServletWebServerApplicationContext.getServletContextInitializerBeans(ServletWebServerApplicationContext.java:253) ~[spring-boot-2.3.0.RELEASE.jar:2.3.0.RELEASE]
	at org.springframework.boot.web.servlet.context.ServletWebServerApplicationContext.selfInitialize(ServletWebServerApplicationContext.java:227) ~[spring-boot-2.3.0.RELEASE.jar:2.3.0.RELEASE]
	at org.springframework.boot.web.embedded.tomcat.TomcatStarter.onStartup(TomcatStarter.java:53) ~[spring-boot-2.3.0.RELEASE.jar:2.3.0.RELEASE]
	at org.apache.catalina.core.StandardContext.startInternal(StandardContext.java:5136) ~[tomcat-embed-core-9.0.35.jar:9.0.35]
	at org.apache.catalina.util.LifecycleBase.start(LifecycleBase.java:183) ~[tomcat-embed-core-9.0.35.jar:9.0.35]
	at org.apache.catalina.core.ContainerBase$StartChild.call(ContainerBase.java:1384) ~[tomcat-embed-core-9.0.35.jar:9.0.35]
	at org.apache.catalina.core.ContainerBase$StartChild.call(ContainerBase.java:1374) ~[tomcat-embed-core-9.0.35.jar:9.0.35]
	at java.util.concurrent.FutureTask.run(FutureTask.java:264) ~[?:?]
	at org.apache.tomcat.util.threads.InlineExecutorService.execute(InlineExecutorService.java:75) ~[tomcat-embed-core-9.0.35.jar:9.0.35]
	at java.util.concurrent.AbstractExecutorService.submit(AbstractExecutorService.java:140) ~[?:?]
	at org.apache.catalina.core.ContainerBase.startInternal(ContainerBase.java:909) ~[tomcat-embed-core-9.0.35.jar:9.0.35]
	at org.apache.catalina.core.StandardHost.startInternal(StandardHost.java:841) ~[tomcat-embed-core-9.0.35.jar:9.0.35]
	at org.apache.catalina.util.LifecycleBase.start(LifecycleBase.java:183) ~[tomcat-embed-core-9.0.35.jar:9.0.35]
	at org.apache.catalina.core.ContainerBase$StartChild.call(ContainerBase.java:1384) ~[tomcat-embed-core-9.0.35.jar:9.0.35]
	at org.apache.catalina.core.ContainerBase$StartChild.call(ContainerBase.java:1374) ~[tomcat-embed-core-9.0.35.jar:9.0.35]
	at java.util.concurrent.FutureTask.run(FutureTask.java:264) ~[?:?]
	at org.apache.tomcat.util.threads.InlineExecutorService.execute(InlineExecutorService.java:75) ~[tomcat-embed-core-9.0.35.jar:9.0.35]
	at java.util.concurrent.AbstractExecutorService.submit(AbstractExecutorService.java:140) ~[?:?]
	at org.apache.catalina.core.ContainerBase.startInternal(ContainerBase.java:909) ~[tomcat-embed-core-9.0.35.jar:9.0.35]
	at org.apache.catalina.core.StandardEngine.startInternal(StandardEngine.java:262) ~[tomcat-embed-core-9.0.35.jar:9.0.35]
	at org.apache.catalina.util.LifecycleBase.start(LifecycleBase.java:183) ~[tomcat-embed-core-9.0.35.jar:9.0.35]
	at org.apache.catalina.core.StandardService.startInternal(StandardService.java:421) ~[tomcat-embed-core-9.0.35.jar:9.0.35]
	at org.apache.catalina.util.LifecycleBase.start(LifecycleBase.java:183) ~[tomcat-embed-core-9.0.35.jar:9.0.35]
	at org.apache.catalina.core.StandardServer.startInternal(StandardServer.java:930) ~[tomcat-embed-core-9.0.35.jar:9.0.35]
	at org.apache.catalina.util.LifecycleBase.start(LifecycleBase.java:183) ~[tomcat-embed-core-9.0.35.jar:9.0.35]
	at org.apache.catalina.startup.Tomcat.start(Tomcat.java:468) ~[tomcat-embed-core-9.0.35.jar:9.0.35]
	at org.springframework.boot.web.embedded.tomcat.TomcatWebServer.initialize(TomcatWebServer.java:123) ~[spring-boot-2.3.0.RELEASE.jar:2.3.0.RELEASE]
	at org.springframework.boot.web.embedded.tomcat.TomcatWebServer.<init>(TomcatWebServer.java:104) ~[spring-boot-2.3.0.RELEASE.jar:2.3.0.RELEASE]
	at org.springframework.boot.web.embedded.tomcat.TomcatServletWebServerFactory.getTomcatWebServer(TomcatServletWebServerFactory.java:437) ~[spring-boot-2.3.0.RELEASE.jar:2.3.0.RELEASE]
	at org.springframework.boot.web.embedded.tomcat.TomcatServletWebServerFactory.getWebServer(TomcatServletWebServerFactory.java:191) ~[spring-boot-2.3.0.RELEASE.jar:2.3.0.RELEASE]
	at org.springframework.boot.web.servlet.context.ServletWebServerApplicationContext.createWebServer(ServletWebServerApplicationContext.java:176) ~[spring-boot-2.3.0.RELEASE.jar:2.3.0.RELEASE]
	at org.springframework.boot.web.servlet.context.ServletWebServerApplicationContext.onRefresh(ServletWebServerApplicationContext.java:158) ~[spring-boot-2.3.0.RELEASE.jar:2.3.0.RELEASE]
	... 14 more

2026-03-31 00:43:00.598  WARN 14780 --- [restartedMain] JpaBaseConfiguration$JpaWebConfiguration : spring.jpa.open-in-view is enabled by default. Therefore, database queries may be performed during view rendering. Explicitly configure spring.jpa.open-in-view to disable this warning
2026-03-31 00:43:02.834 ERROR 14780 --- [restartedMain] o.s.b.w.e.t.TomcatStarter                : Error starting Tomcat context. Exception: org.springframework.beans.factory.UnsatisfiedDependencyException. Message: Error creating bean with name 'securityConfig': Unsatisfied dependency expressed through method 'setContentNegotationStrategy' parameter 0; nested exception is org.springframework.beans.factory.UnsatisfiedDependencyException: Error creating bean with name 'org.springframework.web.servlet.config.annotation.DelegatingWebMvcConfiguration': Unsatisfied dependency expressed through method 'setConfigurers' parameter 0; nested exception is org.springframework.beans.factory.UnsatisfiedDependencyException: Error creating bean with name 'openEntityManagerInViewInterceptorConfigurer' defined in class path resource [org/springframework/boot/autoconfigure/orm/jpa/JpaBaseConfiguration$JpaWebConfiguration.class]: Unsatisfied dependency expressed through method 'openEntityManagerInViewInterceptorConfigurer' parameter 0; nested exception is org.springframework.beans.factory.BeanCreationException: Error creating bean with name 'openEntityManagerInViewInterceptor' defined in class path resource [org/springframework/boot/autoconfigure/orm/jpa/JpaBaseConfiguration$JpaWebConfiguration.class]: Initialization of bean failed; nested exception is org.springframework.beans.factory.BeanCreationException: Error creating bean with name 'liquibase' defined in class path resource [org/springframework/boot/autoconfigure/liquibase/LiquibaseAutoConfiguration$LiquibaseConfiguration.class]: Invocation of init method failed; nested exception is liquibase.exception.LiquibaseException: liquibase.exception.MigrationFailedException: Migration failed for changeset liquibase/dev/20260330.xml::1774866976264-1::Authentication:
     Reason: liquibase.exception.DatabaseException: Table 'db_mgr_news' already exists [Failed SQL: (1050) CREATE TABLE account_managerment.db_mgr_news (id BIGINT NOT NULL, content LONGTEXT NULL, title VARCHAR(255) NULL, category_id BIGINT NULL, created_by VARCHAR(255) NOT NULL, created_date datetime NOT NULL, modified_by VARCHAR(255) NOT NULL, modified_date datetime NOT NULL, status INT NOT NULL, CONSTRAINT db_mgr_newsPK PRIMARY KEY (id))]
2026-03-31 00:43:02.875  WARN 14780 --- [restartedMain] o.a.c.l.WebappClassLoaderBase            : The web application [ROOT] appears to have started a thread named [HikariPool-1 housekeeper] but has failed to stop it. This is very likely to create a memory leak. Stack trace of thread:
 java.base@11.0.30/jdk.internal.misc.Unsafe.park(Native Method)
 java.base@11.0.30/java.util.concurrent.locks.LockSupport.parkNanos(LockSupport.java:234)
 java.base@11.0.30/java.util.concurrent.locks.AbstractQueuedSynchronizer$ConditionObject.awaitNanos(AbstractQueuedSynchronizer.java:2123)
 java.base@11.0.30/java.util.concurrent.ScheduledThreadPoolExecutor$DelayedWorkQueue.take(ScheduledThreadPoolExecutor.java:1182)
 java.base@11.0.30/java.util.concurrent.ScheduledThreadPoolExecutor$DelayedWorkQueue.take(ScheduledThreadPoolExecutor.java:899)
 java.base@11.0.30/java.util.concurrent.ThreadPoolExecutor.getTask(ThreadPoolExecutor.java:1054)
 java.base@11.0.30/java.util.concurrent.ThreadPoolExecutor.runWorker(ThreadPoolExecutor.java:1114)
 java.base@11.0.30/java.util.concurrent.ThreadPoolExecutor$Worker.run(ThreadPoolExecutor.java:628)
 java.base@11.0.30/java.lang.Thread.run(Thread.java:829)
2026-03-31 00:43:02.875  WARN 14780 --- [restartedMain] o.a.c.l.WebappClassLoaderBase            : The web application [ROOT] appears to have started a thread named [HikariPool-1 connection adder] but has failed to stop it. This is very likely to create a memory leak. Stack trace of thread:
 java.base@11.0.30/jdk.internal.misc.Unsafe.park(Native Method)
 java.base@11.0.30/java.util.concurrent.locks.LockSupport.parkNanos(LockSupport.java:234)
 java.base@11.0.30/java.util.concurrent.locks.AbstractQueuedSynchronizer$ConditionObject.awaitNanos(AbstractQueuedSynchronizer.java:2123)
 java.base@11.0.30/java.util.concurrent.LinkedBlockingQueue.poll(LinkedBlockingQueue.java:458)
 java.base@11.0.30/java.util.concurrent.ThreadPoolExecutor.getTask(ThreadPoolExecutor.java:1053)
 java.base@11.0.30/java.util.concurrent.ThreadPoolExecutor.runWorker(ThreadPoolExecutor.java:1114)
 java.base@11.0.30/java.util.concurrent.ThreadPoolExecutor$Worker.run(ThreadPoolExecutor.java:628)
 java.base@11.0.30/java.lang.Thread.run(Thread.java:829)
2026-03-31 00:43:02.875  WARN 14780 --- [restartedMain] ConfigServletWebServerApplicationContext : Exception encountered during context initialization - cancelling refresh attempt: org.springframework.context.ApplicationContextException: Unable to start web server; nested exception is org.springframework.boot.web.server.WebServerException: Unable to start embedded Tomcat
2026-03-31 00:43:02.912 ERROR 14780 --- [restartedMain] o.s.b.SpringApplication                  : Application run failed

org.springframework.context.ApplicationContextException: Unable to start web server; nested exception is org.springframework.boot.web.server.WebServerException: Unable to start embedded Tomcat
	at org.springframework.boot.web.servlet.context.ServletWebServerApplicationContext.onRefresh(ServletWebServerApplicationContext.java:161) ~[spring-boot-2.3.0.RELEASE.jar:2.3.0.RELEASE]
	at org.springframework.context.support.AbstractApplicationContext.refresh(AbstractApplicationContext.java:544) ~[spring-context-5.2.6.RELEASE.jar:5.2.6.RELEASE]
	at org.springframework.boot.web.servlet.context.ServletWebServerApplicationContext.refresh(ServletWebServerApplicationContext.java:143) ~[spring-boot-2.3.0.RELEASE.jar:2.3.0.RELEASE]
	at org.springframework.boot.SpringApplication.refresh(SpringApplication.java:758) ~[spring-boot-2.3.0.RELEASE.jar:2.3.0.RELEASE]
	at org.springframework.boot.SpringApplication.refresh(SpringApplication.java:750) [spring-boot-2.3.0.RELEASE.jar:2.3.0.RELEASE]
	at org.springframework.boot.SpringApplication.refreshContext(SpringApplication.java:397) [spring-boot-2.3.0.RELEASE.jar:2.3.0.RELEASE]
	at org.springframework.boot.SpringApplication.run(SpringApplication.java:315) [spring-boot-2.3.0.RELEASE.jar:2.3.0.RELEASE]
	at org.springframework.boot.SpringApplication.run(SpringApplication.java:1237) [spring-boot-2.3.0.RELEASE.jar:2.3.0.RELEASE]
	at org.springframework.boot.SpringApplication.run(SpringApplication.java:1226) [spring-boot-2.3.0.RELEASE.jar:2.3.0.RELEASE]
	at com.mgr.api.ManagementApplication.main(ManagementApplication.java:33) [classes/:?]
	at jdk.internal.reflect.NativeMethodAccessorImpl.invoke0(Native Method) ~[?:?]
	at jdk.internal.reflect.NativeMethodAccessorImpl.invoke(NativeMethodAccessorImpl.java:62) ~[?:?]
	at jdk.internal.reflect.DelegatingMethodAccessorImpl.invoke(DelegatingMethodAccessorImpl.java:43) ~[?:?]
	at java.lang.reflect.Method.invoke(Method.java:566) ~[?:?]
	at org.springframework.boot.devtools.restart.RestartLauncher.run(RestartLauncher.java:49) [spring-boot-devtools-2.3.0.RELEASE.jar:2.3.0.RELEASE]
Caused by: org.springframework.boot.web.server.WebServerException: Unable to start embedded Tomcat
	at org.springframework.boot.web.embedded.tomcat.TomcatWebServer.initialize(TomcatWebServer.java:142) ~[spring-boot-2.3.0.RELEASE.jar:2.3.0.RELEASE]
	at org.springframework.boot.web.embedded.tomcat.TomcatWebServer.<init>(TomcatWebServer.java:104) ~[spring-boot-2.3.0.RELEASE.jar:2.3.0.RELEASE]
	at org.springframework.boot.web.embedded.tomcat.TomcatServletWebServerFactory.getTomcatWebServer(TomcatServletWebServerFactory.java:437) ~[spring-boot-2.3.0.RELEASE.jar:2.3.0.RELEASE]
	at org.springframework.boot.web.embedded.tomcat.TomcatServletWebServerFactory.getWebServer(TomcatServletWebServerFactory.java:191) ~[spring-boot-2.3.0.RELEASE.jar:2.3.0.RELEASE]
	at org.springframework.boot.web.servlet.context.ServletWebServerApplicationContext.createWebServer(ServletWebServerApplicationContext.java:176) ~[spring-boot-2.3.0.RELEASE.jar:2.3.0.RELEASE]
	at org.springframework.boot.web.servlet.context.ServletWebServerApplicationContext.onRefresh(ServletWebServerApplicationContext.java:158) ~[spring-boot-2.3.0.RELEASE.jar:2.3.0.RELEASE]
	... 14 more
Caused by: org.springframework.beans.factory.UnsatisfiedDependencyException: Error creating bean with name 'securityConfig': Unsatisfied dependency expressed through method 'setContentNegotationStrategy' parameter 0; nested exception is org.springframework.beans.factory.UnsatisfiedDependencyException: Error creating bean with name 'org.springframework.web.servlet.config.annotation.DelegatingWebMvcConfiguration': Unsatisfied dependency expressed through method 'setConfigurers' parameter 0; nested exception is org.springframework.beans.factory.UnsatisfiedDependencyException: Error creating bean with name 'openEntityManagerInViewInterceptorConfigurer' defined in class path resource [org/springframework/boot/autoconfigure/orm/jpa/JpaBaseConfiguration$JpaWebConfiguration.class]: Unsatisfied dependency expressed through method 'openEntityManagerInViewInterceptorConfigurer' parameter 0; nested exception is org.springframework.beans.factory.BeanCreationException: Error creating bean with name 'openEntityManagerInViewInterceptor' defined in class path resource [org/springframework/boot/autoconfigure/orm/jpa/JpaBaseConfiguration$JpaWebConfiguration.class]: Initialization of bean failed; nested exception is org.springframework.beans.factory.BeanCreationException: Error creating bean with name 'liquibase' defined in class path resource [org/springframework/boot/autoconfigure/liquibase/LiquibaseAutoConfiguration$LiquibaseConfiguration.class]: Invocation of init method failed; nested exception is liquibase.exception.LiquibaseException: liquibase.exception.MigrationFailedException: Migration failed for changeset liquibase/dev/20260330.xml::1774866976264-1::Authentication:
     Reason: liquibase.exception.DatabaseException: Table 'db_mgr_news' already exists [Failed SQL: (1050) CREATE TABLE account_managerment.db_mgr_news (id BIGINT NOT NULL, content LONGTEXT NULL, title VARCHAR(255) NULL, category_id BIGINT NULL, created_by VARCHAR(255) NOT NULL, created_date datetime NOT NULL, modified_by VARCHAR(255) NOT NULL, modified_date datetime NOT NULL, status INT NOT NULL, CONSTRAINT db_mgr_newsPK PRIMARY KEY (id))]
	at org.springframework.beans.factory.annotation.AutowiredAnnotationBeanPostProcessor$AutowiredMethodElement.inject(AutowiredAnnotationBeanPostProcessor.java:723) ~[spring-beans-5.2.6.RELEASE.jar:5.2.6.RELEASE]
	at org.springframework.beans.factory.annotation.InjectionMetadata.inject(InjectionMetadata.java:130) ~[spring-beans-5.2.6.RELEASE.jar:5.2.6.RELEASE]
	at org.springframework.beans.factory.annotation.AutowiredAnnotationBeanPostProcessor.postProcessProperties(AutowiredAnnotationBeanPostProcessor.java:399) ~[spring-beans-5.2.6.RELEASE.jar:5.2.6.RELEASE]
	at org.springframework.beans.factory.support.AbstractAutowireCapableBeanFactory.populateBean(AbstractAutowireCapableBeanFactory.java:1422) ~[spring-beans-5.2.6.RELEASE.jar:5.2.6.RELEASE]
	at org.springframework.beans.factory.support.AbstractAutowireCapableBeanFactory.doCreateBean(AbstractAutowireCapableBeanFactory.java:594) ~[spring-beans-5.2.6.RELEASE.jar:5.2.6.RELEASE]
	at org.springframework.beans.factory.support.AbstractAutowireCapableBeanFactory.createBean(AbstractAutowireCapableBeanFactory.java:517) ~[spring-beans-5.2.6.RELEASE.jar:5.2.6.RELEASE]
	at org.springframework.beans.factory.support.AbstractBeanFactory.lambda$doGetBean$0(AbstractBeanFactory.java:323) ~[spring-beans-5.2.6.RELEASE.jar:5.2.6.RELEASE]
	at org.springframework.beans.factory.support.DefaultSingletonBeanRegistry.getSingleton(DefaultSingletonBeanRegistry.java:226) ~[spring-beans-5.2.6.RELEASE.jar:5.2.6.RELEASE]
	at org.springframework.beans.factory.support.AbstractBeanFactory.doGetBean(AbstractBeanFactory.java:321) ~[spring-beans-5.2.6.RELEASE.jar:5.2.6.RELEASE]
	at org.springframework.beans.factory.support.AbstractBeanFactory.getBean(AbstractBeanFactory.java:202) ~[spring-beans-5.2.6.RELEASE.jar:5.2.6.RELEASE]
	at org.springframework.beans.factory.support.ConstructorResolver.instantiateUsingFactoryMethod(ConstructorResolver.java:409) ~[spring-beans-5.2.6.RELEASE.jar:5.2.6.RELEASE]
	at org.springframework.beans.factory.support.AbstractAutowireCapableBeanFactory.instantiateUsingFactoryMethod(AbstractAutowireCapableBeanFactory.java:1338) ~[spring-beans-5.2.6.RELEASE.jar:5.2.6.RELEASE]
	at org.springframework.beans.factory.support.AbstractAutowireCapableBeanFactory.createBeanInstance(AbstractAutowireCapableBeanFactory.java:1177) ~[spring-beans-5.2.6.RELEASE.jar:5.2.6.RELEASE]
	at org.springframework.beans.factory.support.AbstractAutowireCapableBeanFactory.doCreateBean(AbstractAutowireCapableBeanFactory.java:557) ~[spring-beans-5.2.6.RELEASE.jar:5.2.6.RELEASE]
	at org.springframework.beans.factory.support.AbstractAutowireCapableBeanFactory.createBean(AbstractAutowireCapableBeanFactory.java:517) ~[spring-beans-5.2.6.RELEASE.jar:5.2.6.RELEASE]
	at org.springframework.beans.factory.support.AbstractBeanFactory.lambda$doGetBean$0(AbstractBeanFactory.java:323) ~[spring-beans-5.2.6.RELEASE.jar:5.2.6.RELEASE]
	at org.springframework.beans.factory.support.DefaultSingletonBeanRegistry.getSingleton(DefaultSingletonBeanRegistry.java:226) ~[spring-beans-5.2.6.RELEASE.jar:5.2.6.RELEASE]
	at org.springframework.beans.factory.support.AbstractBeanFactory.doGetBean(AbstractBeanFactory.java:321) ~[spring-beans-5.2.6.RELEASE.jar:5.2.6.RELEASE]
	at org.springframework.beans.factory.support.AbstractBeanFactory.getBean(AbstractBeanFactory.java:207) ~[spring-beans-5.2.6.RELEASE.jar:5.2.6.RELEASE]
	at org.springframework.boot.web.servlet.ServletContextInitializerBeans.getOrderedBeansOfType(ServletContextInitializerBeans.java:211) ~[spring-boot-2.3.0.RELEASE.jar:2.3.0.RELEASE]
	at org.springframework.boot.web.servlet.ServletContextInitializerBeans.getOrderedBeansOfType(ServletContextInitializerBeans.java:202) ~[spring-boot-2.3.0.RELEASE.jar:2.3.0.RELEASE]
	at org.springframework.boot.web.servlet.ServletContextInitializerBeans.addServletContextInitializerBeans(ServletContextInitializerBeans.java:96) ~[spring-boot-2.3.0.RELEASE.jar:2.3.0.RELEASE]
	at org.springframework.boot.web.servlet.ServletContextInitializerBeans.<init>(ServletContextInitializerBeans.java:85) ~[spring-boot-2.3.0.RELEASE.jar:2.3.0.RELEASE]
	at org.springframework.boot.web.servlet.context.ServletWebServerApplicationContext.getServletContextInitializerBeans(ServletWebServerApplicationContext.java:253) ~[spring-boot-2.3.0.RELEASE.jar:2.3.0.RELEASE]
	at org.springframework.boot.web.servlet.context.ServletWebServerApplicationContext.selfInitialize(ServletWebServerApplicationContext.java:227) ~[spring-boot-2.3.0.RELEASE.jar:2.3.0.RELEASE]
	at org.springframework.boot.web.embedded.tomcat.TomcatStarter.onStartup(TomcatStarter.java:53) ~[spring-boot-2.3.0.RELEASE.jar:2.3.0.RELEASE]
	at org.apache.catalina.core.StandardContext.startInternal(StandardContext.java:5136) ~[tomcat-embed-core-9.0.35.jar:9.0.35]
	at org.apache.catalina.util.LifecycleBase.start(LifecycleBase.java:183) ~[tomcat-embed-core-9.0.35.jar:9.0.35]
	at org.apache.catalina.core.ContainerBase$StartChild.call(ContainerBase.java:1384) ~[tomcat-embed-core-9.0.35.jar:9.0.35]
	at org.apache.catalina.core.ContainerBase$StartChild.call(ContainerBase.java:1374) ~[tomcat-embed-core-9.0.35.jar:9.0.35]
	at java.util.concurrent.FutureTask.run(FutureTask.java:264) ~[?:?]
	at org.apache.tomcat.util.threads.InlineExecutorService.execute(InlineExecutorService.java:75) ~[tomcat-embed-core-9.0.35.jar:9.0.35]
	at java.util.concurrent.AbstractExecutorService.submit(AbstractExecutorService.java:140) ~[?:?]
	at org.apache.catalina.core.ContainerBase.startInternal(ContainerBase.java:909) ~[tomcat-embed-core-9.0.35.jar:9.0.35]
	at org.apache.catalina.core.StandardHost.startInternal(StandardHost.java:841) ~[tomcat-embed-core-9.0.35.jar:9.0.35]
	at org.apache.catalina.util.LifecycleBase.start(LifecycleBase.java:183) ~[tomcat-embed-core-9.0.35.jar:9.0.35]
	at org.apache.catalina.core.ContainerBase$StartChild.call(ContainerBase.java:1384) ~[tomcat-embed-core-9.0.35.jar:9.0.35]
	at org.apache.catalina.core.ContainerBase$StartChild.call(ContainerBase.java:1374) ~[tomcat-embed-core-9.0.35.jar:9.0.35]
	at java.util.concurrent.FutureTask.run(FutureTask.java:264) ~[?:?]
	at org.apache.tomcat.util.threads.InlineExecutorService.execute(InlineExecutorService.java:75) ~[tomcat-embed-core-9.0.35.jar:9.0.35]
	at java.util.concurrent.AbstractExecutorService.submit(AbstractExecutorService.java:140) ~[?:?]
	at org.apache.catalina.core.ContainerBase.startInternal(ContainerBase.java:909) ~[tomcat-embed-core-9.0.35.jar:9.0.35]
	at org.apache.catalina.core.StandardEngine.startInternal(StandardEngine.java:262) ~[tomcat-embed-core-9.0.35.jar:9.0.35]
	at org.apache.catalina.util.LifecycleBase.start(LifecycleBase.java:183) ~[tomcat-embed-core-9.0.35.jar:9.0.35]
	at org.apache.catalina.core.StandardService.startInternal(StandardService.java:421) ~[tomcat-embed-core-9.0.35.jar:9.0.35]
	at org.apache.catalina.util.LifecycleBase.start(LifecycleBase.java:183) ~[tomcat-embed-core-9.0.35.jar:9.0.35]
	at org.apache.catalina.core.StandardServer.startInternal(StandardServer.java:930) ~[tomcat-embed-core-9.0.35.jar:9.0.35]
	at org.apache.catalina.util.LifecycleBase.start(LifecycleBase.java:183) ~[tomcat-embed-core-9.0.35.jar:9.0.35]
	at org.apache.catalina.startup.Tomcat.start(Tomcat.java:468) ~[tomcat-embed-core-9.0.35.jar:9.0.35]
	at org.springframework.boot.web.embedded.tomcat.TomcatWebServer.initialize(TomcatWebServer.java:123) ~[spring-boot-2.3.0.RELEASE.jar:2.3.0.RELEASE]
	at org.springframework.boot.web.embedded.tomcat.TomcatWebServer.<init>(TomcatWebServer.java:104) ~[spring-boot-2.3.0.RELEASE.jar:2.3.0.RELEASE]
	at org.springframework.boot.web.embedded.tomcat.TomcatServletWebServerFactory.getTomcatWebServer(TomcatServletWebServerFactory.java:437) ~[spring-boot-2.3.0.RELEASE.jar:2.3.0.RELEASE]
	at org.springframework.boot.web.embedded.tomcat.TomcatServletWebServerFactory.getWebServer(TomcatServletWebServerFactory.java:191) ~[spring-boot-2.3.0.RELEASE.jar:2.3.0.RELEASE]
	at org.springframework.boot.web.servlet.context.ServletWebServerApplicationContext.createWebServer(ServletWebServerApplicationContext.java:176) ~[spring-boot-2.3.0.RELEASE.jar:2.3.0.RELEASE]
	at org.springframework.boot.web.servlet.context.ServletWebServerApplicationContext.onRefresh(ServletWebServerApplicationContext.java:158) ~[spring-boot-2.3.0.RELEASE.jar:2.3.0.RELEASE]
	... 14 more
Caused by: org.springframework.beans.factory.UnsatisfiedDependencyException: Error creating bean with name 'org.springframework.web.servlet.config.annotation.DelegatingWebMvcConfiguration': Unsatisfied dependency expressed through method 'setConfigurers' parameter 0; nested exception is org.springframework.beans.factory.UnsatisfiedDependencyException: Error creating bean with name 'openEntityManagerInViewInterceptorConfigurer' defined in class path resource [org/springframework/boot/autoconfigure/orm/jpa/JpaBaseConfiguration$JpaWebConfiguration.class]: Unsatisfied dependency expressed through method 'openEntityManagerInViewInterceptorConfigurer' parameter 0; nested exception is org.springframework.beans.factory.BeanCreationException: Error creating bean with name 'openEntityManagerInViewInterceptor' defined in class path resource [org/springframework/boot/autoconfigure/orm/jpa/JpaBaseConfiguration$JpaWebConfiguration.class]: Initialization of bean failed; nested exception is org.springframework.beans.factory.BeanCreationException: Error creating bean with name 'liquibase' defined in class path resource [org/springframework/boot/autoconfigure/liquibase/LiquibaseAutoConfiguration$LiquibaseConfiguration.class]: Invocation of init method failed; nested exception is liquibase.exception.LiquibaseException: liquibase.exception.MigrationFailedException: Migration failed for changeset liquibase/dev/20260330.xml::1774866976264-1::Authentication:
     Reason: liquibase.exception.DatabaseException: Table 'db_mgr_news' already exists [Failed SQL: (1050) CREATE TABLE account_managerment.db_mgr_news (id BIGINT NOT NULL, content LONGTEXT NULL, title VARCHAR(255) NULL, category_id BIGINT NULL, created_by VARCHAR(255) NOT NULL, created_date datetime NOT NULL, modified_by VARCHAR(255) NOT NULL, modified_date datetime NOT NULL, status INT NOT NULL, CONSTRAINT db_mgr_newsPK PRIMARY KEY (id))]
	at org.springframework.beans.factory.annotation.AutowiredAnnotationBeanPostProcessor$AutowiredMethodElement.inject(AutowiredAnnotationBeanPostProcessor.java:723) ~[spring-beans-5.2.6.RELEASE.jar:5.2.6.RELEASE]
	at org.springframework.beans.factory.annotation.InjectionMetadata.inject(InjectionMetadata.java:130) ~[spring-beans-5.2.6.RELEASE.jar:5.2.6.RELEASE]
	at org.springframework.beans.factory.annotation.AutowiredAnnotationBeanPostProcessor.postProcessProperties(AutowiredAnnotationBeanPostProcessor.java:399) ~[spring-beans-5.2.6.RELEASE.jar:5.2.6.RELEASE]
	at org.springframework.beans.factory.support.AbstractAutowireCapableBeanFactory.populateBean(AbstractAutowireCapableBeanFactory.java:1422) ~[spring-beans-5.2.6.RELEASE.jar:5.2.6.RELEASE]
	at org.springframework.beans.factory.support.AbstractAutowireCapableBeanFactory.doCreateBean(AbstractAutowireCapableBeanFactory.java:594) ~[spring-beans-5.2.6.RELEASE.jar:5.2.6.RELEASE]
	at org.springframework.beans.factory.support.AbstractAutowireCapableBeanFactory.createBean(AbstractAutowireCapableBeanFactory.java:517) ~[spring-beans-5.2.6.RELEASE.jar:5.2.6.RELEASE]
	at org.springframework.beans.factory.support.AbstractBeanFactory.lambda$doGetBean$0(AbstractBeanFactory.java:323) ~[spring-beans-5.2.6.RELEASE.jar:5.2.6.RELEASE]
	at org.springframework.beans.factory.support.DefaultSingletonBeanRegistry.getSingleton(DefaultSingletonBeanRegistry.java:226) ~[spring-beans-5.2.6.RELEASE.jar:5.2.6.RELEASE]
	at org.springframework.beans.factory.support.AbstractBeanFactory.doGetBean(AbstractBeanFactory.java:321) ~[spring-beans-5.2.6.RELEASE.jar:5.2.6.RELEASE]
	at org.springframework.beans.factory.support.AbstractBeanFactory.getBean(AbstractBeanFactory.java:202) ~[spring-beans-5.2.6.RELEASE.jar:5.2.6.RELEASE]
	at org.springframework.beans.factory.support.ConstructorResolver.instantiateUsingFactoryMethod(ConstructorResolver.java:409) ~[spring-beans-5.2.6.RELEASE.jar:5.2.6.RELEASE]
	at org.springframework.beans.factory.support.AbstractAutowireCapableBeanFactory.instantiateUsingFactoryMethod(AbstractAutowireCapableBeanFactory.java:1338) ~[spring-beans-5.2.6.RELEASE.jar:5.2.6.RELEASE]
	at org.springframework.beans.factory.support.AbstractAutowireCapableBeanFactory.createBeanInstance(AbstractAutowireCapableBeanFactory.java:1177) ~[spring-beans-5.2.6.RELEASE.jar:5.2.6.RELEASE]
	at org.springframework.beans.factory.support.AbstractAutowireCapableBeanFactory.doCreateBean(AbstractAutowireCapableBeanFactory.java:557) ~[spring-beans-5.2.6.RELEASE.jar:5.2.6.RELEASE]
	at org.springframework.beans.factory.support.AbstractAutowireCapableBeanFactory.createBean(AbstractAutowireCapableBeanFactory.java:517) ~[spring-beans-5.2.6.RELEASE.jar:5.2.6.RELEASE]
	at org.springframework.beans.factory.support.AbstractBeanFactory.lambda$doGetBean$0(AbstractBeanFactory.java:323) ~[spring-beans-5.2.6.RELEASE.jar:5.2.6.RELEASE]
	at org.springframework.beans.factory.support.DefaultSingletonBeanRegistry.getSingleton(DefaultSingletonBeanRegistry.java:226) ~[spring-beans-5.2.6.RELEASE.jar:5.2.6.RELEASE]
	at org.springframework.beans.factory.support.AbstractBeanFactory.doGetBean(AbstractBeanFactory.java:321) ~[spring-beans-5.2.6.RELEASE.jar:5.2.6.RELEASE]
	at org.springframework.beans.factory.support.AbstractBeanFactory.getBean(AbstractBeanFactory.java:202) ~[spring-beans-5.2.6.RELEASE.jar:5.2.6.RELEASE]
	at org.springframework.beans.factory.config.DependencyDescriptor.resolveCandidate(DependencyDescriptor.java:276) ~[spring-beans-5.2.6.RELEASE.jar:5.2.6.RELEASE]
	at org.springframework.beans.factory.support.DefaultListableBeanFactory.doResolveDependency(DefaultListableBeanFactory.java:1306) ~[spring-beans-5.2.6.RELEASE.jar:5.2.6.RELEASE]
	at org.springframework.beans.factory.support.DefaultListableBeanFactory.resolveDependency(DefaultListableBeanFactory.java:1226) ~[spring-beans-5.2.6.RELEASE.jar:5.2.6.RELEASE]
	at org.springframework.beans.factory.annotation.AutowiredAnnotationBeanPostProcessor$AutowiredMethodElement.inject(AutowiredAnnotationBeanPostProcessor.java:715) ~[spring-beans-5.2.6.RELEASE.jar:5.2.6.RELEASE]
	at org.springframework.beans.factory.annotation.InjectionMetadata.inject(InjectionMetadata.java:130) ~[spring-beans-5.2.6.RELEASE.jar:5.2.6.RELEASE]
	at org.springframework.beans.factory.annotation.AutowiredAnnotationBeanPostProcessor.postProcessProperties(AutowiredAnnotationBeanPostProcessor.java:399) ~[spring-beans-5.2.6.RELEASE.jar:5.2.6.RELEASE]
	at org.springframework.beans.factory.support.AbstractAutowireCapableBeanFactory.populateBean(AbstractAutowireCapableBeanFactory.java:1422) ~[spring-beans-5.2.6.RELEASE.jar:5.2.6.RELEASE]
	at org.springframework.beans.factory.support.AbstractAutowireCapableBeanFactory.doCreateBean(AbstractAutowireCapableBeanFactory.java:594) ~[spring-beans-5.2.6.RELEASE.jar:5.2.6.RELEASE]
	at org.springframework.beans.factory.support.AbstractAutowireCapableBeanFactory.createBean(AbstractAutowireCapableBeanFactory.java:517) ~[spring-beans-5.2.6.RELEASE.jar:5.2.6.RELEASE]
	at org.springframework.beans.factory.support.AbstractBeanFactory.lambda$doGetBean$0(AbstractBeanFactory.java:323) ~[spring-beans-5.2.6.RELEASE.jar:5.2.6.RELEASE]
	at org.springframework.beans.factory.support.DefaultSingletonBeanRegistry.getSingleton(DefaultSingletonBeanRegistry.java:226) ~[spring-beans-5.2.6.RELEASE.jar:5.2.6.RELEASE]
	at org.springframework.beans.factory.support.AbstractBeanFactory.doGetBean(AbstractBeanFactory.java:321) ~[spring-beans-5.2.6.RELEASE.jar:5.2.6.RELEASE]
	at org.springframework.beans.factory.support.AbstractBeanFactory.getBean(AbstractBeanFactory.java:202) ~[spring-beans-5.2.6.RELEASE.jar:5.2.6.RELEASE]
	at org.springframework.beans.factory.support.ConstructorResolver.instantiateUsingFactoryMethod(ConstructorResolver.java:409) ~[spring-beans-5.2.6.RELEASE.jar:5.2.6.RELEASE]
	at org.springframework.beans.factory.support.AbstractAutowireCapableBeanFactory.instantiateUsingFactoryMethod(AbstractAutowireCapableBeanFactory.java:1338) ~[spring-beans-5.2.6.RELEASE.jar:5.2.6.RELEASE]
	at org.springframework.beans.factory.support.AbstractAutowireCapableBeanFactory.createBeanInstance(AbstractAutowireCapableBeanFactory.java:1177) ~[spring-beans-5.2.6.RELEASE.jar:5.2.6.RELEASE]
	at org.springframework.beans.factory.support.AbstractAutowireCapableBeanFactory.doCreateBean(AbstractAutowireCapableBeanFactory.java:557) ~[spring-beans-5.2.6.RELEASE.jar:5.2.6.RELEASE]
	at org.springframework.beans.factory.support.AbstractAutowireCapableBeanFactory.createBean(AbstractAutowireCapableBeanFactory.java:517) ~[spring-beans-5.2.6.RELEASE.jar:5.2.6.RELEASE]
	at org.springframework.beans.factory.support.AbstractBeanFactory.lambda$doGetBean$0(AbstractBeanFactory.java:323) ~[spring-beans-5.2.6.RELEASE.jar:5.2.6.RELEASE]
	at org.springframework.beans.factory.support.DefaultSingletonBeanRegistry.getSingleton(DefaultSingletonBeanRegistry.java:226) ~[spring-beans-5.2.6.RELEASE.jar:5.2.6.RELEASE]
	at org.springframework.beans.factory.support.AbstractBeanFactory.doGetBean(AbstractBeanFactory.java:321) ~[spring-beans-5.2.6.RELEASE.jar:5.2.6.RELEASE]
	at org.springframework.beans.factory.support.AbstractBeanFactory.getBean(AbstractBeanFactory.java:207) ~[spring-beans-5.2.6.RELEASE.jar:5.2.6.RELEASE]
	at org.springframework.boot.web.servlet.ServletContextInitializerBeans.getOrderedBeansOfType(ServletContextInitializerBeans.java:211) ~[spring-boot-2.3.0.RELEASE.jar:2.3.0.RELEASE]
	at org.springframework.boot.web.servlet.ServletContextInitializerBeans.getOrderedBeansOfType(ServletContextInitializerBeans.java:202) ~[spring-boot-2.3.0.RELEASE.jar:2.3.0.RELEASE]
	at org.springframework.boot.web.servlet.ServletContextInitializerBeans.addServletContextInitializerBeans(ServletContextInitializerBeans.java:96) ~[spring-boot-2.3.0.RELEASE.jar:2.3.0.RELEASE]
	at org.springframework.boot.web.servlet.ServletContextInitializerBeans.<init>(ServletContextInitializerBeans.java:85) ~[spring-boot-2.3.0.RELEASE.jar:2.3.0.RELEASE]
	at org.springframework.boot.web.servlet.context.ServletWebServerApplicationContext.getServletContextInitializerBeans(ServletWebServerApplicationContext.java:253) ~[spring-boot-2.3.0.RELEASE.jar:2.3.0.RELEASE]
	at org.springframework.boot.web.servlet.context.ServletWebServerApplicationContext.selfInitialize(ServletWebServerApplicationContext.java:227) ~[spring-boot-2.3.0.RELEASE.jar:2.3.0.RELEASE]
	at org.springframework.boot.web.embedded.tomcat.TomcatStarter.onStartup(TomcatStarter.java:53) ~[spring-boot-2.3.0.RELEASE.jar:2.3.0.RELEASE]
	at org.apache.catalina.core.StandardContext.startInternal(StandardContext.java:5136) ~[tomcat-embed-core-9.0.35.jar:9.0.35]
	at org.apache.catalina.util.LifecycleBase.start(LifecycleBase.java:183) ~[tomcat-embed-core-9.0.35.jar:9.0.35]
	at org.apache.catalina.core.ContainerBase$StartChild.call(ContainerBase.java:1384) ~[tomcat-embed-core-9.0.35.jar:9.0.35]
	at org.apache.catalina.core.ContainerBase$StartChild.call(ContainerBase.java:1374) ~[tomcat-embed-core-9.0.35.jar:9.0.35]
	at java.util.concurrent.FutureTask.run(FutureTask.java:264) ~[?:?]
	at org.apache.tomcat.util.threads.InlineExecutorService.execute(InlineExecutorService.java:75) ~[tomcat-embed-core-9.0.35.jar:9.0.35]
	at java.util.concurrent.AbstractExecutorService.submit(AbstractExecutorService.java:140) ~[?:?]
	at org.apache.catalina.core.ContainerBase.startInternal(ContainerBase.java:909) ~[tomcat-embed-core-9.0.35.jar:9.0.35]
	at org.apache.catalina.core.StandardHost.startInternal(StandardHost.java:841) ~[tomcat-embed-core-9.0.35.jar:9.0.35]
	at org.apache.catalina.util.LifecycleBase.start(LifecycleBase.java:183) ~[tomcat-embed-core-9.0.35.jar:9.0.35]
	at org.apache.catalina.core.ContainerBase$StartChild.call(ContainerBase.java:1384) ~[tomcat-embed-core-9.0.35.jar:9.0.35]
	at org.apache.catalina.core.ContainerBase$StartChild.call(ContainerBase.java:1374) ~[tomcat-embed-core-9.0.35.jar:9.0.35]
	at java.util.concurrent.FutureTask.run(FutureTask.java:264) ~[?:?]
	at org.apache.tomcat.util.threads.InlineExecutorService.execute(InlineExecutorService.java:75) ~[tomcat-embed-core-9.0.35.jar:9.0.35]
	at java.util.concurrent.AbstractExecutorService.submit(AbstractExecutorService.java:140) ~[?:?]
	at org.apache.catalina.core.ContainerBase.startInternal(ContainerBase.java:909) ~[tomcat-embed-core-9.0.35.jar:9.0.35]
	at org.apache.catalina.core.StandardEngine.startInternal(StandardEngine.java:262) ~[tomcat-embed-core-9.0.35.jar:9.0.35]
	at org.apache.catalina.util.LifecycleBase.start(LifecycleBase.java:183) ~[tomcat-embed-core-9.0.35.jar:9.0.35]
	at org.apache.catalina.core.StandardService.startInternal(StandardService.java:421) ~[tomcat-embed-core-9.0.35.jar:9.0.35]
	at org.apache.catalina.util.LifecycleBase.start(LifecycleBase.java:183) ~[tomcat-embed-core-9.0.35.jar:9.0.35]
	at org.apache.catalina.core.StandardServer.startInternal(StandardServer.java:930) ~[tomcat-embed-core-9.0.35.jar:9.0.35]
	at org.apache.catalina.util.LifecycleBase.start(LifecycleBase.java:183) ~[tomcat-embed-core-9.0.35.jar:9.0.35]
	at org.apache.catalina.startup.Tomcat.start(Tomcat.java:468) ~[tomcat-embed-core-9.0.35.jar:9.0.35]
	at org.springframework.boot.web.embedded.tomcat.TomcatWebServer.initialize(TomcatWebServer.java:123) ~[spring-boot-2.3.0.RELEASE.jar:2.3.0.RELEASE]
	at org.springframework.boot.web.embedded.tomcat.TomcatWebServer.<init>(TomcatWebServer.java:104) ~[spring-boot-2.3.0.RELEASE.jar:2.3.0.RELEASE]
	at org.springframework.boot.web.embedded.tomcat.TomcatServletWebServerFactory.getTomcatWebServer(TomcatServletWebServerFactory.java:437) ~[spring-boot-2.3.0.RELEASE.jar:2.3.0.RELEASE]
	at org.springframework.boot.web.embedded.tomcat.TomcatServletWebServerFactory.getWebServer(TomcatServletWebServerFactory.java:191) ~[spring-boot-2.3.0.RELEASE.jar:2.3.0.RELEASE]
	at org.springframework.boot.web.servlet.context.ServletWebServerApplicationContext.createWebServer(ServletWebServerApplicationContext.java:176) ~[spring-boot-2.3.0.RELEASE.jar:2.3.0.RELEASE]
	at org.springframework.boot.web.servlet.context.ServletWebServerApplicationContext.onRefresh(ServletWebServerApplicationContext.java:158) ~[spring-boot-2.3.0.RELEASE.jar:2.3.0.RELEASE]
	... 14 more
Caused by: org.springframework.beans.factory.UnsatisfiedDependencyException: Error creating bean with name 'openEntityManagerInViewInterceptorConfigurer' defined in class path resource [org/springframework/boot/autoconfigure/orm/jpa/JpaBaseConfiguration$JpaWebConfiguration.class]: Unsatisfied dependency expressed through method 'openEntityManagerInViewInterceptorConfigurer' parameter 0; nested exception is org.springframework.beans.factory.BeanCreationException: Error creating bean with name 'openEntityManagerInViewInterceptor' defined in class path resource [org/springframework/boot/autoconfigure/orm/jpa/JpaBaseConfiguration$JpaWebConfiguration.class]: Initialization of bean failed; nested exception is org.springframework.beans.factory.BeanCreationException: Error creating bean with name 'liquibase' defined in class path resource [org/springframework/boot/autoconfigure/liquibase/LiquibaseAutoConfiguration$LiquibaseConfiguration.class]: Invocation of init method failed; nested exception is liquibase.exception.LiquibaseException: liquibase.exception.MigrationFailedException: Migration failed for changeset liquibase/dev/20260330.xml::1774866976264-1::Authentication:
     Reason: liquibase.exception.DatabaseException: Table 'db_mgr_news' already exists [Failed SQL: (1050) CREATE TABLE account_managerment.db_mgr_news (id BIGINT NOT NULL, content LONGTEXT NULL, title VARCHAR(255) NULL, category_id BIGINT NULL, created_by VARCHAR(255) NOT NULL, created_date datetime NOT NULL, modified_by VARCHAR(255) NOT NULL, modified_date datetime NOT NULL, status INT NOT NULL, CONSTRAINT db_mgr_newsPK PRIMARY KEY (id))]
	at org.springframework.beans.factory.support.ConstructorResolver.createArgumentArray(ConstructorResolver.java:798) ~[spring-beans-5.2.6.RELEASE.jar:5.2.6.RELEASE]
	at org.springframework.beans.factory.support.ConstructorResolver.instantiateUsingFactoryMethod(ConstructorResolver.java:539) ~[spring-beans-5.2.6.RELEASE.jar:5.2.6.RELEASE]
	at org.springframework.beans.factory.support.AbstractAutowireCapableBeanFactory.instantiateUsingFactoryMethod(AbstractAutowireCapableBeanFactory.java:1338) ~[spring-beans-5.2.6.RELEASE.jar:5.2.6.RELEASE]
	at org.springframework.beans.factory.support.AbstractAutowireCapableBeanFactory.createBeanInstance(AbstractAutowireCapableBeanFactory.java:1177) ~[spring-beans-5.2.6.RELEASE.jar:5.2.6.RELEASE]
	at org.springframework.beans.factory.support.AbstractAutowireCapableBeanFactory.doCreateBean(AbstractAutowireCapableBeanFactory.java:557) ~[spring-beans-5.2.6.RELEASE.jar:5.2.6.RELEASE]
	at org.springframework.beans.factory.support.AbstractAutowireCapableBeanFactory.createBean(AbstractAutowireCapableBeanFactory.java:517) ~[spring-beans-5.2.6.RELEASE.jar:5.2.6.RELEASE]
	at org.springframework.beans.factory.support.AbstractBeanFactory.lambda$doGetBean$0(AbstractBeanFactory.java:323) ~[spring-beans-5.2.6.RELEASE.jar:5.2.6.RELEASE]
	at org.springframework.beans.factory.support.DefaultSingletonBeanRegistry.getSingleton(DefaultSingletonBeanRegistry.java:226) ~[spring-beans-5.2.6.RELEASE.jar:5.2.6.RELEASE]
	at org.springframework.beans.factory.support.AbstractBeanFactory.doGetBean(AbstractBeanFactory.java:321) ~[spring-beans-5.2.6.RELEASE.jar:5.2.6.RELEASE]
	at org.springframework.beans.factory.support.AbstractBeanFactory.getBean(AbstractBeanFactory.java:202) ~[spring-beans-5.2.6.RELEASE.jar:5.2.6.RELEASE]
	at org.springframework.beans.factory.config.DependencyDescriptor.resolveCandidate(DependencyDescriptor.java:276) ~[spring-beans-5.2.6.RELEASE.jar:5.2.6.RELEASE]
	at org.springframework.beans.factory.support.DefaultListableBeanFactory.addCandidateEntry(DefaultListableBeanFactory.java:1524) ~[spring-beans-5.2.6.RELEASE.jar:5.2.6.RELEASE]
	at org.springframework.beans.factory.support.DefaultListableBeanFactory.findAutowireCandidates(DefaultListableBeanFactory.java:1488) ~[spring-beans-5.2.6.RELEASE.jar:5.2.6.RELEASE]
	at org.springframework.beans.factory.support.DefaultListableBeanFactory.resolveMultipleBeans(DefaultListableBeanFactory.java:1377) ~[spring-beans-5.2.6.RELEASE.jar:5.2.6.RELEASE]
	at org.springframework.beans.factory.support.DefaultListableBeanFactory.doResolveDependency(DefaultListableBeanFactory.java:1264) ~[spring-beans-5.2.6.RELEASE.jar:5.2.6.RELEASE]
	at org.springframework.beans.factory.support.DefaultListableBeanFactory.resolveDependency(DefaultListableBeanFactory.java:1226) ~[spring-beans-5.2.6.RELEASE.jar:5.2.6.RELEASE]
	at org.springframework.beans.factory.annotation.AutowiredAnnotationBeanPostProcessor$AutowiredMethodElement.inject(AutowiredAnnotationBeanPostProcessor.java:715) ~[spring-beans-5.2.6.RELEASE.jar:5.2.6.RELEASE]
	at org.springframework.beans.factory.annotation.InjectionMetadata.inject(InjectionMetadata.java:130) ~[spring-beans-5.2.6.RELEASE.jar:5.2.6.RELEASE]
	at org.springframework.beans.factory.annotation.AutowiredAnnotationBeanPostProcessor.postProcessProperties(AutowiredAnnotationBeanPostProcessor.java:399) ~[spring-beans-5.2.6.RELEASE.jar:5.2.6.RELEASE]
	at org.springframework.beans.factory.support.AbstractAutowireCapableBeanFactory.populateBean(AbstractAutowireCapableBeanFactory.java:1422) ~[spring-beans-5.2.6.RELEASE.jar:5.2.6.RELEASE]
	at org.springframework.beans.factory.support.AbstractAutowireCapableBeanFactory.doCreateBean(AbstractAutowireCapableBeanFactory.java:594) ~[spring-beans-5.2.6.RELEASE.jar:5.2.6.RELEASE]
	at org.springframework.beans.factory.support.AbstractAutowireCapableBeanFactory.createBean(AbstractAutowireCapableBeanFactory.java:517) ~[spring-beans-5.2.6.RELEASE.jar:5.2.6.RELEASE]
	at org.springframework.beans.factory.support.AbstractBeanFactory.lambda$doGetBean$0(AbstractBeanFactory.java:323) ~[spring-beans-5.2.6.RELEASE.jar:5.2.6.RELEASE]
	at org.springframework.beans.factory.support.DefaultSingletonBeanRegistry.getSingleton(DefaultSingletonBeanRegistry.java:226) ~[spring-beans-5.2.6.RELEASE.jar:5.2.6.RELEASE]
	at org.springframework.beans.factory.support.AbstractBeanFactory.doGetBean(AbstractBeanFactory.java:321) ~[spring-beans-5.2.6.RELEASE.jar:5.2.6.RELEASE]
	at org.springframework.beans.factory.support.AbstractBeanFactory.getBean(AbstractBeanFactory.java:202) ~[spring-beans-5.2.6.RELEASE.jar:5.2.6.RELEASE]
	at org.springframework.beans.factory.support.ConstructorResolver.instantiateUsingFactoryMethod(ConstructorResolver.java:409) ~[spring-beans-5.2.6.RELEASE.jar:5.2.6.RELEASE]
	at org.springframework.beans.factory.support.AbstractAutowireCapableBeanFactory.instantiateUsingFactoryMethod(AbstractAutowireCapableBeanFactory.java:1338) ~[spring-beans-5.2.6.RELEASE.jar:5.2.6.RELEASE]
	at org.springframework.beans.factory.support.AbstractAutowireCapableBeanFactory.createBeanInstance(AbstractAutowireCapableBeanFactory.java:1177) ~[spring-beans-5.2.6.RELEASE.jar:5.2.6.RELEASE]
	at org.springframework.beans.factory.support.AbstractAutowireCapableBeanFactory.doCreateBean(AbstractAutowireCapableBeanFactory.java:557) ~[spring-beans-5.2.6.RELEASE.jar:5.2.6.RELEASE]
	at org.springframework.beans.factory.support.AbstractAutowireCapableBeanFactory.createBean(AbstractAutowireCapableBeanFactory.java:517) ~[spring-beans-5.2.6.RELEASE.jar:5.2.6.RELEASE]
	at org.springframework.beans.factory.support.AbstractBeanFactory.lambda$doGetBean$0(AbstractBeanFactory.java:323) ~[spring-beans-5.2.6.RELEASE.jar:5.2.6.RELEASE]
	at org.springframework.beans.factory.support.DefaultSingletonBeanRegistry.getSingleton(DefaultSingletonBeanRegistry.java:226) ~[spring-beans-5.2.6.RELEASE.jar:5.2.6.RELEASE]
	at org.springframework.beans.factory.support.AbstractBeanFactory.doGetBean(AbstractBeanFactory.java:321) ~[spring-beans-5.2.6.RELEASE.jar:5.2.6.RELEASE]
	at org.springframework.beans.factory.support.AbstractBeanFactory.getBean(AbstractBeanFactory.java:202) ~[spring-beans-5.2.6.RELEASE.jar:5.2.6.RELEASE]
	at org.springframework.beans.factory.config.DependencyDescriptor.resolveCandidate(DependencyDescriptor.java:276) ~[spring-beans-5.2.6.RELEASE.jar:5.2.6.RELEASE]
	at org.springframework.beans.factory.support.DefaultListableBeanFactory.doResolveDependency(DefaultListableBeanFactory.java:1306) ~[spring-beans-5.2.6.RELEASE.jar:5.2.6.RELEASE]
	at org.springframework.beans.factory.support.DefaultListableBeanFactory.resolveDependency(DefaultListableBeanFactory.java:1226) ~[spring-beans-5.2.6.RELEASE.jar:5.2.6.RELEASE]
	at org.springframework.beans.factory.annotation.AutowiredAnnotationBeanPostProcessor$AutowiredMethodElement.inject(AutowiredAnnotationBeanPostProcessor.java:715) ~[spring-beans-5.2.6.RELEASE.jar:5.2.6.RELEASE]
	at org.springframework.beans.factory.annotation.InjectionMetadata.inject(InjectionMetadata.java:130) ~[spring-beans-5.2.6.RELEASE.jar:5.2.6.RELEASE]
	at org.springframework.beans.factory.annotation.AutowiredAnnotationBeanPostProcessor.postProcessProperties(AutowiredAnnotationBeanPostProcessor.java:399) ~[spring-beans-5.2.6.RELEASE.jar:5.2.6.RELEASE]
	at org.springframework.beans.factory.support.AbstractAutowireCapableBeanFactory.populateBean(AbstractAutowireCapableBeanFactory.java:1422) ~[spring-beans-5.2.6.RELEASE.jar:5.2.6.RELEASE]
	at org.springframework.beans.factory.support.AbstractAutowireCapableBeanFactory.doCreateBean(AbstractAutowireCapableBeanFactory.java:594) ~[spring-beans-5.2.6.RELEASE.jar:5.2.6.RELEASE]
	at org.springframework.beans.factory.support.AbstractAutowireCapableBeanFactory.createBean(AbstractAutowireCapableBeanFactory.java:517) ~[spring-beans-5.2.6.RELEASE.jar:5.2.6.RELEASE]
	at org.springframework.beans.factory.support.AbstractBeanFactory.lambda$doGetBean$0(AbstractBeanFactory.java:323) ~[spring-beans-5.2.6.RELEASE.jar:5.2.6.RELEASE]
	at org.springframework.beans.factory.support.DefaultSingletonBeanRegistry.getSingleton(DefaultSingletonBeanRegistry.java:226) ~[spring-beans-5.2.6.RELEASE.jar:5.2.6.RELEASE]
	at org.springframework.beans.factory.support.AbstractBeanFactory.doGetBean(AbstractBeanFactory.java:321) ~[spring-beans-5.2.6.RELEASE.jar:5.2.6.RELEASE]
	at org.springframework.beans.factory.support.AbstractBeanFactory.getBean(AbstractBeanFactory.java:202) ~[spring-beans-5.2.6.RELEASE.jar:5.2.6.RELEASE]
	at org.springframework.beans.factory.support.ConstructorResolver.instantiateUsingFactoryMethod(ConstructorResolver.java:409) ~[spring-beans-5.2.6.RELEASE.jar:5.2.6.RELEASE]
	at org.springframework.beans.factory.support.AbstractAutowireCapableBeanFactory.instantiateUsingFactoryMethod(AbstractAutowireCapableBeanFactory.java:1338) ~[spring-beans-5.2.6.RELEASE.jar:5.2.6.RELEASE]
	at org.springframework.beans.factory.support.AbstractAutowireCapableBeanFactory.createBeanInstance(AbstractAutowireCapableBeanFactory.java:1177) ~[spring-beans-5.2.6.RELEASE.jar:5.2.6.RELEASE]
	at org.springframework.beans.factory.support.AbstractAutowireCapableBeanFactory.doCreateBean(AbstractAutowireCapableBeanFactory.java:557) ~[spring-beans-5.2.6.RELEASE.jar:5.2.6.RELEASE]
	at org.springframework.beans.factory.support.AbstractAutowireCapableBeanFactory.createBean(AbstractAutowireCapableBeanFactory.java:517) ~[spring-beans-5.2.6.RELEASE.jar:5.2.6.RELEASE]
	at org.springframework.beans.factory.support.AbstractBeanFactory.lambda$doGetBean$0(AbstractBeanFactory.java:323) ~[spring-beans-5.2.6.RELEASE.jar:5.2.6.RELEASE]
	at org.springframework.beans.factory.support.DefaultSingletonBeanRegistry.getSingleton(DefaultSingletonBeanRegistry.java:226) ~[spring-beans-5.2.6.RELEASE.jar:5.2.6.RELEASE]
	at org.springframework.beans.factory.support.AbstractBeanFactory.doGetBean(AbstractBeanFactory.java:321) ~[spring-beans-5.2.6.RELEASE.jar:5.2.6.RELEASE]
	at org.springframework.beans.factory.support.AbstractBeanFactory.getBean(AbstractBeanFactory.java:207) ~[spring-beans-5.2.6.RELEASE.jar:5.2.6.RELEASE]
	at org.springframework.boot.web.servlet.ServletContextInitializerBeans.getOrderedBeansOfType(ServletContextInitializerBeans.java:211) ~[spring-boot-2.3.0.RELEASE.jar:2.3.0.RELEASE]
	at org.springframework.boot.web.servlet.ServletContextInitializerBeans.getOrderedBeansOfType(ServletContextInitializerBeans.java:202) ~[spring-boot-2.3.0.RELEASE.jar:2.3.0.RELEASE]
	at org.springframework.boot.web.servlet.ServletContextInitializerBeans.addServletContextInitializerBeans(ServletContextInitializerBeans.java:96) ~[spring-boot-2.3.0.RELEASE.jar:2.3.0.RELEASE]
	at org.springframework.boot.web.servlet.ServletContextInitializerBeans.<init>(ServletContextInitializerBeans.java:85) ~[spring-boot-2.3.0.RELEASE.jar:2.3.0.RELEASE]
	at org.springframework.boot.web.servlet.context.ServletWebServerApplicationContext.getServletContextInitializerBeans(ServletWebServerApplicationContext.java:253) ~[spring-boot-2.3.0.RELEASE.jar:2.3.0.RELEASE]
	at org.springframework.boot.web.servlet.context.ServletWebServerApplicationContext.selfInitialize(ServletWebServerApplicationContext.java:227) ~[spring-boot-2.3.0.RELEASE.jar:2.3.0.RELEASE]
	at org.springframework.boot.web.embedded.tomcat.TomcatStarter.onStartup(TomcatStarter.java:53) ~[spring-boot-2.3.0.RELEASE.jar:2.3.0.RELEASE]
	at org.apache.catalina.core.StandardContext.startInternal(StandardContext.java:5136) ~[tomcat-embed-core-9.0.35.jar:9.0.35]
	at org.apache.catalina.util.LifecycleBase.start(LifecycleBase.java:183) ~[tomcat-embed-core-9.0.35.jar:9.0.35]
	at org.apache.catalina.core.ContainerBase$StartChild.call(ContainerBase.java:1384) ~[tomcat-embed-core-9.0.35.jar:9.0.35]
	at org.apache.catalina.core.ContainerBase$StartChild.call(ContainerBase.java:1374) ~[tomcat-embed-core-9.0.35.jar:9.0.35]
	at java.util.concurrent.FutureTask.run(FutureTask.java:264) ~[?:?]
	at org.apache.tomcat.util.threads.InlineExecutorService.execute(InlineExecutorService.java:75) ~[tomcat-embed-core-9.0.35.jar:9.0.35]
	at java.util.concurrent.AbstractExecutorService.submit(AbstractExecutorService.java:140) ~[?:?]
	at org.apache.catalina.core.ContainerBase.startInternal(ContainerBase.java:909) ~[tomcat-embed-core-9.0.35.jar:9.0.35]
	at org.apache.catalina.core.StandardHost.startInternal(StandardHost.java:841) ~[tomcat-embed-core-9.0.35.jar:9.0.35]
	at org.apache.catalina.util.LifecycleBase.start(LifecycleBase.java:183) ~[tomcat-embed-core-9.0.35.jar:9.0.35]
	at org.apache.catalina.core.ContainerBase$StartChild.call(ContainerBase.java:1384) ~[tomcat-embed-core-9.0.35.jar:9.0.35]
	at org.apache.catalina.core.ContainerBase$StartChild.call(ContainerBase.java:1374) ~[tomcat-embed-core-9.0.35.jar:9.0.35]
	at java.util.concurrent.FutureTask.run(FutureTask.java:264) ~[?:?]
	at org.apache.tomcat.util.threads.InlineExecutorService.execute(InlineExecutorService.java:75) ~[tomcat-embed-core-9.0.35.jar:9.0.35]
	at java.util.concurrent.AbstractExecutorService.submit(AbstractExecutorService.java:140) ~[?:?]
	at org.apache.catalina.core.ContainerBase.startInternal(ContainerBase.java:909) ~[tomcat-embed-core-9.0.35.jar:9.0.35]
	at org.apache.catalina.core.StandardEngine.startInternal(StandardEngine.java:262) ~[tomcat-embed-core-9.0.35.jar:9.0.35]
	at org.apache.catalina.util.LifecycleBase.start(LifecycleBase.java:183) ~[tomcat-embed-core-9.0.35.jar:9.0.35]
	at org.apache.catalina.core.StandardService.startInternal(StandardService.java:421) ~[tomcat-embed-core-9.0.35.jar:9.0.35]
	at org.apache.catalina.util.LifecycleBase.start(LifecycleBase.java:183) ~[tomcat-embed-core-9.0.35.jar:9.0.35]
	at org.apache.catalina.core.StandardServer.startInternal(StandardServer.java:930) ~[tomcat-embed-core-9.0.35.jar:9.0.35]
	at org.apache.catalina.util.LifecycleBase.start(LifecycleBase.java:183) ~[tomcat-embed-core-9.0.35.jar:9.0.35]
	at org.apache.catalina.startup.Tomcat.start(Tomcat.java:468) ~[tomcat-embed-core-9.0.35.jar:9.0.35]
	at org.springframework.boot.web.embedded.tomcat.TomcatWebServer.initialize(TomcatWebServer.java:123) ~[spring-boot-2.3.0.RELEASE.jar:2.3.0.RELEASE]
	at org.springframework.boot.web.embedded.tomcat.TomcatWebServer.<init>(TomcatWebServer.java:104) ~[spring-boot-2.3.0.RELEASE.jar:2.3.0.RELEASE]
	at org.springframework.boot.web.embedded.tomcat.TomcatServletWebServerFactory.getTomcatWebServer(TomcatServletWebServerFactory.java:437) ~[spring-boot-2.3.0.RELEASE.jar:2.3.0.RELEASE]
	at org.springframework.boot.web.embedded.tomcat.TomcatServletWebServerFactory.getWebServer(TomcatServletWebServerFactory.java:191) ~[spring-boot-2.3.0.RELEASE.jar:2.3.0.RELEASE]
	at org.springframework.boot.web.servlet.context.ServletWebServerApplicationContext.createWebServer(ServletWebServerApplicationContext.java:176) ~[spring-boot-2.3.0.RELEASE.jar:2.3.0.RELEASE]
	at org.springframework.boot.web.servlet.context.ServletWebServerApplicationContext.onRefresh(ServletWebServerApplicationContext.java:158) ~[spring-boot-2.3.0.RELEASE.jar:2.3.0.RELEASE]
	... 14 more
Caused by: org.springframework.beans.factory.BeanCreationException: Error creating bean with name 'openEntityManagerInViewInterceptor' defined in class path resource [org/springframework/boot/autoconfigure/orm/jpa/JpaBaseConfiguration$JpaWebConfiguration.class]: Initialization of bean failed; nested exception is org.springframework.beans.factory.BeanCreationException: Error creating bean with name 'liquibase' defined in class path resource [org/springframework/boot/autoconfigure/liquibase/LiquibaseAutoConfiguration$LiquibaseConfiguration.class]: Invocation of init method failed; nested exception is liquibase.exception.LiquibaseException: liquibase.exception.MigrationFailedException: Migration failed for changeset liquibase/dev/20260330.xml::1774866976264-1::Authentication:
     Reason: liquibase.exception.DatabaseException: Table 'db_mgr_news' already exists [Failed SQL: (1050) CREATE TABLE account_managerment.db_mgr_news (id BIGINT NOT NULL, content LONGTEXT NULL, title VARCHAR(255) NULL, category_id BIGINT NULL, created_by VARCHAR(255) NOT NULL, created_date datetime NOT NULL, modified_by VARCHAR(255) NOT NULL, modified_date datetime NOT NULL, status INT NOT NULL, CONSTRAINT db_mgr_newsPK PRIMARY KEY (id))]
	at org.springframework.beans.factory.support.AbstractAutowireCapableBeanFactory.doCreateBean(AbstractAutowireCapableBeanFactory.java:603) ~[spring-beans-5.2.6.RELEASE.jar:5.2.6.RELEASE]
	at org.springframework.beans.factory.support.AbstractAutowireCapableBeanFactory.createBean(AbstractAutowireCapableBeanFactory.java:517) ~[spring-beans-5.2.6.RELEASE.jar:5.2.6.RELEASE]
	at org.springframework.beans.factory.support.AbstractBeanFactory.lambda$doGetBean$0(AbstractBeanFactory.java:323) ~[spring-beans-5.2.6.RELEASE.jar:5.2.6.RELEASE]
	at org.springframework.beans.factory.support.DefaultSingletonBeanRegistry.getSingleton(DefaultSingletonBeanRegistry.java:226) ~[spring-beans-5.2.6.RELEASE.jar:5.2.6.RELEASE]
	at org.springframework.beans.factory.support.AbstractBeanFactory.doGetBean(AbstractBeanFactory.java:321) ~[spring-beans-5.2.6.RELEASE.jar:5.2.6.RELEASE]
	at org.springframework.beans.factory.support.AbstractBeanFactory.getBean(AbstractBeanFactory.java:202) ~[spring-beans-5.2.6.RELEASE.jar:5.2.6.RELEASE]
	at org.springframework.beans.factory.config.DependencyDescriptor.resolveCandidate(DependencyDescriptor.java:276) ~[spring-beans-5.2.6.RELEASE.jar:5.2.6.RELEASE]
	at org.springframework.beans.factory.support.DefaultListableBeanFactory.doResolveDependency(DefaultListableBeanFactory.java:1306) ~[spring-beans-5.2.6.RELEASE.jar:5.2.6.RELEASE]
	at org.springframework.beans.factory.support.DefaultListableBeanFactory.resolveDependency(DefaultListableBeanFactory.java:1226) ~[spring-beans-5.2.6.RELEASE.jar:5.2.6.RELEASE]
	at org.springframework.beans.factory.support.ConstructorResolver.resolveAutowiredArgument(ConstructorResolver.java:885) ~[spring-beans-5.2.6.RELEASE.jar:5.2.6.RELEASE]
	at org.springframework.beans.factory.support.ConstructorResolver.createArgumentArray(ConstructorResolver.java:789) ~[spring-beans-5.2.6.RELEASE.jar:5.2.6.RELEASE]
	at org.springframework.beans.factory.support.ConstructorResolver.instantiateUsingFactoryMethod(ConstructorResolver.java:539) ~[spring-beans-5.2.6.RELEASE.jar:5.2.6.RELEASE]
	at org.springframework.beans.factory.support.AbstractAutowireCapableBeanFactory.instantiateUsingFactoryMethod(AbstractAutowireCapableBeanFactory.java:1338) ~[spring-beans-5.2.6.RELEASE.jar:5.2.6.RELEASE]
	at org.springframework.beans.factory.support.AbstractAutowireCapableBeanFactory.createBeanInstance(AbstractAutowireCapableBeanFactory.java:1177) ~[spring-beans-5.2.6.RELEASE.jar:5.2.6.RELEASE]
	at org.springframework.beans.factory.support.AbstractAutowireCapableBeanFactory.doCreateBean(AbstractAutowireCapableBeanFactory.java:557) ~[spring-beans-5.2.6.RELEASE.jar:5.2.6.RELEASE]
	at org.springframework.beans.factory.support.AbstractAutowireCapableBeanFactory.createBean(AbstractAutowireCapableBeanFactory.java:517) ~[spring-beans-5.2.6.RELEASE.jar:5.2.6.RELEASE]
	at org.springframework.beans.factory.support.AbstractBeanFactory.lambda$doGetBean$0(AbstractBeanFactory.java:323) ~[spring-beans-5.2.6.RELEASE.jar:5.2.6.RELEASE]
	at org.springframework.beans.factory.support.DefaultSingletonBeanRegistry.getSingleton(DefaultSingletonBeanRegistry.java:226) ~[spring-beans-5.2.6.RELEASE.jar:5.2.6.RELEASE]
	at org.springframework.beans.factory.support.AbstractBeanFactory.doGetBean(AbstractBeanFactory.java:321) ~[spring-beans-5.2.6.RELEASE.jar:5.2.6.RELEASE]
	at org.springframework.beans.factory.support.AbstractBeanFactory.getBean(AbstractBeanFactory.java:202) ~[spring-beans-5.2.6.RELEASE.jar:5.2.6.RELEASE]
	at org.springframework.beans.factory.config.DependencyDescriptor.resolveCandidate(DependencyDescriptor.java:276) ~[spring-beans-5.2.6.RELEASE.jar:5.2.6.RELEASE]
	at org.springframework.beans.factory.support.DefaultListableBeanFactory.addCandidateEntry(DefaultListableBeanFactory.java:1524) ~[spring-beans-5.2.6.RELEASE.jar:5.2.6.RELEASE]
	at org.springframework.beans.factory.support.DefaultListableBeanFactory.findAutowireCandidates(DefaultListableBeanFactory.java:1488) ~[spring-beans-5.2.6.RELEASE.jar:5.2.6.RELEASE]
	at org.springframework.beans.factory.support.DefaultListableBeanFactory.resolveMultipleBeans(DefaultListableBeanFactory.java:1377) ~[spring-beans-5.2.6.RELEASE.jar:5.2.6.RELEASE]
	at org.springframework.beans.factory.support.DefaultListableBeanFactory.doResolveDependency(DefaultListableBeanFactory.java:1264) ~[spring-beans-5.2.6.RELEASE.jar:5.2.6.RELEASE]
	at org.springframework.beans.factory.support.DefaultListableBeanFactory.resolveDependency(DefaultListableBeanFactory.java:1226) ~[spring-beans-5.2.6.RELEASE.jar:5.2.6.RELEASE]
	at org.springframework.beans.factory.annotation.AutowiredAnnotationBeanPostProcessor$AutowiredMethodElement.inject(AutowiredAnnotationBeanPostProcessor.java:715) ~[spring-beans-5.2.6.RELEASE.jar:5.2.6.RELEASE]
	at org.springframework.beans.factory.annotation.InjectionMetadata.inject(InjectionMetadata.java:130) ~[spring-beans-5.2.6.RELEASE.jar:5.2.6.RELEASE]
	at org.springframework.beans.factory.annotation.AutowiredAnnotationBeanPostProcessor.postProcessProperties(AutowiredAnnotationBeanPostProcessor.java:399) ~[spring-beans-5.2.6.RELEASE.jar:5.2.6.RELEASE]
	at org.springframework.beans.factory.support.AbstractAutowireCapableBeanFactory.populateBean(AbstractAutowireCapableBeanFactory.java:1422) ~[spring-beans-5.2.6.RELEASE.jar:5.2.6.RELEASE]
	at org.springframework.beans.factory.support.AbstractAutowireCapableBeanFactory.doCreateBean(AbstractAutowireCapableBeanFactory.java:594) ~[spring-beans-5.2.6.RELEASE.jar:5.2.6.RELEASE]
	at org.springframework.beans.factory.support.AbstractAutowireCapableBeanFactory.createBean(AbstractAutowireCapableBeanFactory.java:517) ~[spring-beans-5.2.6.RELEASE.jar:5.2.6.RELEASE]
	at org.springframework.beans.factory.support.AbstractBeanFactory.lambda$doGetBean$0(AbstractBeanFactory.java:323) ~[spring-beans-5.2.6.RELEASE.jar:5.2.6.RELEASE]
	at org.springframework.beans.factory.support.DefaultSingletonBeanRegistry.getSingleton(DefaultSingletonBeanRegistry.java:226) ~[spring-beans-5.2.6.RELEASE.jar:5.2.6.RELEASE]
	at org.springframework.beans.factory.support.AbstractBeanFactory.doGetBean(AbstractBeanFactory.java:321) ~[spring-beans-5.2.6.RELEASE.jar:5.2.6.RELEASE]
	at org.springframework.beans.factory.support.AbstractBeanFactory.getBean(AbstractBeanFactory.java:202) ~[spring-beans-5.2.6.RELEASE.jar:5.2.6.RELEASE]
	at org.springframework.beans.factory.support.ConstructorResolver.instantiateUsingFactoryMethod(ConstructorResolver.java:409) ~[spring-beans-5.2.6.RELEASE.jar:5.2.6.RELEASE]
	at org.springframework.beans.factory.support.AbstractAutowireCapableBeanFactory.instantiateUsingFactoryMethod(AbstractAutowireCapableBeanFactory.java:1338) ~[spring-beans-5.2.6.RELEASE.jar:5.2.6.RELEASE]
	at org.springframework.beans.factory.support.AbstractAutowireCapableBeanFactory.createBeanInstance(AbstractAutowireCapableBeanFactory.java:1177) ~[spring-beans-5.2.6.RELEASE.jar:5.2.6.RELEASE]
	at org.springframework.beans.factory.support.AbstractAutowireCapableBeanFactory.doCreateBean(AbstractAutowireCapableBeanFactory.java:557) ~[spring-beans-5.2.6.RELEASE.jar:5.2.6.RELEASE]
	at org.springframework.beans.factory.support.AbstractAutowireCapableBeanFactory.createBean(AbstractAutowireCapableBeanFactory.java:517) ~[spring-beans-5.2.6.RELEASE.jar:5.2.6.RELEASE]
	at org.springframework.beans.factory.support.AbstractBeanFactory.lambda$doGetBean$0(AbstractBeanFactory.java:323) ~[spring-beans-5.2.6.RELEASE.jar:5.2.6.RELEASE]
	at org.springframework.beans.factory.support.DefaultSingletonBeanRegistry.getSingleton(DefaultSingletonBeanRegistry.java:226) ~[spring-beans-5.2.6.RELEASE.jar:5.2.6.RELEASE]
	at org.springframework.beans.factory.support.AbstractBeanFactory.doGetBean(AbstractBeanFactory.java:321) ~[spring-beans-5.2.6.RELEASE.jar:5.2.6.RELEASE]
	at org.springframework.beans.factory.support.AbstractBeanFactory.getBean(AbstractBeanFactory.java:202) ~[spring-beans-5.2.6.RELEASE.jar:5.2.6.RELEASE]
	at org.springframework.beans.factory.config.DependencyDescriptor.resolveCandidate(DependencyDescriptor.java:276) ~[spring-beans-5.2.6.RELEASE.jar:5.2.6.RELEASE]
	at org.springframework.beans.factory.support.DefaultListableBeanFactory.doResolveDependency(DefaultListableBeanFactory.java:1306) ~[spring-beans-5.2.6.RELEASE.jar:5.2.6.RELEASE]
	at org.springframework.beans.factory.support.DefaultListableBeanFactory.resolveDependency(DefaultListableBeanFactory.java:1226) ~[spring-beans-5.2.6.RELEASE.jar:5.2.6.RELEASE]
	at org.springframework.beans.factory.annotation.AutowiredAnnotationBeanPostProcessor$AutowiredMethodElement.inject(AutowiredAnnotationBeanPostProcessor.java:715) ~[spring-beans-5.2.6.RELEASE.jar:5.2.6.RELEASE]
	at org.springframework.beans.factory.annotation.InjectionMetadata.inject(InjectionMetadata.java:130) ~[spring-beans-5.2.6.RELEASE.jar:5.2.6.RELEASE]
	at org.springframework.beans.factory.annotation.AutowiredAnnotationBeanPostProcessor.postProcessProperties(AutowiredAnnotationBeanPostProcessor.java:399) ~[spring-beans-5.2.6.RELEASE.jar:5.2.6.RELEASE]
	at org.springframework.beans.factory.support.AbstractAutowireCapableBeanFactory.populateBean(AbstractAutowireCapableBeanFactory.java:1422) ~[spring-beans-5.2.6.RELEASE.jar:5.2.6.RELEASE]
	at org.springframework.beans.factory.support.AbstractAutowireCapableBeanFactory.doCreateBean(AbstractAutowireCapableBeanFactory.java:594) ~[spring-beans-5.2.6.RELEASE.jar:5.2.6.RELEASE]
	at org.springframework.beans.factory.support.AbstractAutowireCapableBeanFactory.createBean(AbstractAutowireCapableBeanFactory.java:517) ~[spring-beans-5.2.6.RELEASE.jar:5.2.6.RELEASE]
	at org.springframework.beans.factory.support.AbstractBeanFactory.lambda$doGetBean$0(AbstractBeanFactory.java:323) ~[spring-beans-5.2.6.RELEASE.jar:5.2.6.RELEASE]
	at org.springframework.beans.factory.support.DefaultSingletonBeanRegistry.getSingleton(DefaultSingletonBeanRegistry.java:226) ~[spring-beans-5.2.6.RELEASE.jar:5.2.6.RELEASE]
	at org.springframework.beans.factory.support.AbstractBeanFactory.doGetBean(AbstractBeanFactory.java:321) ~[spring-beans-5.2.6.RELEASE.jar:5.2.6.RELEASE]
	at org.springframework.beans.factory.support.AbstractBeanFactory.getBean(AbstractBeanFactory.java:202) ~[spring-beans-5.2.6.RELEASE.jar:5.2.6.RELEASE]
	at org.springframework.beans.factory.support.ConstructorResolver.instantiateUsingFactoryMethod(ConstructorResolver.java:409) ~[spring-beans-5.2.6.RELEASE.jar:5.2.6.RELEASE]
	at org.springframework.beans.factory.support.AbstractAutowireCapableBeanFactory.instantiateUsingFactoryMethod(AbstractAutowireCapableBeanFactory.java:1338) ~[spring-beans-5.2.6.RELEASE.jar:5.2.6.RELEASE]
	at org.springframework.beans.factory.support.AbstractAutowireCapableBeanFactory.createBeanInstance(AbstractAutowireCapableBeanFactory.java:1177) ~[spring-beans-5.2.6.RELEASE.jar:5.2.6.RELEASE]
	at org.springframework.beans.factory.support.AbstractAutowireCapableBeanFactory.doCreateBean(AbstractAutowireCapableBeanFactory.java:557) ~[spring-beans-5.2.6.RELEASE.jar:5.2.6.RELEASE]
	at org.springframework.beans.factory.support.AbstractAutowireCapableBeanFactory.createBean(AbstractAutowireCapableBeanFactory.java:517) ~[spring-beans-5.2.6.RELEASE.jar:5.2.6.RELEASE]
	at org.springframework.beans.factory.support.AbstractBeanFactory.lambda$doGetBean$0(AbstractBeanFactory.java:323) ~[spring-beans-5.2.6.RELEASE.jar:5.2.6.RELEASE]
	at org.springframework.beans.factory.support.DefaultSingletonBeanRegistry.getSingleton(DefaultSingletonBeanRegistry.java:226) ~[spring-beans-5.2.6.RELEASE.jar:5.2.6.RELEASE]
	at org.springframework.beans.factory.support.AbstractBeanFactory.doGetBean(AbstractBeanFactory.java:321) ~[spring-beans-5.2.6.RELEASE.jar:5.2.6.RELEASE]
	at org.springframework.beans.factory.support.AbstractBeanFactory.getBean(AbstractBeanFactory.java:207) ~[spring-beans-5.2.6.RELEASE.jar:5.2.6.RELEASE]
	at org.springframework.boot.web.servlet.ServletContextInitializerBeans.getOrderedBeansOfType(ServletContextInitializerBeans.java:211) ~[spring-boot-2.3.0.RELEASE.jar:2.3.0.RELEASE]
	at org.springframework.boot.web.servlet.ServletContextInitializerBeans.getOrderedBeansOfType(ServletContextInitializerBeans.java:202) ~[spring-boot-2.3.0.RELEASE.jar:2.3.0.RELEASE]
	at org.springframework.boot.web.servlet.ServletContextInitializerBeans.addServletContextInitializerBeans(ServletContextInitializerBeans.java:96) ~[spring-boot-2.3.0.RELEASE.jar:2.3.0.RELEASE]
	at org.springframework.boot.web.servlet.ServletContextInitializerBeans.<init>(ServletContextInitializerBeans.java:85) ~[spring-boot-2.3.0.RELEASE.jar:2.3.0.RELEASE]
	at org.springframework.boot.web.servlet.context.ServletWebServerApplicationContext.getServletContextInitializerBeans(ServletWebServerApplicationContext.java:253) ~[spring-boot-2.3.0.RELEASE.jar:2.3.0.RELEASE]
	at org.springframework.boot.web.servlet.context.ServletWebServerApplicationContext.selfInitialize(ServletWebServerApplicationContext.java:227) ~[spring-boot-2.3.0.RELEASE.jar:2.3.0.RELEASE]
	at org.springframework.boot.web.embedded.tomcat.TomcatStarter.onStartup(TomcatStarter.java:53) ~[spring-boot-2.3.0.RELEASE.jar:2.3.0.RELEASE]
	at org.apache.catalina.core.StandardContext.startInternal(StandardContext.java:5136) ~[tomcat-embed-core-9.0.35.jar:9.0.35]
	at org.apache.catalina.util.LifecycleBase.start(LifecycleBase.java:183) ~[tomcat-embed-core-9.0.35.jar:9.0.35]
	at org.apache.catalina.core.ContainerBase$StartChild.call(ContainerBase.java:1384) ~[tomcat-embed-core-9.0.35.jar:9.0.35]
	at org.apache.catalina.core.ContainerBase$StartChild.call(ContainerBase.java:1374) ~[tomcat-embed-core-9.0.35.jar:9.0.35]
	at java.util.concurrent.FutureTask.run(FutureTask.java:264) ~[?:?]
	at org.apache.tomcat.util.threads.InlineExecutorService.execute(InlineExecutorService.java:75) ~[tomcat-embed-core-9.0.35.jar:9.0.35]
	at java.util.concurrent.AbstractExecutorService.submit(AbstractExecutorService.java:140) ~[?:?]
	at org.apache.catalina.core.ContainerBase.startInternal(ContainerBase.java:909) ~[tomcat-embed-core-9.0.35.jar:9.0.35]
	at org.apache.catalina.core.StandardHost.startInternal(StandardHost.java:841) ~[tomcat-embed-core-9.0.35.jar:9.0.35]
	at org.apache.catalina.util.LifecycleBase.start(LifecycleBase.java:183) ~[tomcat-embed-core-9.0.35.jar:9.0.35]
	at org.apache.catalina.core.ContainerBase$StartChild.call(ContainerBase.java:1384) ~[tomcat-embed-core-9.0.35.jar:9.0.35]
	at org.apache.catalina.core.ContainerBase$StartChild.call(ContainerBase.java:1374) ~[tomcat-embed-core-9.0.35.jar:9.0.35]
	at java.util.concurrent.FutureTask.run(FutureTask.java:264) ~[?:?]
	at org.apache.tomcat.util.threads.InlineExecutorService.execute(InlineExecutorService.java:75) ~[tomcat-embed-core-9.0.35.jar:9.0.35]
	at java.util.concurrent.AbstractExecutorService.submit(AbstractExecutorService.java:140) ~[?:?]
	at org.apache.catalina.core.ContainerBase.startInternal(ContainerBase.java:909) ~[tomcat-embed-core-9.0.35.jar:9.0.35]
	at org.apache.catalina.core.StandardEngine.startInternal(StandardEngine.java:262) ~[tomcat-embed-core-9.0.35.jar:9.0.35]
	at org.apache.catalina.util.LifecycleBase.start(LifecycleBase.java:183) ~[tomcat-embed-core-9.0.35.jar:9.0.35]
	at org.apache.catalina.core.StandardService.startInternal(StandardService.java:421) ~[tomcat-embed-core-9.0.35.jar:9.0.35]
	at org.apache.catalina.util.LifecycleBase.start(LifecycleBase.java:183) ~[tomcat-embed-core-9.0.35.jar:9.0.35]
	at org.apache.catalina.core.StandardServer.startInternal(StandardServer.java:930) ~[tomcat-embed-core-9.0.35.jar:9.0.35]
	at org.apache.catalina.util.LifecycleBase.start(LifecycleBase.java:183) ~[tomcat-embed-core-9.0.35.jar:9.0.35]
	at org.apache.catalina.startup.Tomcat.start(Tomcat.java:468) ~[tomcat-embed-core-9.0.35.jar:9.0.35]
	at org.springframework.boot.web.embedded.tomcat.TomcatWebServer.initialize(TomcatWebServer.java:123) ~[spring-boot-2.3.0.RELEASE.jar:2.3.0.RELEASE]
	at org.springframework.boot.web.embedded.tomcat.TomcatWebServer.<init>(TomcatWebServer.java:104) ~[spring-boot-2.3.0.RELEASE.jar:2.3.0.RELEASE]
	at org.springframework.boot.web.embedded.tomcat.TomcatServletWebServerFactory.getTomcatWebServer(TomcatServletWebServerFactory.java:437) ~[spring-boot-2.3.0.RELEASE.jar:2.3.0.RELEASE]
	at org.springframework.boot.web.embedded.tomcat.TomcatServletWebServerFactory.getWebServer(TomcatServletWebServerFactory.java:191) ~[spring-boot-2.3.0.RELEASE.jar:2.3.0.RELEASE]
	at org.springframework.boot.web.servlet.context.ServletWebServerApplicationContext.createWebServer(ServletWebServerApplicationContext.java:176) ~[spring-boot-2.3.0.RELEASE.jar:2.3.0.RELEASE]
	at org.springframework.boot.web.servlet.context.ServletWebServerApplicationContext.onRefresh(ServletWebServerApplicationContext.java:158) ~[spring-boot-2.3.0.RELEASE.jar:2.3.0.RELEASE]
	... 14 more
Caused by: org.springframework.beans.factory.BeanCreationException: Error creating bean with name 'liquibase' defined in class path resource [org/springframework/boot/autoconfigure/liquibase/LiquibaseAutoConfiguration$LiquibaseConfiguration.class]: Invocation of init method failed; nested exception is liquibase.exception.LiquibaseException: liquibase.exception.MigrationFailedException: Migration failed for changeset liquibase/dev/20260330.xml::1774866976264-1::Authentication:
     Reason: liquibase.exception.DatabaseException: Table 'db_mgr_news' already exists [Failed SQL: (1050) CREATE TABLE account_managerment.db_mgr_news (id BIGINT NOT NULL, content LONGTEXT NULL, title VARCHAR(255) NULL, category_id BIGINT NULL, created_by VARCHAR(255) NOT NULL, created_date datetime NOT NULL, modified_by VARCHAR(255) NOT NULL, modified_date datetime NOT NULL, status INT NOT NULL, CONSTRAINT db_mgr_newsPK PRIMARY KEY (id))]
	at org.springframework.beans.factory.support.AbstractAutowireCapableBeanFactory.initializeBean(AbstractAutowireCapableBeanFactory.java:1796) ~[spring-beans-5.2.6.RELEASE.jar:5.2.6.RELEASE]
	at org.springframework.beans.factory.support.AbstractAutowireCapableBeanFactory.doCreateBean(AbstractAutowireCapableBeanFactory.java:595) ~[spring-beans-5.2.6.RELEASE.jar:5.2.6.RELEASE]
	at org.springframework.beans.factory.support.AbstractAutowireCapableBeanFactory.createBean(AbstractAutowireCapableBeanFactory.java:517) ~[spring-beans-5.2.6.RELEASE.jar:5.2.6.RELEASE]
	at org.springframework.beans.factory.support.AbstractBeanFactory.lambda$doGetBean$0(AbstractBeanFactory.java:323) ~[spring-beans-5.2.6.RELEASE.jar:5.2.6.RELEASE]
	at org.springframework.beans.factory.support.DefaultSingletonBeanRegistry.getSingleton(DefaultSingletonBeanRegistry.java:226) ~[spring-beans-5.2.6.RELEASE.jar:5.2.6.RELEASE]
	at org.springframework.beans.factory.support.AbstractBeanFactory.doGetBean(AbstractBeanFactory.java:321) ~[spring-beans-5.2.6.RELEASE.jar:5.2.6.RELEASE]
	at org.springframework.beans.factory.support.AbstractBeanFactory.getBean(AbstractBeanFactory.java:202) ~[spring-beans-5.2.6.RELEASE.jar:5.2.6.RELEASE]
	at org.springframework.beans.factory.support.AbstractBeanFactory.doGetBean(AbstractBeanFactory.java:310) ~[spring-beans-5.2.6.RELEASE.jar:5.2.6.RELEASE]
	at org.springframework.beans.factory.support.AbstractBeanFactory.getBean(AbstractBeanFactory.java:227) ~[spring-beans-5.2.6.RELEASE.jar:5.2.6.RELEASE]
	at org.springframework.beans.factory.support.DefaultListableBeanFactory.resolveNamedBean(DefaultListableBeanFactory.java:1174) ~[spring-beans-5.2.6.RELEASE.jar:5.2.6.RELEASE]
	at org.springframework.beans.factory.support.DefaultListableBeanFactory.resolveBean(DefaultListableBeanFactory.java:422) ~[spring-beans-5.2.6.RELEASE.jar:5.2.6.RELEASE]
	at org.springframework.beans.factory.support.DefaultListableBeanFactory.getBean(DefaultListableBeanFactory.java:352) ~[spring-beans-5.2.6.RELEASE.jar:5.2.6.RELEASE]
	at org.springframework.beans.factory.support.DefaultListableBeanFactory.getBean(DefaultListableBeanFactory.java:345) ~[spring-beans-5.2.6.RELEASE.jar:5.2.6.RELEASE]
	at org.springframework.orm.jpa.EntityManagerFactoryUtils.findEntityManagerFactory(EntityManagerFactoryUtils.java:121) ~[spring-orm-5.2.6.RELEASE.jar:5.2.6.RELEASE]
	at org.springframework.orm.jpa.EntityManagerFactoryAccessor.setBeanFactory(EntityManagerFactoryAccessor.java:155) ~[spring-orm-5.2.6.RELEASE.jar:5.2.6.RELEASE]
	at org.springframework.beans.factory.support.AbstractAutowireCapableBeanFactory.invokeAwareMethods(AbstractAutowireCapableBeanFactory.java:1818) ~[spring-beans-5.2.6.RELEASE.jar:5.2.6.RELEASE]
	at org.springframework.beans.factory.support.AbstractAutowireCapableBeanFactory.initializeBean(AbstractAutowireCapableBeanFactory.java:1783) ~[spring-beans-5.2.6.RELEASE.jar:5.2.6.RELEASE]
	at org.springframework.beans.factory.support.AbstractAutowireCapableBeanFactory.doCreateBean(AbstractAutowireCapableBeanFactory.java:595) ~[spring-beans-5.2.6.RELEASE.jar:5.2.6.RELEASE]
	at org.springframework.beans.factory.support.AbstractAutowireCapableBeanFactory.createBean(AbstractAutowireCapableBeanFactory.java:517) ~[spring-beans-5.2.6.RELEASE.jar:5.2.6.RELEASE]
	at org.springframework.beans.factory.support.AbstractBeanFactory.lambda$doGetBean$0(AbstractBeanFactory.java:323) ~[spring-beans-5.2.6.RELEASE.jar:5.2.6.RELEASE]
	at org.springframework.beans.factory.support.DefaultSingletonBeanRegistry.getSingleton(DefaultSingletonBeanRegistry.java:226) ~[spring-beans-5.2.6.RELEASE.jar:5.2.6.RELEASE]
	at org.springframework.beans.factory.support.AbstractBeanFactory.doGetBean(AbstractBeanFactory.java:321) ~[spring-beans-5.2.6.RELEASE.jar:5.2.6.RELEASE]
	at org.springframework.beans.factory.support.AbstractBeanFactory.getBean(AbstractBeanFactory.java:202) ~[spring-beans-5.2.6.RELEASE.jar:5.2.6.RELEASE]
	at org.springframework.beans.factory.config.DependencyDescriptor.resolveCandidate(DependencyDescriptor.java:276) ~[spring-beans-5.2.6.RELEASE.jar:5.2.6.RELEASE]
	at org.springframework.beans.factory.support.DefaultListableBeanFactory.doResolveDependency(DefaultListableBeanFactory.java:1306) ~[spring-beans-5.2.6.RELEASE.jar:5.2.6.RELEASE]
	at org.springframework.beans.factory.support.DefaultListableBeanFactory.resolveDependency(DefaultListableBeanFactory.java:1226) ~[spring-beans-5.2.6.RELEASE.jar:5.2.6.RELEASE]
	at org.springframework.beans.factory.support.ConstructorResolver.resolveAutowiredArgument(ConstructorResolver.java:885) ~[spring-beans-5.2.6.RELEASE.jar:5.2.6.RELEASE]
	at org.springframework.beans.factory.support.ConstructorResolver.createArgumentArray(ConstructorResolver.java:789) ~[spring-beans-5.2.6.RELEASE.jar:5.2.6.RELEASE]
	at org.springframework.beans.factory.support.ConstructorResolver.instantiateUsingFactoryMethod(ConstructorResolver.java:539) ~[spring-beans-5.2.6.RELEASE.jar:5.2.6.RELEASE]
	at org.springframework.beans.factory.support.AbstractAutowireCapableBeanFactory.instantiateUsingFactoryMethod(AbstractAutowireCapableBeanFactory.java:1338) ~[spring-beans-5.2.6.RELEASE.jar:5.2.6.RELEASE]
	at org.springframework.beans.factory.support.AbstractAutowireCapableBeanFactory.createBeanInstance(AbstractAutowireCapableBeanFactory.java:1177) ~[spring-beans-5.2.6.RELEASE.jar:5.2.6.RELEASE]
	at org.springframework.beans.factory.support.AbstractAutowireCapableBeanFactory.doCreateBean(AbstractAutowireCapableBeanFactory.java:557) ~[spring-beans-5.2.6.RELEASE.jar:5.2.6.RELEASE]
	at org.springframework.beans.factory.support.AbstractAutowireCapableBeanFactory.createBean(AbstractAutowireCapableBeanFactory.java:517) ~[spring-beans-5.2.6.RELEASE.jar:5.2.6.RELEASE]
	at org.springframework.beans.factory.support.AbstractBeanFactory.lambda$doGetBean$0(AbstractBeanFactory.java:323) ~[spring-beans-5.2.6.RELEASE.jar:5.2.6.RELEASE]
	at org.springframework.beans.factory.support.DefaultSingletonBeanRegistry.getSingleton(DefaultSingletonBeanRegistry.java:226) ~[spring-beans-5.2.6.RELEASE.jar:5.2.6.RELEASE]
	at org.springframework.beans.factory.support.AbstractBeanFactory.doGetBean(AbstractBeanFactory.java:321) ~[spring-beans-5.2.6.RELEASE.jar:5.2.6.RELEASE]
	at org.springframework.beans.factory.support.AbstractBeanFactory.getBean(AbstractBeanFactory.java:202) ~[spring-beans-5.2.6.RELEASE.jar:5.2.6.RELEASE]
	at org.springframework.beans.factory.config.DependencyDescriptor.resolveCandidate(DependencyDescriptor.java:276) ~[spring-beans-5.2.6.RELEASE.jar:5.2.6.RELEASE]
	at org.springframework.beans.factory.support.DefaultListableBeanFactory.addCandidateEntry(DefaultListableBeanFactory.java:1524) ~[spring-beans-5.2.6.RELEASE.jar:5.2.6.RELEASE]
	at org.springframework.beans.factory.support.DefaultListableBeanFactory.findAutowireCandidates(DefaultListableBeanFactory.java:1488) ~[spring-beans-5.2.6.RELEASE.jar:5.2.6.RELEASE]
	at org.springframework.beans.factory.support.DefaultListableBeanFactory.resolveMultipleBeans(DefaultListableBeanFactory.java:1377) ~[spring-beans-5.2.6.RELEASE.jar:5.2.6.RELEASE]
	at org.springframework.beans.factory.support.DefaultListableBeanFactory.doResolveDependency(DefaultListableBeanFactory.java:1264) ~[spring-beans-5.2.6.RELEASE.jar:5.2.6.RELEASE]
	at org.springframework.beans.factory.support.DefaultListableBeanFactory.resolveDependency(DefaultListableBeanFactory.java:1226) ~[spring-beans-5.2.6.RELEASE.jar:5.2.6.RELEASE]
	at org.springframework.beans.factory.annotation.AutowiredAnnotationBeanPostProcessor$AutowiredMethodElement.inject(AutowiredAnnotationBeanPostProcessor.java:715) ~[spring-beans-5.2.6.RELEASE.jar:5.2.6.RELEASE]
	at org.springframework.beans.factory.annotation.InjectionMetadata.inject(InjectionMetadata.java:130) ~[spring-beans-5.2.6.RELEASE.jar:5.2.6.RELEASE]
	at org.springframework.beans.factory.annotation.AutowiredAnnotationBeanPostProcessor.postProcessProperties(AutowiredAnnotationBeanPostProcessor.java:399) ~[spring-beans-5.2.6.RELEASE.jar:5.2.6.RELEASE]
	at org.springframework.beans.factory.support.AbstractAutowireCapableBeanFactory.populateBean(AbstractAutowireCapableBeanFactory.java:1422) ~[spring-beans-5.2.6.RELEASE.jar:5.2.6.RELEASE]
	at org.springframework.beans.factory.support.AbstractAutowireCapableBeanFactory.doCreateBean(AbstractAutowireCapableBeanFactory.java:594) ~[spring-beans-5.2.6.RELEASE.jar:5.2.6.RELEASE]
	at org.springframework.beans.factory.support.AbstractAutowireCapableBeanFactory.createBean(AbstractAutowireCapableBeanFactory.java:517) ~[spring-beans-5.2.6.RELEASE.jar:5.2.6.RELEASE]
	at org.springframework.beans.factory.support.AbstractBeanFactory.lambda$doGetBean$0(AbstractBeanFactory.java:323) ~[spring-beans-5.2.6.RELEASE.jar:5.2.6.RELEASE]
	at org.springframework.beans.factory.support.DefaultSingletonBeanRegistry.getSingleton(DefaultSingletonBeanRegistry.java:226) ~[spring-beans-5.2.6.RELEASE.jar:5.2.6.RELEASE]
	at org.springframework.beans.factory.support.AbstractBeanFactory.doGetBean(AbstractBeanFactory.java:321) ~[spring-beans-5.2.6.RELEASE.jar:5.2.6.RELEASE]
	at org.springframework.beans.factory.support.AbstractBeanFactory.getBean(AbstractBeanFactory.java:202) ~[spring-beans-5.2.6.RELEASE.jar:5.2.6.RELEASE]
	at org.springframework.beans.factory.support.ConstructorResolver.instantiateUsingFactoryMethod(ConstructorResolver.java:409) ~[spring-beans-5.2.6.RELEASE.jar:5.2.6.RELEASE]
	at org.springframework.beans.factory.support.AbstractAutowireCapableBeanFactory.instantiateUsingFactoryMethod(AbstractAutowireCapableBeanFactory.java:1338) ~[spring-beans-5.2.6.RELEASE.jar:5.2.6.RELEASE]
	at org.springframework.beans.factory.support.AbstractAutowireCapableBeanFactory.createBeanInstance(AbstractAutowireCapableBeanFactory.java:1177) ~[spring-beans-5.2.6.RELEASE.jar:5.2.6.RELEASE]
	at org.springframework.beans.factory.support.AbstractAutowireCapableBeanFactory.doCreateBean(AbstractAutowireCapableBeanFactory.java:557) ~[spring-beans-5.2.6.RELEASE.jar:5.2.6.RELEASE]
	at org.springframework.beans.factory.support.AbstractAutowireCapableBeanFactory.createBean(AbstractAutowireCapableBeanFactory.java:517) ~[spring-beans-5.2.6.RELEASE.jar:5.2.6.RELEASE]
	at org.springframework.beans.factory.support.AbstractBeanFactory.lambda$doGetBean$0(AbstractBeanFactory.java:323) ~[spring-beans-5.2.6.RELEASE.jar:5.2.6.RELEASE]
	at org.springframework.beans.factory.support.DefaultSingletonBeanRegistry.getSingleton(DefaultSingletonBeanRegistry.java:226) ~[spring-beans-5.2.6.RELEASE.jar:5.2.6.RELEASE]
	at org.springframework.beans.factory.support.AbstractBeanFactory.doGetBean(AbstractBeanFactory.java:321) ~[spring-beans-5.2.6.RELEASE.jar:5.2.6.RELEASE]
	at org.springframework.beans.factory.support.AbstractBeanFactory.getBean(AbstractBeanFactory.java:202) ~[spring-beans-5.2.6.RELEASE.jar:5.2.6.RELEASE]
	at org.springframework.beans.factory.config.DependencyDescriptor.resolveCandidate(DependencyDescriptor.java:276) ~[spring-beans-5.2.6.RELEASE.jar:5.2.6.RELEASE]
	at org.springframework.beans.factory.support.DefaultListableBeanFactory.doResolveDependency(DefaultListableBeanFactory.java:1306) ~[spring-beans-5.2.6.RELEASE.jar:5.2.6.RELEASE]
	at org.springframework.beans.factory.support.DefaultListableBeanFactory.resolveDependency(DefaultListableBeanFactory.java:1226) ~[spring-beans-5.2.6.RELEASE.jar:5.2.6.RELEASE]
	at org.springframework.beans.factory.annotation.AutowiredAnnotationBeanPostProcessor$AutowiredMethodElement.inject(AutowiredAnnotationBeanPostProcessor.java:715) ~[spring-beans-5.2.6.RELEASE.jar:5.2.6.RELEASE]
	at org.springframework.beans.factory.annotation.InjectionMetadata.inject(InjectionMetadata.java:130) ~[spring-beans-5.2.6.RELEASE.jar:5.2.6.RELEASE]
	at org.springframework.beans.factory.annotation.AutowiredAnnotationBeanPostProcessor.postProcessProperties(AutowiredAnnotationBeanPostProcessor.java:399) ~[spring-beans-5.2.6.RELEASE.jar:5.2.6.RELEASE]
	at org.springframework.beans.factory.support.AbstractAutowireCapableBeanFactory.populateBean(AbstractAutowireCapableBeanFactory.java:1422) ~[spring-beans-5.2.6.RELEASE.jar:5.2.6.RELEASE]
	at org.springframework.beans.factory.support.AbstractAutowireCapableBeanFactory.doCreateBean(AbstractAutowireCapableBeanFactory.java:594) ~[spring-beans-5.2.6.RELEASE.jar:5.2.6.RELEASE]
	at org.springframework.beans.factory.support.AbstractAutowireCapableBeanFactory.createBean(AbstractAutowireCapableBeanFactory.java:517) ~[spring-beans-5.2.6.RELEASE.jar:5.2.6.RELEASE]
	at org.springframework.beans.factory.support.AbstractBeanFactory.lambda$doGetBean$0(AbstractBeanFactory.java:323) ~[spring-beans-5.2.6.RELEASE.jar:5.2.6.RELEASE]
	at org.springframework.beans.factory.support.DefaultSingletonBeanRegistry.getSingleton(DefaultSingletonBeanRegistry.java:226) ~[spring-beans-5.2.6.RELEASE.jar:5.2.6.RELEASE]
	at org.springframework.beans.factory.support.AbstractBeanFactory.doGetBean(AbstractBeanFactory.java:321) ~[spring-beans-5.2.6.RELEASE.jar:5.2.6.RELEASE]
	at org.springframework.beans.factory.support.AbstractBeanFactory.getBean(AbstractBeanFactory.java:202) ~[spring-beans-5.2.6.RELEASE.jar:5.2.6.RELEASE]
	at org.springframework.beans.factory.support.ConstructorResolver.instantiateUsingFactoryMethod(ConstructorResolver.java:409) ~[spring-beans-5.2.6.RELEASE.jar:5.2.6.RELEASE]
	at org.springframework.beans.factory.support.AbstractAutowireCapableBeanFactory.instantiateUsingFactoryMethod(AbstractAutowireCapableBeanFactory.java:1338) ~[spring-beans-5.2.6.RELEASE.jar:5.2.6.RELEASE]
	at org.springframework.beans.factory.support.AbstractAutowireCapableBeanFactory.createBeanInstance(AbstractAutowireCapableBeanFactory.java:1177) ~[spring-beans-5.2.6.RELEASE.jar:5.2.6.RELEASE]
	at org.springframework.beans.factory.support.AbstractAutowireCapableBeanFactory.doCreateBean(AbstractAutowireCapableBeanFactory.java:557) ~[spring-beans-5.2.6.RELEASE.jar:5.2.6.RELEASE]
	at org.springframework.beans.factory.support.AbstractAutowireCapableBeanFactory.createBean(AbstractAutowireCapableBeanFactory.java:517) ~[spring-beans-5.2.6.RELEASE.jar:5.2.6.RELEASE]
	at org.springframework.beans.factory.support.AbstractBeanFactory.lambda$doGetBean$0(AbstractBeanFactory.java:323) ~[spring-beans-5.2.6.RELEASE.jar:5.2.6.RELEASE]
	at org.springframework.beans.factory.support.DefaultSingletonBeanRegistry.getSingleton(DefaultSingletonBeanRegistry.java:226) ~[spring-beans-5.2.6.RELEASE.jar:5.2.6.RELEASE]
	at org.springframework.beans.factory.support.AbstractBeanFactory.doGetBean(AbstractBeanFactory.java:321) ~[spring-beans-5.2.6.RELEASE.jar:5.2.6.RELEASE]
	at org.springframework.beans.factory.support.AbstractBeanFactory.getBean(AbstractBeanFactory.java:207) ~[spring-beans-5.2.6.RELEASE.jar:5.2.6.RELEASE]
	at org.springframework.boot.web.servlet.ServletContextInitializerBeans.getOrderedBeansOfType(ServletContextInitializerBeans.java:211) ~[spring-boot-2.3.0.RELEASE.jar:2.3.0.RELEASE]
	at org.springframework.boot.web.servlet.ServletContextInitializerBeans.getOrderedBeansOfType(ServletContextInitializerBeans.java:202) ~[spring-boot-2.3.0.RELEASE.jar:2.3.0.RELEASE]
	at org.springframework.boot.web.servlet.ServletContextInitializerBeans.addServletContextInitializerBeans(ServletContextInitializerBeans.java:96) ~[spring-boot-2.3.0.RELEASE.jar:2.3.0.RELEASE]
	at org.springframework.boot.web.servlet.ServletContextInitializerBeans.<init>(ServletContextInitializerBeans.java:85) ~[spring-boot-2.3.0.RELEASE.jar:2.3.0.RELEASE]
	at org.springframework.boot.web.servlet.context.ServletWebServerApplicationContext.getServletContextInitializerBeans(ServletWebServerApplicationContext.java:253) ~[spring-boot-2.3.0.RELEASE.jar:2.3.0.RELEASE]
	at org.springframework.boot.web.servlet.context.ServletWebServerApplicationContext.selfInitialize(ServletWebServerApplicationContext.java:227) ~[spring-boot-2.3.0.RELEASE.jar:2.3.0.RELEASE]
	at org.springframework.boot.web.embedded.tomcat.TomcatStarter.onStartup(TomcatStarter.java:53) ~[spring-boot-2.3.0.RELEASE.jar:2.3.0.RELEASE]
	at org.apache.catalina.core.StandardContext.startInternal(StandardContext.java:5136) ~[tomcat-embed-core-9.0.35.jar:9.0.35]
	at org.apache.catalina.util.LifecycleBase.start(LifecycleBase.java:183) ~[tomcat-embed-core-9.0.35.jar:9.0.35]
	at org.apache.catalina.core.ContainerBase$StartChild.call(ContainerBase.java:1384) ~[tomcat-embed-core-9.0.35.jar:9.0.35]
	at org.apache.catalina.core.ContainerBase$StartChild.call(ContainerBase.java:1374) ~[tomcat-embed-core-9.0.35.jar:9.0.35]
	at java.util.concurrent.FutureTask.run(FutureTask.java:264) ~[?:?]
	at org.apache.tomcat.util.threads.InlineExecutorService.execute(InlineExecutorService.java:75) ~[tomcat-embed-core-9.0.35.jar:9.0.35]
	at java.util.concurrent.AbstractExecutorService.submit(AbstractExecutorService.java:140) ~[?:?]
	at org.apache.catalina.core.ContainerBase.startInternal(ContainerBase.java:909) ~[tomcat-embed-core-9.0.35.jar:9.0.35]
	at org.apache.catalina.core.StandardHost.startInternal(StandardHost.java:841) ~[tomcat-embed-core-9.0.35.jar:9.0.35]
	at org.apache.catalina.util.LifecycleBase.start(LifecycleBase.java:183) ~[tomcat-embed-core-9.0.35.jar:9.0.35]
	at org.apache.catalina.core.ContainerBase$StartChild.call(ContainerBase.java:1384) ~[tomcat-embed-core-9.0.35.jar:9.0.35]
	at org.apache.catalina.core.ContainerBase$StartChild.call(ContainerBase.java:1374) ~[tomcat-embed-core-9.0.35.jar:9.0.35]
	at java.util.concurrent.FutureTask.run(FutureTask.java:264) ~[?:?]
	at org.apache.tomcat.util.threads.InlineExecutorService.execute(InlineExecutorService.java:75) ~[tomcat-embed-core-9.0.35.jar:9.0.35]
	at java.util.concurrent.AbstractExecutorService.submit(AbstractExecutorService.java:140) ~[?:?]
	at org.apache.catalina.core.ContainerBase.startInternal(ContainerBase.java:909) ~[tomcat-embed-core-9.0.35.jar:9.0.35]
	at org.apache.catalina.core.StandardEngine.startInternal(StandardEngine.java:262) ~[tomcat-embed-core-9.0.35.jar:9.0.35]
	at org.apache.catalina.util.LifecycleBase.start(LifecycleBase.java:183) ~[tomcat-embed-core-9.0.35.jar:9.0.35]
	at org.apache.catalina.core.StandardService.startInternal(StandardService.java:421) ~[tomcat-embed-core-9.0.35.jar:9.0.35]
	at org.apache.catalina.util.LifecycleBase.start(LifecycleBase.java:183) ~[tomcat-embed-core-9.0.35.jar:9.0.35]
	at org.apache.catalina.core.StandardServer.startInternal(StandardServer.java:930) ~[tomcat-embed-core-9.0.35.jar:9.0.35]
	at org.apache.catalina.util.LifecycleBase.start(LifecycleBase.java:183) ~[tomcat-embed-core-9.0.35.jar:9.0.35]
	at org.apache.catalina.startup.Tomcat.start(Tomcat.java:468) ~[tomcat-embed-core-9.0.35.jar:9.0.35]
	at org.springframework.boot.web.embedded.tomcat.TomcatWebServer.initialize(TomcatWebServer.java:123) ~[spring-boot-2.3.0.RELEASE.jar:2.3.0.RELEASE]
	at org.springframework.boot.web.embedded.tomcat.TomcatWebServer.<init>(TomcatWebServer.java:104) ~[spring-boot-2.3.0.RELEASE.jar:2.3.0.RELEASE]
	at org.springframework.boot.web.embedded.tomcat.TomcatServletWebServerFactory.getTomcatWebServer(TomcatServletWebServerFactory.java:437) ~[spring-boot-2.3.0.RELEASE.jar:2.3.0.RELEASE]
	at org.springframework.boot.web.embedded.tomcat.TomcatServletWebServerFactory.getWebServer(TomcatServletWebServerFactory.java:191) ~[spring-boot-2.3.0.RELEASE.jar:2.3.0.RELEASE]
	at org.springframework.boot.web.servlet.context.ServletWebServerApplicationContext.createWebServer(ServletWebServerApplicationContext.java:176) ~[spring-boot-2.3.0.RELEASE.jar:2.3.0.RELEASE]
	at org.springframework.boot.web.servlet.context.ServletWebServerApplicationContext.onRefresh(ServletWebServerApplicationContext.java:158) ~[spring-boot-2.3.0.RELEASE.jar:2.3.0.RELEASE]
	... 14 more
Caused by: liquibase.exception.LiquibaseException: liquibase.exception.MigrationFailedException: Migration failed for changeset liquibase/dev/20260330.xml::1774866976264-1::Authentication:
     Reason: liquibase.exception.DatabaseException: Table 'db_mgr_news' already exists [Failed SQL: (1050) CREATE TABLE account_managerment.db_mgr_news (id BIGINT NOT NULL, content LONGTEXT NULL, title VARCHAR(255) NULL, category_id BIGINT NULL, created_by VARCHAR(255) NOT NULL, created_date datetime NOT NULL, modified_by VARCHAR(255) NOT NULL, modified_date datetime NOT NULL, status INT NOT NULL, CONSTRAINT db_mgr_newsPK PRIMARY KEY (id))]
	at liquibase.changelog.ChangeLogIterator.run(ChangeLogIterator.java:127) ~[liquibase-core-4.19.0.jar:?]
	at liquibase.Liquibase.lambda$null$0(Liquibase.java:291) ~[liquibase-core-4.19.0.jar:?]
	at liquibase.Scope.lambda$child$0(Scope.java:180) ~[liquibase-core-4.19.0.jar:?]
	at liquibase.Scope.child(Scope.java:189) ~[liquibase-core-4.19.0.jar:?]
	at liquibase.Scope.child(Scope.java:179) ~[liquibase-core-4.19.0.jar:?]
	at liquibase.Scope.child(Scope.java:158) ~[liquibase-core-4.19.0.jar:?]
	at liquibase.Scope.child(Scope.java:243) ~[liquibase-core-4.19.0.jar:?]
	at liquibase.Liquibase.lambda$update$1(Liquibase.java:290) ~[liquibase-core-4.19.0.jar:?]
	at liquibase.Scope.lambda$child$0(Scope.java:180) ~[liquibase-core-4.19.0.jar:?]
	at liquibase.Scope.child(Scope.java:189) ~[liquibase-core-4.19.0.jar:?]
	at liquibase.Scope.child(Scope.java:179) ~[liquibase-core-4.19.0.jar:?]
	at liquibase.Scope.child(Scope.java:158) ~[liquibase-core-4.19.0.jar:?]
	at liquibase.Liquibase.runInScope(Liquibase.java:2431) ~[liquibase-core-4.19.0.jar:?]
	at liquibase.Liquibase.update(Liquibase.java:237) ~[liquibase-core-4.19.0.jar:?]
	at liquibase.Liquibase.update(Liquibase.java:222) ~[liquibase-core-4.19.0.jar:?]
	at liquibase.integration.spring.SpringLiquibase.performUpdate(SpringLiquibase.java:328) ~[liquibase-core-4.19.0.jar:?]
	at liquibase.integration.spring.SpringLiquibase.afterPropertiesSet(SpringLiquibase.java:283) ~[liquibase-core-4.19.0.jar:?]
	at org.springframework.beans.factory.support.AbstractAutowireCapableBeanFactory.invokeInitMethods(AbstractAutowireCapableBeanFactory.java:1855) ~[spring-beans-5.2.6.RELEASE.jar:5.2.6.RELEASE]
	at org.springframework.beans.factory.support.AbstractAutowireCapableBeanFactory.initializeBean(AbstractAutowireCapableBeanFactory.java:1792) ~[spring-beans-5.2.6.RELEASE.jar:5.2.6.RELEASE]
	at org.springframework.beans.factory.support.AbstractAutowireCapableBeanFactory.doCreateBean(AbstractAutowireCapableBeanFactory.java:595) ~[spring-beans-5.2.6.RELEASE.jar:5.2.6.RELEASE]
	at org.springframework.beans.factory.support.AbstractAutowireCapableBeanFactory.createBean(AbstractAutowireCapableBeanFactory.java:517) ~[spring-beans-5.2.6.RELEASE.jar:5.2.6.RELEASE]
	at org.springframework.beans.factory.support.AbstractBeanFactory.lambda$doGetBean$0(AbstractBeanFactory.java:323) ~[spring-beans-5.2.6.RELEASE.jar:5.2.6.RELEASE]
	at org.springframework.beans.factory.support.DefaultSingletonBeanRegistry.getSingleton(DefaultSingletonBeanRegistry.java:226) ~[spring-beans-5.2.6.RELEASE.jar:5.2.6.RELEASE]
	at org.springframework.beans.factory.support.AbstractBeanFactory.doGetBean(AbstractBeanFactory.java:321) ~[spring-beans-5.2.6.RELEASE.jar:5.2.6.RELEASE]
	at org.springframework.beans.factory.support.AbstractBeanFactory.getBean(AbstractBeanFactory.java:202) ~[spring-beans-5.2.6.RELEASE.jar:5.2.6.RELEASE]
	at org.springframework.beans.factory.support.AbstractBeanFactory.doGetBean(AbstractBeanFactory.java:310) ~[spring-beans-5.2.6.RELEASE.jar:5.2.6.RELEASE]
	at org.springframework.beans.factory.support.AbstractBeanFactory.getBean(AbstractBeanFactory.java:227) ~[spring-beans-5.2.6.RELEASE.jar:5.2.6.RELEASE]
	at org.springframework.beans.factory.support.DefaultListableBeanFactory.resolveNamedBean(DefaultListableBeanFactory.java:1174) ~[spring-beans-5.2.6.RELEASE.jar:5.2.6.RELEASE]
	at org.springframework.beans.factory.support.DefaultListableBeanFactory.resolveBean(DefaultListableBeanFactory.java:422) ~[spring-beans-5.2.6.RELEASE.jar:5.2.6.RELEASE]
	at org.springframework.beans.factory.support.DefaultListableBeanFactory.getBean(DefaultListableBeanFactory.java:352) ~[spring-beans-5.2.6.RELEASE.jar:5.2.6.RELEASE]
	at org.springframework.beans.factory.support.DefaultListableBeanFactory.getBean(DefaultListableBeanFactory.java:345) ~[spring-beans-5.2.6.RELEASE.jar:5.2.6.RELEASE]
	at org.springframework.orm.jpa.EntityManagerFactoryUtils.findEntityManagerFactory(EntityManagerFactoryUtils.java:121) ~[spring-orm-5.2.6.RELEASE.jar:5.2.6.RELEASE]
	at org.springframework.orm.jpa.EntityManagerFactoryAccessor.setBeanFactory(EntityManagerFactoryAccessor.java:155) ~[spring-orm-5.2.6.RELEASE.jar:5.2.6.RELEASE]
	at org.springframework.beans.factory.support.AbstractAutowireCapableBeanFactory.invokeAwareMethods(AbstractAutowireCapableBeanFactory.java:1818) ~[spring-beans-5.2.6.RELEASE.jar:5.2.6.RELEASE]
	at org.springframework.beans.factory.support.AbstractAutowireCapableBeanFactory.initializeBean(AbstractAutowireCapableBeanFactory.java:1783) ~[spring-beans-5.2.6.RELEASE.jar:5.2.6.RELEASE]
	at org.springframework.beans.factory.support.AbstractAutowireCapableBeanFactory.doCreateBean(AbstractAutowireCapableBeanFactory.java:595) ~[spring-beans-5.2.6.RELEASE.jar:5.2.6.RELEASE]
	at org.springframework.beans.factory.support.AbstractAutowireCapableBeanFactory.createBean(AbstractAutowireCapableBeanFactory.java:517) ~[spring-beans-5.2.6.RELEASE.jar:5.2.6.RELEASE]
	at org.springframework.beans.factory.support.AbstractBeanFactory.lambda$doGetBean$0(AbstractBeanFactory.java:323) ~[spring-beans-5.2.6.RELEASE.jar:5.2.6.RELEASE]
	at org.springframework.beans.factory.support.DefaultSingletonBeanRegistry.getSingleton(DefaultSingletonBeanRegistry.java:226) ~[spring-beans-5.2.6.RELEASE.jar:5.2.6.RELEASE]
	at org.springframework.beans.factory.support.AbstractBeanFactory.doGetBean(AbstractBeanFactory.java:321) ~[spring-beans-5.2.6.RELEASE.jar:5.2.6.RELEASE]
	at org.springframework.beans.factory.support.AbstractBeanFactory.getBean(AbstractBeanFactory.java:202) ~[spring-beans-5.2.6.RELEASE.jar:5.2.6.RELEASE]
	at org.springframework.beans.factory.config.DependencyDescriptor.resolveCandidate(DependencyDescriptor.java:276) ~[spring-beans-5.2.6.RELEASE.jar:5.2.6.RELEASE]
	at org.springframework.beans.factory.support.DefaultListableBeanFactory.doResolveDependency(DefaultListableBeanFactory.java:1306) ~[spring-beans-5.2.6.RELEASE.jar:5.2.6.RELEASE]
	at org.springframework.beans.factory.support.DefaultListableBeanFactory.resolveDependency(DefaultListableBeanFactory.java:1226) ~[spring-beans-5.2.6.RELEASE.jar:5.2.6.RELEASE]
	at org.springframework.beans.factory.support.ConstructorResolver.resolveAutowiredArgument(ConstructorResolver.java:885) ~[spring-beans-5.2.6.RELEASE.jar:5.2.6.RELEASE]
	at org.springframework.beans.factory.support.ConstructorResolver.createArgumentArray(ConstructorResolver.java:789) ~[spring-beans-5.2.6.RELEASE.jar:5.2.6.RELEASE]
	at org.springframework.beans.factory.support.ConstructorResolver.instantiateUsingFactoryMethod(ConstructorResolver.java:539) ~[spring-beans-5.2.6.RELEASE.jar:5.2.6.RELEASE]
	at org.springframework.beans.factory.support.AbstractAutowireCapableBeanFactory.instantiateUsingFactoryMethod(AbstractAutowireCapableBeanFactory.java:1338) ~[spring-beans-5.2.6.RELEASE.jar:5.2.6.RELEASE]
	at org.springframework.beans.factory.support.AbstractAutowireCapableBeanFactory.createBeanInstance(AbstractAutowireCapableBeanFactory.java:1177) ~[spring-beans-5.2.6.RELEASE.jar:5.2.6.RELEASE]
	at org.springframework.beans.factory.support.AbstractAutowireCapableBeanFactory.doCreateBean(AbstractAutowireCapableBeanFactory.java:557) ~[spring-beans-5.2.6.RELEASE.jar:5.2.6.RELEASE]
	at org.springframework.beans.factory.support.AbstractAutowireCapableBeanFactory.createBean(AbstractAutowireCapableBeanFactory.java:517) ~[spring-beans-5.2.6.RELEASE.jar:5.2.6.RELEASE]
	at org.springframework.beans.factory.support.AbstractBeanFactory.lambda$doGetBean$0(AbstractBeanFactory.java:323) ~[spring-beans-5.2.6.RELEASE.jar:5.2.6.RELEASE]
	at org.springframework.beans.factory.support.DefaultSingletonBeanRegistry.getSingleton(DefaultSingletonBeanRegistry.java:226) ~[spring-beans-5.2.6.RELEASE.jar:5.2.6.RELEASE]
	at org.springframework.beans.factory.support.AbstractBeanFactory.doGetBean(AbstractBeanFactory.java:321) ~[spring-beans-5.2.6.RELEASE.jar:5.2.6.RELEASE]
	at org.springframework.beans.factory.support.AbstractBeanFactory.getBean(AbstractBeanFactory.java:202) ~[spring-beans-5.2.6.RELEASE.jar:5.2.6.RELEASE]
	at org.springframework.beans.factory.config.DependencyDescriptor.resolveCandidate(DependencyDescriptor.java:276) ~[spring-beans-5.2.6.RELEASE.jar:5.2.6.RELEASE]
	at org.springframework.beans.factory.support.DefaultListableBeanFactory.addCandidateEntry(DefaultListableBeanFactory.java:1524) ~[spring-beans-5.2.6.RELEASE.jar:5.2.6.RELEASE]
	at org.springframework.beans.factory.support.DefaultListableBeanFactory.findAutowireCandidates(DefaultListableBeanFactory.java:1488) ~[spring-beans-5.2.6.RELEASE.jar:5.2.6.RELEASE]
	at org.springframework.beans.factory.support.DefaultListableBeanFactory.resolveMultipleBeans(DefaultListableBeanFactory.java:1377) ~[spring-beans-5.2.6.RELEASE.jar:5.2.6.RELEASE]
	at org.springframework.beans.factory.support.DefaultListableBeanFactory.doResolveDependency(DefaultListableBeanFactory.java:1264) ~[spring-beans-5.2.6.RELEASE.jar:5.2.6.RELEASE]
	at org.springframework.beans.factory.support.DefaultListableBeanFactory.resolveDependency(DefaultListableBeanFactory.java:1226) ~[spring-beans-5.2.6.RELEASE.jar:5.2.6.RELEASE]
	at org.springframework.beans.factory.annotation.AutowiredAnnotationBeanPostProcessor$AutowiredMethodElement.inject(AutowiredAnnotationBeanPostProcessor.java:715) ~[spring-beans-5.2.6.RELEASE.jar:5.2.6.RELEASE]
	at org.springframework.beans.factory.annotation.InjectionMetadata.inject(InjectionMetadata.java:130) ~[spring-beans-5.2.6.RELEASE.jar:5.2.6.RELEASE]
	at org.springframework.beans.factory.annotation.AutowiredAnnotationBeanPostProcessor.postProcessProperties(AutowiredAnnotationBeanPostProcessor.java:399) ~[spring-beans-5.2.6.RELEASE.jar:5.2.6.RELEASE]
	at org.springframework.beans.factory.support.AbstractAutowireCapableBeanFactory.populateBean(AbstractAutowireCapableBeanFactory.java:1422) ~[spring-beans-5.2.6.RELEASE.jar:5.2.6.RELEASE]
	at org.springframework.beans.factory.support.AbstractAutowireCapableBeanFactory.doCreateBean(AbstractAutowireCapableBeanFactory.java:594) ~[spring-beans-5.2.6.RELEASE.jar:5.2.6.RELEASE]
	at org.springframework.beans.factory.support.AbstractAutowireCapableBeanFactory.createBean(AbstractAutowireCapableBeanFactory.java:517) ~[spring-beans-5.2.6.RELEASE.jar:5.2.6.RELEASE]
	at org.springframework.beans.factory.support.AbstractBeanFactory.lambda$doGetBean$0(AbstractBeanFactory.java:323) ~[spring-beans-5.2.6.RELEASE.jar:5.2.6.RELEASE]
	at org.springframework.beans.factory.support.DefaultSingletonBeanRegistry.getSingleton(DefaultSingletonBeanRegistry.java:226) ~[spring-beans-5.2.6.RELEASE.jar:5.2.6.RELEASE]
	at org.springframework.beans.factory.support.AbstractBeanFactory.doGetBean(AbstractBeanFactory.java:321) ~[spring-beans-5.2.6.RELEASE.jar:5.2.6.RELEASE]
	at org.springframework.beans.factory.support.AbstractBeanFactory.getBean(AbstractBeanFactory.java:202) ~[spring-beans-5.2.6.RELEASE.jar:5.2.6.RELEASE]
	at org.springframework.beans.factory.support.ConstructorResolver.instantiateUsingFactoryMethod(ConstructorResolver.java:409) ~[spring-beans-5.2.6.RELEASE.jar:5.2.6.RELEASE]
	at org.springframework.beans.factory.support.AbstractAutowireCapableBeanFactory.instantiateUsingFactoryMethod(AbstractAutowireCapableBeanFactory.java:1338) ~[spring-beans-5.2.6.RELEASE.jar:5.2.6.RELEASE]
	at org.springframework.beans.factory.support.AbstractAutowireCapableBeanFactory.createBeanInstance(AbstractAutowireCapableBeanFactory.java:1177) ~[spring-beans-5.2.6.RELEASE.jar:5.2.6.RELEASE]
	at org.springframework.beans.factory.support.AbstractAutowireCapableBeanFactory.doCreateBean(AbstractAutowireCapableBeanFactory.java:557) ~[spring-beans-5.2.6.RELEASE.jar:5.2.6.RELEASE]
	at org.springframework.beans.factory.support.AbstractAutowireCapableBeanFactory.createBean(AbstractAutowireCapableBeanFactory.java:517) ~[spring-beans-5.2.6.RELEASE.jar:5.2.6.RELEASE]
	at org.springframework.beans.factory.support.AbstractBeanFactory.lambda$doGetBean$0(AbstractBeanFactory.java:323) ~[spring-beans-5.2.6.RELEASE.jar:5.2.6.RELEASE]
	at org.springframework.beans.factory.support.DefaultSingletonBeanRegistry.getSingleton(DefaultSingletonBeanRegistry.java:226) ~[spring-beans-5.2.6.RELEASE.jar:5.2.6.RELEASE]
	at org.springframework.beans.factory.support.AbstractBeanFactory.doGetBean(AbstractBeanFactory.java:321) ~[spring-beans-5.2.6.RELEASE.jar:5.2.6.RELEASE]
	at org.springframework.beans.factory.support.AbstractBeanFactory.getBean(AbstractBeanFactory.java:202) ~[spring-beans-5.2.6.RELEASE.jar:5.2.6.RELEASE]
	at org.springframework.beans.factory.config.DependencyDescriptor.resolveCandidate(DependencyDescriptor.java:276) ~[spring-beans-5.2.6.RELEASE.jar:5.2.6.RELEASE]
	at org.springframework.beans.factory.support.DefaultListableBeanFactory.doResolveDependency(DefaultListableBeanFactory.java:1306) ~[spring-beans-5.2.6.RELEASE.jar:5.2.6.RELEASE]
	at org.springframework.beans.factory.support.DefaultListableBeanFactory.resolveDependency(DefaultListableBeanFactory.java:1226) ~[spring-beans-5.2.6.RELEASE.jar:5.2.6.RELEASE]
	at org.springframework.beans.factory.annotation.AutowiredAnnotationBeanPostProcessor$AutowiredMethodElement.inject(AutowiredAnnotationBeanPostProcessor.java:715) ~[spring-beans-5.2.6.RELEASE.jar:5.2.6.RELEASE]
	at org.springframework.beans.factory.annotation.InjectionMetadata.inject(InjectionMetadata.java:130) ~[spring-beans-5.2.6.RELEASE.jar:5.2.6.RELEASE]
	at org.springframework.beans.factory.annotation.AutowiredAnnotationBeanPostProcessor.postProcessProperties(AutowiredAnnotationBeanPostProcessor.java:399) ~[spring-beans-5.2.6.RELEASE.jar:5.2.6.RELEASE]
	at org.springframework.beans.factory.support.AbstractAutowireCapableBeanFactory.populateBean(AbstractAutowireCapableBeanFactory.java:1422) ~[spring-beans-5.2.6.RELEASE.jar:5.2.6.RELEASE]
	at org.springframework.beans.factory.support.AbstractAutowireCapableBeanFactory.doCreateBean(AbstractAutowireCapableBeanFactory.java:594) ~[spring-beans-5.2.6.RELEASE.jar:5.2.6.RELEASE]
	at org.springframework.beans.factory.support.AbstractAutowireCapableBeanFactory.createBean(AbstractAutowireCapableBeanFactory.java:517) ~[spring-beans-5.2.6.RELEASE.jar:5.2.6.RELEASE]
	at org.springframework.beans.factory.support.AbstractBeanFactory.lambda$doGetBean$0(AbstractBeanFactory.java:323) ~[spring-beans-5.2.6.RELEASE.jar:5.2.6.RELEASE]
	at org.springframework.beans.factory.support.DefaultSingletonBeanRegistry.getSingleton(DefaultSingletonBeanRegistry.java:226) ~[spring-beans-5.2.6.RELEASE.jar:5.2.6.RELEASE]
	at org.springframework.beans.factory.support.AbstractBeanFactory.doGetBean(AbstractBeanFactory.java:321) ~[spring-beans-5.2.6.RELEASE.jar:5.2.6.RELEASE]
	at org.springframework.beans.factory.support.AbstractBeanFactory.getBean(AbstractBeanFactory.java:202) ~[spring-beans-5.2.6.RELEASE.jar:5.2.6.RELEASE]
	at org.springframework.beans.factory.support.ConstructorResolver.instantiateUsingFactoryMethod(ConstructorResolver.java:409) ~[spring-beans-5.2.6.RELEASE.jar:5.2.6.RELEASE]
	at org.springframework.beans.factory.support.AbstractAutowireCapableBeanFactory.instantiateUsingFactoryMethod(AbstractAutowireCapableBeanFactory.java:1338) ~[spring-beans-5.2.6.RELEASE.jar:5.2.6.RELEASE]
	at org.springframework.beans.factory.support.AbstractAutowireCapableBeanFactory.createBeanInstance(AbstractAutowireCapableBeanFactory.java:1177) ~[spring-beans-5.2.6.RELEASE.jar:5.2.6.RELEASE]
	at org.springframework.beans.factory.support.AbstractAutowireCapableBeanFactory.doCreateBean(AbstractAutowireCapableBeanFactory.java:557) ~[spring-beans-5.2.6.RELEASE.jar:5.2.6.RELEASE]
	at org.springframework.beans.factory.support.AbstractAutowireCapableBeanFactory.createBean(AbstractAutowireCapableBeanFactory.java:517) ~[spring-beans-5.2.6.RELEASE.jar:5.2.6.RELEASE]
	at org.springframework.beans.factory.support.AbstractBeanFactory.lambda$doGetBean$0(AbstractBeanFactory.java:323) ~[spring-beans-5.2.6.RELEASE.jar:5.2.6.RELEASE]
	at org.springframework.beans.factory.support.DefaultSingletonBeanRegistry.getSingleton(DefaultSingletonBeanRegistry.java:226) ~[spring-beans-5.2.6.RELEASE.jar:5.2.6.RELEASE]
	at org.springframework.beans.factory.support.AbstractBeanFactory.doGetBean(AbstractBeanFactory.java:321) ~[spring-beans-5.2.6.RELEASE.jar:5.2.6.RELEASE]
	at org.springframework.beans.factory.support.AbstractBeanFactory.getBean(AbstractBeanFactory.java:207) ~[spring-beans-5.2.6.RELEASE.jar:5.2.6.RELEASE]
	at org.springframework.boot.web.servlet.ServletContextInitializerBeans.getOrderedBeansOfType(ServletContextInitializerBeans.java:211) ~[spring-boot-2.3.0.RELEASE.jar:2.3.0.RELEASE]
	at org.springframework.boot.web.servlet.ServletContextInitializerBeans.getOrderedBeansOfType(ServletContextInitializerBeans.java:202) ~[spring-boot-2.3.0.RELEASE.jar:2.3.0.RELEASE]
	at org.springframework.boot.web.servlet.ServletContextInitializerBeans.addServletContextInitializerBeans(ServletContextInitializerBeans.java:96) ~[spring-boot-2.3.0.RELEASE.jar:2.3.0.RELEASE]
	at org.springframework.boot.web.servlet.ServletContextInitializerBeans.<init>(ServletContextInitializerBeans.java:85) ~[spring-boot-2.3.0.RELEASE.jar:2.3.0.RELEASE]
	at org.springframework.boot.web.servlet.context.ServletWebServerApplicationContext.getServletContextInitializerBeans(ServletWebServerApplicationContext.java:253) ~[spring-boot-2.3.0.RELEASE.jar:2.3.0.RELEASE]
	at org.springframework.boot.web.servlet.context.ServletWebServerApplicationContext.selfInitialize(ServletWebServerApplicationContext.java:227) ~[spring-boot-2.3.0.RELEASE.jar:2.3.0.RELEASE]
	at org.springframework.boot.web.embedded.tomcat.TomcatStarter.onStartup(TomcatStarter.java:53) ~[spring-boot-2.3.0.RELEASE.jar:2.3.0.RELEASE]
	at org.apache.catalina.core.StandardContext.startInternal(StandardContext.java:5136) ~[tomcat-embed-core-9.0.35.jar:9.0.35]
	at org.apache.catalina.util.LifecycleBase.start(LifecycleBase.java:183) ~[tomcat-embed-core-9.0.35.jar:9.0.35]
	at org.apache.catalina.core.ContainerBase$StartChild.call(ContainerBase.java:1384) ~[tomcat-embed-core-9.0.35.jar:9.0.35]
	at org.apache.catalina.core.ContainerBase$StartChild.call(ContainerBase.java:1374) ~[tomcat-embed-core-9.0.35.jar:9.0.35]
	at java.util.concurrent.FutureTask.run(FutureTask.java:264) ~[?:?]
	at org.apache.tomcat.util.threads.InlineExecutorService.execute(InlineExecutorService.java:75) ~[tomcat-embed-core-9.0.35.jar:9.0.35]
	at java.util.concurrent.AbstractExecutorService.submit(AbstractExecutorService.java:140) ~[?:?]
	at org.apache.catalina.core.ContainerBase.startInternal(ContainerBase.java:909) ~[tomcat-embed-core-9.0.35.jar:9.0.35]
	at org.apache.catalina.core.StandardHost.startInternal(StandardHost.java:841) ~[tomcat-embed-core-9.0.35.jar:9.0.35]
	at org.apache.catalina.util.LifecycleBase.start(LifecycleBase.java:183) ~[tomcat-embed-core-9.0.35.jar:9.0.35]
	at org.apache.catalina.core.ContainerBase$StartChild.call(ContainerBase.java:1384) ~[tomcat-embed-core-9.0.35.jar:9.0.35]
	at org.apache.catalina.core.ContainerBase$StartChild.call(ContainerBase.java:1374) ~[tomcat-embed-core-9.0.35.jar:9.0.35]
	at java.util.concurrent.FutureTask.run(FutureTask.java:264) ~[?:?]
	at org.apache.tomcat.util.threads.InlineExecutorService.execute(InlineExecutorService.java:75) ~[tomcat-embed-core-9.0.35.jar:9.0.35]
	at java.util.concurrent.AbstractExecutorService.submit(AbstractExecutorService.java:140) ~[?:?]
	at org.apache.catalina.core.ContainerBase.startInternal(ContainerBase.java:909) ~[tomcat-embed-core-9.0.35.jar:9.0.35]
	at org.apache.catalina.core.StandardEngine.startInternal(StandardEngine.java:262) ~[tomcat-embed-core-9.0.35.jar:9.0.35]
	at org.apache.catalina.util.LifecycleBase.start(LifecycleBase.java:183) ~[tomcat-embed-core-9.0.35.jar:9.0.35]
	at org.apache.catalina.core.StandardService.startInternal(StandardService.java:421) ~[tomcat-embed-core-9.0.35.jar:9.0.35]
	at org.apache.catalina.util.LifecycleBase.start(LifecycleBase.java:183) ~[tomcat-embed-core-9.0.35.jar:9.0.35]
	at org.apache.catalina.core.StandardServer.startInternal(StandardServer.java:930) ~[tomcat-embed-core-9.0.35.jar:9.0.35]
	at org.apache.catalina.util.LifecycleBase.start(LifecycleBase.java:183) ~[tomcat-embed-core-9.0.35.jar:9.0.35]
	at org.apache.catalina.startup.Tomcat.start(Tomcat.java:468) ~[tomcat-embed-core-9.0.35.jar:9.0.35]
	at org.springframework.boot.web.embedded.tomcat.TomcatWebServer.initialize(TomcatWebServer.java:123) ~[spring-boot-2.3.0.RELEASE.jar:2.3.0.RELEASE]
	at org.springframework.boot.web.embedded.tomcat.TomcatWebServer.<init>(TomcatWebServer.java:104) ~[spring-boot-2.3.0.RELEASE.jar:2.3.0.RELEASE]
	at org.springframework.boot.web.embedded.tomcat.TomcatServletWebServerFactory.getTomcatWebServer(TomcatServletWebServerFactory.java:437) ~[spring-boot-2.3.0.RELEASE.jar:2.3.0.RELEASE]
	at org.springframework.boot.web.embedded.tomcat.TomcatServletWebServerFactory.getWebServer(TomcatServletWebServerFactory.java:191) ~[spring-boot-2.3.0.RELEASE.jar:2.3.0.RELEASE]
	at org.springframework.boot.web.servlet.context.ServletWebServerApplicationContext.createWebServer(ServletWebServerApplicationContext.java:176) ~[spring-boot-2.3.0.RELEASE.jar:2.3.0.RELEASE]
	at org.springframework.boot.web.servlet.context.ServletWebServerApplicationContext.onRefresh(ServletWebServerApplicationContext.java:158) ~[spring-boot-2.3.0.RELEASE.jar:2.3.0.RELEASE]
	... 14 more
Caused by: liquibase.exception.MigrationFailedException: Migration failed for changeset liquibase/dev/20260330.xml::1774866976264-1::Authentication:
     Reason: liquibase.exception.DatabaseException: Table 'db_mgr_news' already exists [Failed SQL: (1050) CREATE TABLE account_managerment.db_mgr_news (id BIGINT NOT NULL, content LONGTEXT NULL, title VARCHAR(255) NULL, category_id BIGINT NULL, created_by VARCHAR(255) NOT NULL, created_date datetime NOT NULL, modified_by VARCHAR(255) NOT NULL, modified_date datetime NOT NULL, status INT NOT NULL, CONSTRAINT db_mgr_newsPK PRIMARY KEY (id))]
	at liquibase.changelog.ChangeSet.execute(ChangeSet.java:722) ~[liquibase-core-4.19.0.jar:?]
	at liquibase.changelog.visitor.UpdateVisitor.visit(UpdateVisitor.java:56) ~[liquibase-core-4.19.0.jar:?]
	at liquibase.changelog.ChangeLogIterator$2.lambda$null$0(ChangeLogIterator.java:114) ~[liquibase-core-4.19.0.jar:?]
	at liquibase.Scope.lambda$child$0(Scope.java:180) ~[liquibase-core-4.19.0.jar:?]
	at liquibase.Scope.child(Scope.java:189) ~[liquibase-core-4.19.0.jar:?]
	at liquibase.Scope.child(Scope.java:179) ~[liquibase-core-4.19.0.jar:?]
	at liquibase.Scope.child(Scope.java:158) ~[liquibase-core-4.19.0.jar:?]
	at liquibase.changelog.ChangeLogIterator$2.lambda$run$1(ChangeLogIterator.java:113) ~[liquibase-core-4.19.0.jar:?]
	at liquibase.Scope.lambda$child$0(Scope.java:180) ~[liquibase-core-4.19.0.jar:?]
	at liquibase.Scope.child(Scope.java:189) ~[liquibase-core-4.19.0.jar:?]
	at liquibase.Scope.child(Scope.java:179) ~[liquibase-core-4.19.0.jar:?]
	at liquibase.Scope.child(Scope.java:158) ~[liquibase-core-4.19.0.jar:?]
	at liquibase.Scope.child(Scope.java:243) ~[liquibase-core-4.19.0.jar:?]
	at liquibase.changelog.ChangeLogIterator$2.run(ChangeLogIterator.java:94) ~[liquibase-core-4.19.0.jar:?]
	at liquibase.Scope.lambda$child$0(Scope.java:180) ~[liquibase-core-4.19.0.jar:?]
	at liquibase.Scope.child(Scope.java:189) ~[liquibase-core-4.19.0.jar:?]
	at liquibase.Scope.child(Scope.java:179) ~[liquibase-core-4.19.0.jar:?]
	at liquibase.Scope.child(Scope.java:158) ~[liquibase-core-4.19.0.jar:?]
	at liquibase.Scope.child(Scope.java:243) ~[liquibase-core-4.19.0.jar:?]
	at liquibase.Scope.child(Scope.java:247) ~[liquibase-core-4.19.0.jar:?]
	at liquibase.changelog.ChangeLogIterator.run(ChangeLogIterator.java:66) ~[liquibase-core-4.19.0.jar:?]
	at liquibase.Liquibase.lambda$null$0(Liquibase.java:291) ~[liquibase-core-4.19.0.jar:?]
	at liquibase.Scope.lambda$child$0(Scope.java:180) ~[liquibase-core-4.19.0.jar:?]
	at liquibase.Scope.child(Scope.java:189) ~[liquibase-core-4.19.0.jar:?]
	at liquibase.Scope.child(Scope.java:179) ~[liquibase-core-4.19.0.jar:?]
	at liquibase.Scope.child(Scope.java:158) ~[liquibase-core-4.19.0.jar:?]
	at liquibase.Scope.child(Scope.java:243) ~[liquibase-core-4.19.0.jar:?]
	at liquibase.Liquibase.lambda$update$1(Liquibase.java:290) ~[liquibase-core-4.19.0.jar:?]
	at liquibase.Scope.lambda$child$0(Scope.java:180) ~[liquibase-core-4.19.0.jar:?]
	at liquibase.Scope.child(Scope.java:189) ~[liquibase-core-4.19.0.jar:?]
	at liquibase.Scope.child(Scope.java:179) ~[liquibase-core-4.19.0.jar:?]
	at liquibase.Scope.child(Scope.java:158) ~[liquibase-core-4.19.0.jar:?]
	at liquibase.Liquibase.runInScope(Liquibase.java:2431) ~[liquibase-core-4.19.0.jar:?]
	at liquibase.Liquibase.update(Liquibase.java:237) ~[liquibase-core-4.19.0.jar:?]
	at liquibase.Liquibase.update(Liquibase.java:222) ~[liquibase-core-4.19.0.jar:?]
	at liquibase.integration.spring.SpringLiquibase.performUpdate(SpringLiquibase.java:328) ~[liquibase-core-4.19.0.jar:?]
	at liquibase.integration.spring.SpringLiquibase.afterPropertiesSet(SpringLiquibase.java:283) ~[liquibase-core-4.19.0.jar:?]
	at org.springframework.beans.factory.support.AbstractAutowireCapableBeanFactory.invokeInitMethods(AbstractAutowireCapableBeanFactory.java:1855) ~[spring-beans-5.2.6.RELEASE.jar:5.2.6.RELEASE]
	at org.springframework.beans.factory.support.AbstractAutowireCapableBeanFactory.initializeBean(AbstractAutowireCapableBeanFactory.java:1792) ~[spring-beans-5.2.6.RELEASE.jar:5.2.6.RELEASE]
	at org.springframework.beans.factory.support.AbstractAutowireCapableBeanFactory.doCreateBean(AbstractAutowireCapableBeanFactory.java:595) ~[spring-beans-5.2.6.RELEASE.jar:5.2.6.RELEASE]
	at org.springframework.beans.factory.support.AbstractAutowireCapableBeanFactory.createBean(AbstractAutowireCapableBeanFactory.java:517) ~[spring-beans-5.2.6.RELEASE.jar:5.2.6.RELEASE]
	at org.springframework.beans.factory.support.AbstractBeanFactory.lambda$doGetBean$0(AbstractBeanFactory.java:323) ~[spring-beans-5.2.6.RELEASE.jar:5.2.6.RELEASE]
	at org.springframework.beans.factory.support.DefaultSingletonBeanRegistry.getSingleton(DefaultSingletonBeanRegistry.java:226) ~[spring-beans-5.2.6.RELEASE.jar:5.2.6.RELEASE]
	at org.springframework.beans.factory.support.AbstractBeanFactory.doGetBean(AbstractBeanFactory.java:321) ~[spring-beans-5.2.6.RELEASE.jar:5.2.6.RELEASE]
	at org.springframework.beans.factory.support.AbstractBeanFactory.getBean(AbstractBeanFactory.java:202) ~[spring-beans-5.2.6.RELEASE.jar:5.2.6.RELEASE]
	at org.springframework.beans.factory.support.AbstractBeanFactory.doGetBean(AbstractBeanFactory.java:310) ~[spring-beans-5.2.6.RELEASE.jar:5.2.6.RELEASE]
	at org.springframework.beans.factory.support.AbstractBeanFactory.getBean(AbstractBeanFactory.java:227) ~[spring-beans-5.2.6.RELEASE.jar:5.2.6.RELEASE]
	at org.springframework.beans.factory.support.DefaultListableBeanFactory.resolveNamedBean(DefaultListableBeanFactory.java:1174) ~[spring-beans-5.2.6.RELEASE.jar:5.2.6.RELEASE]
	at org.springframework.beans.factory.support.DefaultListableBeanFactory.resolveBean(DefaultListableBeanFactory.java:422) ~[spring-beans-5.2.6.RELEASE.jar:5.2.6.RELEASE]
	at org.springframework.beans.factory.support.DefaultListableBeanFactory.getBean(DefaultListableBeanFactory.java:352) ~[spring-beans-5.2.6.RELEASE.jar:5.2.6.RELEASE]
	at org.springframework.beans.factory.support.DefaultListableBeanFactory.getBean(DefaultListableBeanFactory.java:345) ~[spring-beans-5.2.6.RELEASE.jar:5.2.6.RELEASE]
	at org.springframework.orm.jpa.EntityManagerFactoryUtils.findEntityManagerFactory(EntityManagerFactoryUtils.java:121) ~[spring-orm-5.2.6.RELEASE.jar:5.2.6.RELEASE]
	at org.springframework.orm.jpa.EntityManagerFactoryAccessor.setBeanFactory(EntityManagerFactoryAccessor.java:155) ~[spring-orm-5.2.6.RELEASE.jar:5.2.6.RELEASE]
	at org.springframework.beans.factory.support.AbstractAutowireCapableBeanFactory.invokeAwareMethods(AbstractAutowireCapableBeanFactory.java:1818) ~[spring-beans-5.2.6.RELEASE.jar:5.2.6.RELEASE]
	at org.springframework.beans.factory.support.AbstractAutowireCapableBeanFactory.initializeBean(AbstractAutowireCapableBeanFactory.java:1783) ~[spring-beans-5.2.6.RELEASE.jar:5.2.6.RELEASE]
	at org.springframework.beans.factory.support.AbstractAutowireCapableBeanFactory.doCreateBean(AbstractAutowireCapableBeanFactory.java:595) ~[spring-beans-5.2.6.RELEASE.jar:5.2.6.RELEASE]
	at org.springframework.beans.factory.support.AbstractAutowireCapableBeanFactory.createBean(AbstractAutowireCapableBeanFactory.java:517) ~[spring-beans-5.2.6.RELEASE.jar:5.2.6.RELEASE]
	at org.springframework.beans.factory.support.AbstractBeanFactory.lambda$doGetBean$0(AbstractBeanFactory.java:323) ~[spring-beans-5.2.6.RELEASE.jar:5.2.6.RELEASE]
	at org.springframework.beans.factory.support.DefaultSingletonBeanRegistry.getSingleton(DefaultSingletonBeanRegistry.java:226) ~[spring-beans-5.2.6.RELEASE.jar:5.2.6.RELEASE]
	at org.springframework.beans.factory.support.AbstractBeanFactory.doGetBean(AbstractBeanFactory.java:321) ~[spring-beans-5.2.6.RELEASE.jar:5.2.6.RELEASE]
	at org.springframework.beans.factory.support.AbstractBeanFactory.getBean(AbstractBeanFactory.java:202) ~[spring-beans-5.2.6.RELEASE.jar:5.2.6.RELEASE]
	at org.springframework.beans.factory.config.DependencyDescriptor.resolveCandidate(DependencyDescriptor.java:276) ~[spring-beans-5.2.6.RELEASE.jar:5.2.6.RELEASE]
	at org.springframework.beans.factory.support.DefaultListableBeanFactory.doResolveDependency(DefaultListableBeanFactory.java:1306) ~[spring-beans-5.2.6.RELEASE.jar:5.2.6.RELEASE]
	at org.springframework.beans.factory.support.DefaultListableBeanFactory.resolveDependency(DefaultListableBeanFactory.java:1226) ~[spring-beans-5.2.6.RELEASE.jar:5.2.6.RELEASE]
	at org.springframework.beans.factory.support.ConstructorResolver.resolveAutowiredArgument(ConstructorResolver.java:885) ~[spring-beans-5.2.6.RELEASE.jar:5.2.6.RELEASE]
	at org.springframework.beans.factory.support.ConstructorResolver.createArgumentArray(ConstructorResolver.java:789) ~[spring-beans-5.2.6.RELEASE.jar:5.2.6.RELEASE]
	at org.springframework.beans.factory.support.ConstructorResolver.instantiateUsingFactoryMethod(ConstructorResolver.java:539) ~[spring-beans-5.2.6.RELEASE.jar:5.2.6.RELEASE]
	at org.springframework.beans.factory.support.AbstractAutowireCapableBeanFactory.instantiateUsingFactoryMethod(AbstractAutowireCapableBeanFactory.java:1338) ~[spring-beans-5.2.6.RELEASE.jar:5.2.6.RELEASE]
	at org.springframework.beans.factory.support.AbstractAutowireCapableBeanFactory.createBeanInstance(AbstractAutowireCapableBeanFactory.java:1177) ~[spring-beans-5.2.6.RELEASE.jar:5.2.6.RELEASE]
	at org.springframework.beans.factory.support.AbstractAutowireCapableBeanFactory.doCreateBean(AbstractAutowireCapableBeanFactory.java:557) ~[spring-beans-5.2.6.RELEASE.jar:5.2.6.RELEASE]
	at org.springframework.beans.factory.support.AbstractAutowireCapableBeanFactory.createBean(AbstractAutowireCapableBeanFactory.java:517) ~[spring-beans-5.2.6.RELEASE.jar:5.2.6.RELEASE]
	at org.springframework.beans.factory.support.AbstractBeanFactory.lambda$doGetBean$0(AbstractBeanFactory.java:323) ~[spring-beans-5.2.6.RELEASE.jar:5.2.6.RELEASE]
	at org.springframework.beans.factory.support.DefaultSingletonBeanRegistry.getSingleton(DefaultSingletonBeanRegistry.java:226) ~[spring-beans-5.2.6.RELEASE.jar:5.2.6.RELEASE]
	at org.springframework.beans.factory.support.AbstractBeanFactory.doGetBean(AbstractBeanFactory.java:321) ~[spring-beans-5.2.6.RELEASE.jar:5.2.6.RELEASE]
	at org.springframework.beans.factory.support.AbstractBeanFactory.getBean(AbstractBeanFactory.java:202) ~[spring-beans-5.2.6.RELEASE.jar:5.2.6.RELEASE]
	at org.springframework.beans.factory.config.DependencyDescriptor.resolveCandidate(DependencyDescriptor.java:276) ~[spring-beans-5.2.6.RELEASE.jar:5.2.6.RELEASE]
	at org.springframework.beans.factory.support.DefaultListableBeanFactory.addCandidateEntry(DefaultListableBeanFactory.java:1524) ~[spring-beans-5.2.6.RELEASE.jar:5.2.6.RELEASE]
	at org.springframework.beans.factory.support.DefaultListableBeanFactory.findAutowireCandidates(DefaultListableBeanFactory.java:1488) ~[spring-beans-5.2.6.RELEASE.jar:5.2.6.RELEASE]
	at org.springframework.beans.factory.support.DefaultListableBeanFactory.resolveMultipleBeans(DefaultListableBeanFactory.java:1377) ~[spring-beans-5.2.6.RELEASE.jar:5.2.6.RELEASE]
	at org.springframework.beans.factory.support.DefaultListableBeanFactory.doResolveDependency(DefaultListableBeanFactory.java:1264) ~[spring-beans-5.2.6.RELEASE.jar:5.2.6.RELEASE]
	at org.springframework.beans.factory.support.DefaultListableBeanFactory.resolveDependency(DefaultListableBeanFactory.java:1226) ~[spring-beans-5.2.6.RELEASE.jar:5.2.6.RELEASE]
	at org.springframework.beans.factory.annotation.AutowiredAnnotationBeanPostProcessor$AutowiredMethodElement.inject(AutowiredAnnotationBeanPostProcessor.java:715) ~[spring-beans-5.2.6.RELEASE.jar:5.2.6.RELEASE]
	at org.springframework.beans.factory.annotation.InjectionMetadata.inject(InjectionMetadata.java:130) ~[spring-beans-5.2.6.RELEASE.jar:5.2.6.RELEASE]
	at org.springframework.beans.factory.annotation.AutowiredAnnotationBeanPostProcessor.postProcessProperties(AutowiredAnnotationBeanPostProcessor.java:399) ~[spring-beans-5.2.6.RELEASE.jar:5.2.6.RELEASE]
	at org.springframework.beans.factory.support.AbstractAutowireCapableBeanFactory.populateBean(AbstractAutowireCapableBeanFactory.java:1422) ~[spring-beans-5.2.6.RELEASE.jar:5.2.6.RELEASE]
	at org.springframework.beans.factory.support.AbstractAutowireCapableBeanFactory.doCreateBean(AbstractAutowireCapableBeanFactory.java:594) ~[spring-beans-5.2.6.RELEASE.jar:5.2.6.RELEASE]
	at org.springframework.beans.factory.support.AbstractAutowireCapableBeanFactory.createBean(AbstractAutowireCapableBeanFactory.java:517) ~[spring-beans-5.2.6.RELEASE.jar:5.2.6.RELEASE]
	at org.springframework.beans.factory.support.AbstractBeanFactory.lambda$doGetBean$0(AbstractBeanFactory.java:323) ~[spring-beans-5.2.6.RELEASE.jar:5.2.6.RELEASE]
	at org.springframework.beans.factory.support.DefaultSingletonBeanRegistry.getSingleton(DefaultSingletonBeanRegistry.java:226) ~[spring-beans-5.2.6.RELEASE.jar:5.2.6.RELEASE]
	at org.springframework.beans.factory.support.AbstractBeanFactory.doGetBean(AbstractBeanFactory.java:321) ~[spring-beans-5.2.6.RELEASE.jar:5.2.6.RELEASE]
	at org.springframework.beans.factory.support.AbstractBeanFactory.getBean(AbstractBeanFactory.java:202) ~[spring-beans-5.2.6.RELEASE.jar:5.2.6.RELEASE]
	at org.springframework.beans.factory.support.ConstructorResolver.instantiateUsingFactoryMethod(ConstructorResolver.java:409) ~[spring-beans-5.2.6.RELEASE.jar:5.2.6.RELEASE]
	at org.springframework.beans.factory.support.AbstractAutowireCapableBeanFactory.instantiateUsingFactoryMethod(AbstractAutowireCapableBeanFactory.java:1338) ~[spring-beans-5.2.6.RELEASE.jar:5.2.6.RELEASE]
	at org.springframework.beans.factory.support.AbstractAutowireCapableBeanFactory.createBeanInstance(AbstractAutowireCapableBeanFactory.java:1177) ~[spring-beans-5.2.6.RELEASE.jar:5.2.6.RELEASE]
	at org.springframework.beans.factory.support.AbstractAutowireCapableBeanFactory.doCreateBean(AbstractAutowireCapableBeanFactory.java:557) ~[spring-beans-5.2.6.RELEASE.jar:5.2.6.RELEASE]
	at org.springframework.beans.factory.support.AbstractAutowireCapableBeanFactory.createBean(AbstractAutowireCapableBeanFactory.java:517) ~[spring-beans-5.2.6.RELEASE.jar:5.2.6.RELEASE]
	at org.springframework.beans.factory.support.AbstractBeanFactory.lambda$doGetBean$0(AbstractBeanFactory.java:323) ~[spring-beans-5.2.6.RELEASE.jar:5.2.6.RELEASE]
	at org.springframework.beans.factory.support.DefaultSingletonBeanRegistry.getSingleton(DefaultSingletonBeanRegistry.java:226) ~[spring-beans-5.2.6.RELEASE.jar:5.2.6.RELEASE]
	at org.springframework.beans.factory.support.AbstractBeanFactory.doGetBean(AbstractBeanFactory.java:321) ~[spring-beans-5.2.6.RELEASE.jar:5.2.6.RELEASE]
	at org.springframework.beans.factory.support.AbstractBeanFactory.getBean(AbstractBeanFactory.java:202) ~[spring-beans-5.2.6.RELEASE.jar:5.2.6.RELEASE]
	at org.springframework.beans.factory.config.DependencyDescriptor.resolveCandidate(DependencyDescriptor.java:276) ~[spring-beans-5.2.6.RELEASE.jar:5.2.6.RELEASE]
	at org.springframework.beans.factory.support.DefaultListableBeanFactory.doResolveDependency(DefaultListableBeanFactory.java:1306) ~[spring-beans-5.2.6.RELEASE.jar:5.2.6.RELEASE]
	at org.springframework.beans.factory.support.DefaultListableBeanFactory.resolveDependency(DefaultListableBeanFactory.java:1226) ~[spring-beans-5.2.6.RELEASE.jar:5.2.6.RELEASE]
	at org.springframework.beans.factory.annotation.AutowiredAnnotationBeanPostProcessor$AutowiredMethodElement.inject(AutowiredAnnotationBeanPostProcessor.java:715) ~[spring-beans-5.2.6.RELEASE.jar:5.2.6.RELEASE]
	at org.springframework.beans.factory.annotation.InjectionMetadata.inject(InjectionMetadata.java:130) ~[spring-beans-5.2.6.RELEASE.jar:5.2.6.RELEASE]
	at org.springframework.beans.factory.annotation.AutowiredAnnotationBeanPostProcessor.postProcessProperties(AutowiredAnnotationBeanPostProcessor.java:399) ~[spring-beans-5.2.6.RELEASE.jar:5.2.6.RELEASE]
	at org.springframework.beans.factory.support.AbstractAutowireCapableBeanFactory.populateBean(AbstractAutowireCapableBeanFactory.java:1422) ~[spring-beans-5.2.6.RELEASE.jar:5.2.6.RELEASE]
	at org.springframework.beans.factory.support.AbstractAutowireCapableBeanFactory.doCreateBean(AbstractAutowireCapableBeanFactory.java:594) ~[spring-beans-5.2.6.RELEASE.jar:5.2.6.RELEASE]
	at org.springframework.beans.factory.support.AbstractAutowireCapableBeanFactory.createBean(AbstractAutowireCapableBeanFactory.java:517) ~[spring-beans-5.2.6.RELEASE.jar:5.2.6.RELEASE]
	at org.springframework.beans.factory.support.AbstractBeanFactory.lambda$doGetBean$0(AbstractBeanFactory.java:323) ~[spring-beans-5.2.6.RELEASE.jar:5.2.6.RELEASE]
	at org.springframework.beans.factory.support.DefaultSingletonBeanRegistry.getSingleton(DefaultSingletonBeanRegistry.java:226) ~[spring-beans-5.2.6.RELEASE.jar:5.2.6.RELEASE]
	at org.springframework.beans.factory.support.AbstractBeanFactory.doGetBean(AbstractBeanFactory.java:321) ~[spring-beans-5.2.6.RELEASE.jar:5.2.6.RELEASE]
	at org.springframework.beans.factory.support.AbstractBeanFactory.getBean(AbstractBeanFactory.java:202) ~[spring-beans-5.2.6.RELEASE.jar:5.2.6.RELEASE]
	at org.springframework.beans.factory.support.ConstructorResolver.instantiateUsingFactoryMethod(ConstructorResolver.java:409) ~[spring-beans-5.2.6.RELEASE.jar:5.2.6.RELEASE]
	at org.springframework.beans.factory.support.AbstractAutowireCapableBeanFactory.instantiateUsingFactoryMethod(AbstractAutowireCapableBeanFactory.java:1338) ~[spring-beans-5.2.6.RELEASE.jar:5.2.6.RELEASE]
	at org.springframework.beans.factory.support.AbstractAutowireCapableBeanFactory.createBeanInstance(AbstractAutowireCapableBeanFactory.java:1177) ~[spring-beans-5.2.6.RELEASE.jar:5.2.6.RELEASE]
	at org.springframework.beans.factory.support.AbstractAutowireCapableBeanFactory.doCreateBean(AbstractAutowireCapableBeanFactory.java:557) ~[spring-beans-5.2.6.RELEASE.jar:5.2.6.RELEASE]
	at org.springframework.beans.factory.support.AbstractAutowireCapableBeanFactory.createBean(AbstractAutowireCapableBeanFactory.java:517) ~[spring-beans-5.2.6.RELEASE.jar:5.2.6.RELEASE]
	at org.springframework.beans.factory.support.AbstractBeanFactory.lambda$doGetBean$0(AbstractBeanFactory.java:323) ~[spring-beans-5.2.6.RELEASE.jar:5.2.6.RELEASE]
	at org.springframework.beans.factory.support.DefaultSingletonBeanRegistry.getSingleton(DefaultSingletonBeanRegistry.java:226) ~[spring-beans-5.2.6.RELEASE.jar:5.2.6.RELEASE]
	at org.springframework.beans.factory.support.AbstractBeanFactory.doGetBean(AbstractBeanFactory.java:321) ~[spring-beans-5.2.6.RELEASE.jar:5.2.6.RELEASE]
	at org.springframework.beans.factory.support.AbstractBeanFactory.getBean(AbstractBeanFactory.java:207) ~[spring-beans-5.2.6.RELEASE.jar:5.2.6.RELEASE]
	at org.springframework.boot.web.servlet.ServletContextInitializerBeans.getOrderedBeansOfType(ServletContextInitializerBeans.java:211) ~[spring-boot-2.3.0.RELEASE.jar:2.3.0.RELEASE]
	at org.springframework.boot.web.servlet.ServletContextInitializerBeans.getOrderedBeansOfType(ServletContextInitializerBeans.java:202) ~[spring-boot-2.3.0.RELEASE.jar:2.3.0.RELEASE]
	at org.springframework.boot.web.servlet.ServletContextInitializerBeans.addServletContextInitializerBeans(ServletContextInitializerBeans.java:96) ~[spring-boot-2.3.0.RELEASE.jar:2.3.0.RELEASE]
	at org.springframework.boot.web.servlet.ServletContextInitializerBeans.<init>(ServletContextInitializerBeans.java:85) ~[spring-boot-2.3.0.RELEASE.jar:2.3.0.RELEASE]
	at org.springframework.boot.web.servlet.context.ServletWebServerApplicationContext.getServletContextInitializerBeans(ServletWebServerApplicationContext.java:253) ~[spring-boot-2.3.0.RELEASE.jar:2.3.0.RELEASE]
	at org.springframework.boot.web.servlet.context.ServletWebServerApplicationContext.selfInitialize(ServletWebServerApplicationContext.java:227) ~[spring-boot-2.3.0.RELEASE.jar:2.3.0.RELEASE]
	at org.springframework.boot.web.embedded.tomcat.TomcatStarter.onStartup(TomcatStarter.java:53) ~[spring-boot-2.3.0.RELEASE.jar:2.3.0.RELEASE]
	at org.apache.catalina.core.StandardContext.startInternal(StandardContext.java:5136) ~[tomcat-embed-core-9.0.35.jar:9.0.35]
	at org.apache.catalina.util.LifecycleBase.start(LifecycleBase.java:183) ~[tomcat-embed-core-9.0.35.jar:9.0.35]
	at org.apache.catalina.core.ContainerBase$StartChild.call(ContainerBase.java:1384) ~[tomcat-embed-core-9.0.35.jar:9.0.35]
	at org.apache.catalina.core.ContainerBase$StartChild.call(ContainerBase.java:1374) ~[tomcat-embed-core-9.0.35.jar:9.0.35]
	at java.util.concurrent.FutureTask.run(FutureTask.java:264) ~[?:?]
	at org.apache.tomcat.util.threads.InlineExecutorService.execute(InlineExecutorService.java:75) ~[tomcat-embed-core-9.0.35.jar:9.0.35]
	at java.util.concurrent.AbstractExecutorService.submit(AbstractExecutorService.java:140) ~[?:?]
	at org.apache.catalina.core.ContainerBase.startInternal(ContainerBase.java:909) ~[tomcat-embed-core-9.0.35.jar:9.0.35]
	at org.apache.catalina.core.StandardHost.startInternal(StandardHost.java:841) ~[tomcat-embed-core-9.0.35.jar:9.0.35]
	at org.apache.catalina.util.LifecycleBase.start(LifecycleBase.java:183) ~[tomcat-embed-core-9.0.35.jar:9.0.35]
	at org.apache.catalina.core.ContainerBase$StartChild.call(ContainerBase.java:1384) ~[tomcat-embed-core-9.0.35.jar:9.0.35]
	at org.apache.catalina.core.ContainerBase$StartChild.call(ContainerBase.java:1374) ~[tomcat-embed-core-9.0.35.jar:9.0.35]
	at java.util.concurrent.FutureTask.run(FutureTask.java:264) ~[?:?]
	at org.apache.tomcat.util.threads.InlineExecutorService.execute(InlineExecutorService.java:75) ~[tomcat-embed-core-9.0.35.jar:9.0.35]
	at java.util.concurrent.AbstractExecutorService.submit(AbstractExecutorService.java:140) ~[?:?]
	at org.apache.catalina.core.ContainerBase.startInternal(ContainerBase.java:909) ~[tomcat-embed-core-9.0.35.jar:9.0.35]
	at org.apache.catalina.core.StandardEngine.startInternal(StandardEngine.java:262) ~[tomcat-embed-core-9.0.35.jar:9.0.35]
	at org.apache.catalina.util.LifecycleBase.start(LifecycleBase.java:183) ~[tomcat-embed-core-9.0.35.jar:9.0.35]
	at org.apache.catalina.core.StandardService.startInternal(StandardService.java:421) ~[tomcat-embed-core-9.0.35.jar:9.0.35]
	at org.apache.catalina.util.LifecycleBase.start(LifecycleBase.java:183) ~[tomcat-embed-core-9.0.35.jar:9.0.35]
	at org.apache.catalina.core.StandardServer.startInternal(StandardServer.java:930) ~[tomcat-embed-core-9.0.35.jar:9.0.35]
	at org.apache.catalina.util.LifecycleBase.start(LifecycleBase.java:183) ~[tomcat-embed-core-9.0.35.jar:9.0.35]
	at org.apache.catalina.startup.Tomcat.start(Tomcat.java:468) ~[tomcat-embed-core-9.0.35.jar:9.0.35]
	at org.springframework.boot.web.embedded.tomcat.TomcatWebServer.initialize(TomcatWebServer.java:123) ~[spring-boot-2.3.0.RELEASE.jar:2.3.0.RELEASE]
	at org.springframework.boot.web.embedded.tomcat.TomcatWebServer.<init>(TomcatWebServer.java:104) ~[spring-boot-2.3.0.RELEASE.jar:2.3.0.RELEASE]
	at org.springframework.boot.web.embedded.tomcat.TomcatServletWebServerFactory.getTomcatWebServer(TomcatServletWebServerFactory.java:437) ~[spring-boot-2.3.0.RELEASE.jar:2.3.0.RELEASE]
	at org.springframework.boot.web.embedded.tomcat.TomcatServletWebServerFactory.getWebServer(TomcatServletWebServerFactory.java:191) ~[spring-boot-2.3.0.RELEASE.jar:2.3.0.RELEASE]
	at org.springframework.boot.web.servlet.context.ServletWebServerApplicationContext.createWebServer(ServletWebServerApplicationContext.java:176) ~[spring-boot-2.3.0.RELEASE.jar:2.3.0.RELEASE]
	at org.springframework.boot.web.servlet.context.ServletWebServerApplicationContext.onRefresh(ServletWebServerApplicationContext.java:158) ~[spring-boot-2.3.0.RELEASE.jar:2.3.0.RELEASE]
	... 14 more
Caused by: liquibase.exception.DatabaseException: Table 'db_mgr_news' already exists [Failed SQL: (1050) CREATE TABLE account_managerment.db_mgr_news (id BIGINT NOT NULL, content LONGTEXT NULL, title VARCHAR(255) NULL, category_id BIGINT NULL, created_by VARCHAR(255) NOT NULL, created_date datetime NOT NULL, modified_by VARCHAR(255) NOT NULL, modified_date datetime NOT NULL, status INT NOT NULL, CONSTRAINT db_mgr_newsPK PRIMARY KEY (id))]
	at liquibase.executor.jvm.JdbcExecutor$ExecuteStatementCallback.doInStatement(JdbcExecutor.java:446) ~[liquibase-core-4.19.0.jar:?]
	at liquibase.executor.jvm.JdbcExecutor.execute(JdbcExecutor.java:78) ~[liquibase-core-4.19.0.jar:?]
	at liquibase.executor.jvm.JdbcExecutor.execute(JdbcExecutor.java:161) ~[liquibase-core-4.19.0.jar:?]
	at liquibase.database.AbstractJdbcDatabase.execute(AbstractJdbcDatabase.java:1270) ~[liquibase-core-4.19.0.jar:?]
	at liquibase.database.AbstractJdbcDatabase.executeStatements(AbstractJdbcDatabase.java:1252) ~[liquibase-core-4.19.0.jar:?]
	at liquibase.changelog.ChangeSet.execute(ChangeSet.java:687) ~[liquibase-core-4.19.0.jar:?]
	at liquibase.changelog.visitor.UpdateVisitor.visit(UpdateVisitor.java:56) ~[liquibase-core-4.19.0.jar:?]
	at liquibase.changelog.ChangeLogIterator$2.lambda$null$0(ChangeLogIterator.java:114) ~[liquibase-core-4.19.0.jar:?]
	at liquibase.Scope.lambda$child$0(Scope.java:180) ~[liquibase-core-4.19.0.jar:?]
	at liquibase.Scope.child(Scope.java:189) ~[liquibase-core-4.19.0.jar:?]
	at liquibase.Scope.child(Scope.java:179) ~[liquibase-core-4.19.0.jar:?]
	at liquibase.Scope.child(Scope.java:158) ~[liquibase-core-4.19.0.jar:?]
	at liquibase.changelog.ChangeLogIterator$2.lambda$run$1(ChangeLogIterator.java:113) ~[liquibase-core-4.19.0.jar:?]
	at liquibase.Scope.lambda$child$0(Scope.java:180) ~[liquibase-core-4.19.0.jar:?]
	at liquibase.Scope.child(Scope.java:189) ~[liquibase-core-4.19.0.jar:?]
	at liquibase.Scope.child(Scope.java:179) ~[liquibase-core-4.19.0.jar:?]
	at liquibase.Scope.child(Scope.java:158) ~[liquibase-core-4.19.0.jar:?]
	at liquibase.Scope.child(Scope.java:243) ~[liquibase-core-4.19.0.jar:?]
	at liquibase.changelog.ChangeLogIterator$2.run(ChangeLogIterator.java:94) ~[liquibase-core-4.19.0.jar:?]
	at liquibase.Scope.lambda$child$0(Scope.java:180) ~[liquibase-core-4.19.0.jar:?]
	at liquibase.Scope.child(Scope.java:189) ~[liquibase-core-4.19.0.jar:?]
	at liquibase.Scope.child(Scope.java:179) ~[liquibase-core-4.19.0.jar:?]
	at liquibase.Scope.child(Scope.java:158) ~[liquibase-core-4.19.0.jar:?]
	at liquibase.Scope.child(Scope.java:243) ~[liquibase-core-4.19.0.jar:?]
	at liquibase.Scope.child(Scope.java:247) ~[liquibase-core-4.19.0.jar:?]
	at liquibase.changelog.ChangeLogIterator.run(ChangeLogIterator.java:66) ~[liquibase-core-4.19.0.jar:?]
	at liquibase.Liquibase.lambda$null$0(Liquibase.java:291) ~[liquibase-core-4.19.0.jar:?]
	at liquibase.Scope.lambda$child$0(Scope.java:180) ~[liquibase-core-4.19.0.jar:?]
	at liquibase.Scope.child(Scope.java:189) ~[liquibase-core-4.19.0.jar:?]
	at liquibase.Scope.child(Scope.java:179) ~[liquibase-core-4.19.0.jar:?]
	at liquibase.Scope.child(Scope.java:158) ~[liquibase-core-4.19.0.jar:?]
	at liquibase.Scope.child(Scope.java:243) ~[liquibase-core-4.19.0.jar:?]
	at liquibase.Liquibase.lambda$update$1(Liquibase.java:290) ~[liquibase-core-4.19.0.jar:?]
	at liquibase.Scope.lambda$child$0(Scope.java:180) ~[liquibase-core-4.19.0.jar:?]
	at liquibase.Scope.child(Scope.java:189) ~[liquibase-core-4.19.0.jar:?]
	at liquibase.Scope.child(Scope.java:179) ~[liquibase-core-4.19.0.jar:?]
	at liquibase.Scope.child(Scope.java:158) ~[liquibase-core-4.19.0.jar:?]
	at liquibase.Liquibase.runInScope(Liquibase.java:2431) ~[liquibase-core-4.19.0.jar:?]
	at liquibase.Liquibase.update(Liquibase.java:237) ~[liquibase-core-4.19.0.jar:?]
	at liquibase.Liquibase.update(Liquibase.java:222) ~[liquibase-core-4.19.0.jar:?]
	at liquibase.integration.spring.SpringLiquibase.performUpdate(SpringLiquibase.java:328) ~[liquibase-core-4.19.0.jar:?]
	at liquibase.integration.spring.SpringLiquibase.afterPropertiesSet(SpringLiquibase.java:283) ~[liquibase-core-4.19.0.jar:?]
	at org.springframework.beans.factory.support.AbstractAutowireCapableBeanFactory.invokeInitMethods(AbstractAutowireCapableBeanFactory.java:1855) ~[spring-beans-5.2.6.RELEASE.jar:5.2.6.RELEASE]
	at org.springframework.beans.factory.support.AbstractAutowireCapableBeanFactory.initializeBean(AbstractAutowireCapableBeanFactory.java:1792) ~[spring-beans-5.2.6.RELEASE.jar:5.2.6.RELEASE]
	at org.springframework.beans.factory.support.AbstractAutowireCapableBeanFactory.doCreateBean(AbstractAutowireCapableBeanFactory.java:595) ~[spring-beans-5.2.6.RELEASE.jar:5.2.6.RELEASE]
	at org.springframework.beans.factory.support.AbstractAutowireCapableBeanFactory.createBean(AbstractAutowireCapableBeanFactory.java:517) ~[spring-beans-5.2.6.RELEASE.jar:5.2.6.RELEASE]
	at org.springframework.beans.factory.support.AbstractBeanFactory.lambda$doGetBean$0(AbstractBeanFactory.java:323) ~[spring-beans-5.2.6.RELEASE.jar:5.2.6.RELEASE]
	at org.springframework.beans.factory.support.DefaultSingletonBeanRegistry.getSingleton(DefaultSingletonBeanRegistry.java:226) ~[spring-beans-5.2.6.RELEASE.jar:5.2.6.RELEASE]
	at org.springframework.beans.factory.support.AbstractBeanFactory.doGetBean(AbstractBeanFactory.java:321) ~[spring-beans-5.2.6.RELEASE.jar:5.2.6.RELEASE]
	at org.springframework.beans.factory.support.AbstractBeanFactory.getBean(AbstractBeanFactory.java:202) ~[spring-beans-5.2.6.RELEASE.jar:5.2.6.RELEASE]
	at org.springframework.beans.factory.support.AbstractBeanFactory.doGetBean(AbstractBeanFactory.java:310) ~[spring-beans-5.2.6.RELEASE.jar:5.2.6.RELEASE]
	at org.springframework.beans.factory.support.AbstractBeanFactory.getBean(AbstractBeanFactory.java:227) ~[spring-beans-5.2.6.RELEASE.jar:5.2.6.RELEASE]
	at org.springframework.beans.factory.support.DefaultListableBeanFactory.resolveNamedBean(DefaultListableBeanFactory.java:1174) ~[spring-beans-5.2.6.RELEASE.jar:5.2.6.RELEASE]
	at org.springframework.beans.factory.support.DefaultListableBeanFactory.resolveBean(DefaultListableBeanFactory.java:422) ~[spring-beans-5.2.6.RELEASE.jar:5.2.6.RELEASE]
	at org.springframework.beans.factory.support.DefaultListableBeanFactory.getBean(DefaultListableBeanFactory.java:352) ~[spring-beans-5.2.6.RELEASE.jar:5.2.6.RELEASE]
	at org.springframework.beans.factory.support.DefaultListableBeanFactory.getBean(DefaultListableBeanFactory.java:345) ~[spring-beans-5.2.6.RELEASE.jar:5.2.6.RELEASE]
	at org.springframework.orm.jpa.EntityManagerFactoryUtils.findEntityManagerFactory(EntityManagerFactoryUtils.java:121) ~[spring-orm-5.2.6.RELEASE.jar:5.2.6.RELEASE]
	at org.springframework.orm.jpa.EntityManagerFactoryAccessor.setBeanFactory(EntityManagerFactoryAccessor.java:155) ~[spring-orm-5.2.6.RELEASE.jar:5.2.6.RELEASE]
	at org.springframework.beans.factory.support.AbstractAutowireCapableBeanFactory.invokeAwareMethods(AbstractAutowireCapableBeanFactory.java:1818) ~[spring-beans-5.2.6.RELEASE.jar:5.2.6.RELEASE]
	at org.springframework.beans.factory.support.AbstractAutowireCapableBeanFactory.initializeBean(AbstractAutowireCapableBeanFactory.java:1783) ~[spring-beans-5.2.6.RELEASE.jar:5.2.6.RELEASE]
	at org.springframework.beans.factory.support.AbstractAutowireCapableBeanFactory.doCreateBean(AbstractAutowireCapableBeanFactory.java:595) ~[spring-beans-5.2.6.RELEASE.jar:5.2.6.RELEASE]
	at org.springframework.beans.factory.support.AbstractAutowireCapableBeanFactory.createBean(AbstractAutowireCapableBeanFactory.java:517) ~[spring-beans-5.2.6.RELEASE.jar:5.2.6.RELEASE]
	at org.springframework.beans.factory.support.AbstractBeanFactory.lambda$doGetBean$0(AbstractBeanFactory.java:323) ~[spring-beans-5.2.6.RELEASE.jar:5.2.6.RELEASE]
	at org.springframework.beans.factory.support.DefaultSingletonBeanRegistry.getSingleton(DefaultSingletonBeanRegistry.java:226) ~[spring-beans-5.2.6.RELEASE.jar:5.2.6.RELEASE]
	at org.springframework.beans.factory.support.AbstractBeanFactory.doGetBean(AbstractBeanFactory.java:321) ~[spring-beans-5.2.6.RELEASE.jar:5.2.6.RELEASE]
	at org.springframework.beans.factory.support.AbstractBeanFactory.getBean(AbstractBeanFactory.java:202) ~[spring-beans-5.2.6.RELEASE.jar:5.2.6.RELEASE]
	at org.springframework.beans.factory.config.DependencyDescriptor.resolveCandidate(DependencyDescriptor.java:276) ~[spring-beans-5.2.6.RELEASE.jar:5.2.6.RELEASE]
	at org.springframework.beans.factory.support.DefaultListableBeanFactory.doResolveDependency(DefaultListableBeanFactory.java:1306) ~[spring-beans-5.2.6.RELEASE.jar:5.2.6.RELEASE]
	at org.springframework.beans.factory.support.DefaultListableBeanFactory.resolveDependency(DefaultListableBeanFactory.java:1226) ~[spring-beans-5.2.6.RELEASE.jar:5.2.6.RELEASE]
	at org.springframework.beans.factory.support.ConstructorResolver.resolveAutowiredArgument(ConstructorResolver.java:885) ~[spring-beans-5.2.6.RELEASE.jar:5.2.6.RELEASE]
	at org.springframework.beans.factory.support.ConstructorResolver.createArgumentArray(ConstructorResolver.java:789) ~[spring-beans-5.2.6.RELEASE.jar:5.2.6.RELEASE]
	at org.springframework.beans.factory.support.ConstructorResolver.instantiateUsingFactoryMethod(ConstructorResolver.java:539) ~[spring-beans-5.2.6.RELEASE.jar:5.2.6.RELEASE]
	at org.springframework.beans.factory.support.AbstractAutowireCapableBeanFactory.instantiateUsingFactoryMethod(AbstractAutowireCapableBeanFactory.java:1338) ~[spring-beans-5.2.6.RELEASE.jar:5.2.6.RELEASE]
	at org.springframework.beans.factory.support.AbstractAutowireCapableBeanFactory.createBeanInstance(AbstractAutowireCapableBeanFactory.java:1177) ~[spring-beans-5.2.6.RELEASE.jar:5.2.6.RELEASE]
	at org.springframework.beans.factory.support.AbstractAutowireCapableBeanFactory.doCreateBean(AbstractAutowireCapableBeanFactory.java:557) ~[spring-beans-5.2.6.RELEASE.jar:5.2.6.RELEASE]
	at org.springframework.beans.factory.support.AbstractAutowireCapableBeanFactory.createBean(AbstractAutowireCapableBeanFactory.java:517) ~[spring-beans-5.2.6.RELEASE.jar:5.2.6.RELEASE]
	at org.springframework.beans.factory.support.AbstractBeanFactory.lambda$doGetBean$0(AbstractBeanFactory.java:323) ~[spring-beans-5.2.6.RELEASE.jar:5.2.6.RELEASE]
	at org.springframework.beans.factory.support.DefaultSingletonBeanRegistry.getSingleton(DefaultSingletonBeanRegistry.java:226) ~[spring-beans-5.2.6.RELEASE.jar:5.2.6.RELEASE]
	at org.springframework.beans.factory.support.AbstractBeanFactory.doGetBean(AbstractBeanFactory.java:321) ~[spring-beans-5.2.6.RELEASE.jar:5.2.6.RELEASE]
	at org.springframework.beans.factory.support.AbstractBeanFactory.getBean(AbstractBeanFactory.java:202) ~[spring-beans-5.2.6.RELEASE.jar:5.2.6.RELEASE]
	at org.springframework.beans.factory.config.DependencyDescriptor.resolveCandidate(DependencyDescriptor.java:276) ~[spring-beans-5.2.6.RELEASE.jar:5.2.6.RELEASE]
	at org.springframework.beans.factory.support.DefaultListableBeanFactory.addCandidateEntry(DefaultListableBeanFactory.java:1524) ~[spring-beans-5.2.6.RELEASE.jar:5.2.6.RELEASE]
	at org.springframework.beans.factory.support.DefaultListableBeanFactory.findAutowireCandidates(DefaultListableBeanFactory.java:1488) ~[spring-beans-5.2.6.RELEASE.jar:5.2.6.RELEASE]
	at org.springframework.beans.factory.support.DefaultListableBeanFactory.resolveMultipleBeans(DefaultListableBeanFactory.java:1377) ~[spring-beans-5.2.6.RELEASE.jar:5.2.6.RELEASE]
	at org.springframework.beans.factory.support.DefaultListableBeanFactory.doResolveDependency(DefaultListableBeanFactory.java:1264) ~[spring-beans-5.2.6.RELEASE.jar:5.2.6.RELEASE]
	at org.springframework.beans.factory.support.DefaultListableBeanFactory.resolveDependency(DefaultListableBeanFactory.java:1226) ~[spring-beans-5.2.6.RELEASE.jar:5.2.6.RELEASE]
	at org.springframework.beans.factory.annotation.AutowiredAnnotationBeanPostProcessor$AutowiredMethodElement.inject(AutowiredAnnotationBeanPostProcessor.java:715) ~[spring-beans-5.2.6.RELEASE.jar:5.2.6.RELEASE]
	at org.springframework.beans.factory.annotation.InjectionMetadata.inject(InjectionMetadata.java:130) ~[spring-beans-5.2.6.RELEASE.jar:5.2.6.RELEASE]
	at org.springframework.beans.factory.annotation.AutowiredAnnotationBeanPostProcessor.postProcessProperties(AutowiredAnnotationBeanPostProcessor.java:399) ~[spring-beans-5.2.6.RELEASE.jar:5.2.6.RELEASE]
	at org.springframework.beans.factory.support.AbstractAutowireCapableBeanFactory.populateBean(AbstractAutowireCapableBeanFactory.java:1422) ~[spring-beans-5.2.6.RELEASE.jar:5.2.6.RELEASE]
	at org.springframework.beans.factory.support.AbstractAutowireCapableBeanFactory.doCreateBean(AbstractAutowireCapableBeanFactory.java:594) ~[spring-beans-5.2.6.RELEASE.jar:5.2.6.RELEASE]
	at org.springframework.beans.factory.support.AbstractAutowireCapableBeanFactory.createBean(AbstractAutowireCapableBeanFactory.java:517) ~[spring-beans-5.2.6.RELEASE.jar:5.2.6.RELEASE]
	at org.springframework.beans.factory.support.AbstractBeanFactory.lambda$doGetBean$0(AbstractBeanFactory.java:323) ~[spring-beans-5.2.6.RELEASE.jar:5.2.6.RELEASE]
	at org.springframework.beans.factory.support.DefaultSingletonBeanRegistry.getSingleton(DefaultSingletonBeanRegistry.java:226) ~[spring-beans-5.2.6.RELEASE.jar:5.2.6.RELEASE]
	at org.springframework.beans.factory.support.AbstractBeanFactory.doGetBean(AbstractBeanFactory.java:321) ~[spring-beans-5.2.6.RELEASE.jar:5.2.6.RELEASE]
	at org.springframework.beans.factory.support.AbstractBeanFactory.getBean(AbstractBeanFactory.java:202) ~[spring-beans-5.2.6.RELEASE.jar:5.2.6.RELEASE]
	at org.springframework.beans.factory.support.ConstructorResolver.instantiateUsingFactoryMethod(ConstructorResolver.java:409) ~[spring-beans-5.2.6.RELEASE.jar:5.2.6.RELEASE]
	at org.springframework.beans.factory.support.AbstractAutowireCapableBeanFactory.instantiateUsingFactoryMethod(AbstractAutowireCapableBeanFactory.java:1338) ~[spring-beans-5.2.6.RELEASE.jar:5.2.6.RELEASE]
	at org.springframework.beans.factory.support.AbstractAutowireCapableBeanFactory.createBeanInstance(AbstractAutowireCapableBeanFactory.java:1177) ~[spring-beans-5.2.6.RELEASE.jar:5.2.6.RELEASE]
	at org.springframework.beans.factory.support.AbstractAutowireCapableBeanFactory.doCreateBean(AbstractAutowireCapableBeanFactory.java:557) ~[spring-beans-5.2.6.RELEASE.jar:5.2.6.RELEASE]
	at org.springframework.beans.factory.support.AbstractAutowireCapableBeanFactory.createBean(AbstractAutowireCapableBeanFactory.java:517) ~[spring-beans-5.2.6.RELEASE.jar:5.2.6.RELEASE]
	at org.springframework.beans.factory.support.AbstractBeanFactory.lambda$doGetBean$0(AbstractBeanFactory.java:323) ~[spring-beans-5.2.6.RELEASE.jar:5.2.6.RELEASE]
	at org.springframework.beans.factory.support.DefaultSingletonBeanRegistry.getSingleton(DefaultSingletonBeanRegistry.java:226) ~[spring-beans-5.2.6.RELEASE.jar:5.2.6.RELEASE]
	at org.springframework.beans.factory.support.AbstractBeanFactory.doGetBean(AbstractBeanFactory.java:321) ~[spring-beans-5.2.6.RELEASE.jar:5.2.6.RELEASE]
	at org.springframework.beans.factory.support.AbstractBeanFactory.getBean(AbstractBeanFactory.java:202) ~[spring-beans-5.2.6.RELEASE.jar:5.2.6.RELEASE]
	at org.springframework.beans.factory.config.DependencyDescriptor.resolveCandidate(DependencyDescriptor.java:276) ~[spring-beans-5.2.6.RELEASE.jar:5.2.6.RELEASE]
	at org.springframework.beans.factory.support.DefaultListableBeanFactory.doResolveDependency(DefaultListableBeanFactory.java:1306) ~[spring-beans-5.2.6.RELEASE.jar:5.2.6.RELEASE]
	at org.springframework.beans.factory.support.DefaultListableBeanFactory.resolveDependency(DefaultListableBeanFactory.java:1226) ~[spring-beans-5.2.6.RELEASE.jar:5.2.6.RELEASE]
	at org.springframework.beans.factory.annotation.AutowiredAnnotationBeanPostProcessor$AutowiredMethodElement.inject(AutowiredAnnotationBeanPostProcessor.java:715) ~[spring-beans-5.2.6.RELEASE.jar:5.2.6.RELEASE]
	at org.springframework.beans.factory.annotation.InjectionMetadata.inject(InjectionMetadata.java:130) ~[spring-beans-5.2.6.RELEASE.jar:5.2.6.RELEASE]
	at org.springframework.beans.factory.annotation.AutowiredAnnotationBeanPostProcessor.postProcessProperties(AutowiredAnnotationBeanPostProcessor.java:399) ~[spring-beans-5.2.6.RELEASE.jar:5.2.6.RELEASE]
	at org.springframework.beans.factory.support.AbstractAutowireCapableBeanFactory.populateBean(AbstractAutowireCapableBeanFactory.java:1422) ~[spring-beans-5.2.6.RELEASE.jar:5.2.6.RELEASE]
	at org.springframework.beans.factory.support.AbstractAutowireCapableBeanFactory.doCreateBean(AbstractAutowireCapableBeanFactory.java:594) ~[spring-beans-5.2.6.RELEASE.jar:5.2.6.RELEASE]
	at org.springframework.beans.factory.support.AbstractAutowireCapableBeanFactory.createBean(AbstractAutowireCapableBeanFactory.java:517) ~[spring-beans-5.2.6.RELEASE.jar:5.2.6.RELEASE]
	at org.springframework.beans.factory.support.AbstractBeanFactory.lambda$doGetBean$0(AbstractBeanFactory.java:323) ~[spring-beans-5.2.6.RELEASE.jar:5.2.6.RELEASE]
	at org.springframework.beans.factory.support.DefaultSingletonBeanRegistry.getSingleton(DefaultSingletonBeanRegistry.java:226) ~[spring-beans-5.2.6.RELEASE.jar:5.2.6.RELEASE]
	at org.springframework.beans.factory.support.AbstractBeanFactory.doGetBean(AbstractBeanFactory.java:321) ~[spring-beans-5.2.6.RELEASE.jar:5.2.6.RELEASE]
	at org.springframework.beans.factory.support.AbstractBeanFactory.getBean(AbstractBeanFactory.java:202) ~[spring-beans-5.2.6.RELEASE.jar:5.2.6.RELEASE]
	at org.springframework.beans.factory.support.ConstructorResolver.instantiateUsingFactoryMethod(ConstructorResolver.java:409) ~[spring-beans-5.2.6.RELEASE.jar:5.2.6.RELEASE]
	at org.springframework.beans.factory.support.AbstractAutowireCapableBeanFactory.instantiateUsingFactoryMethod(AbstractAutowireCapableBeanFactory.java:1338) ~[spring-beans-5.2.6.RELEASE.jar:5.2.6.RELEASE]
	at org.springframework.beans.factory.support.AbstractAutowireCapableBeanFactory.createBeanInstance(AbstractAutowireCapableBeanFactory.java:1177) ~[spring-beans-5.2.6.RELEASE.jar:5.2.6.RELEASE]
	at org.springframework.beans.factory.support.AbstractAutowireCapableBeanFactory.doCreateBean(AbstractAutowireCapableBeanFactory.java:557) ~[spring-beans-5.2.6.RELEASE.jar:5.2.6.RELEASE]
	at org.springframework.beans.factory.support.AbstractAutowireCapableBeanFactory.createBean(AbstractAutowireCapableBeanFactory.java:517) ~[spring-beans-5.2.6.RELEASE.jar:5.2.6.RELEASE]
	at org.springframework.beans.factory.support.AbstractBeanFactory.lambda$doGetBean$0(AbstractBeanFactory.java:323) ~[spring-beans-5.2.6.RELEASE.jar:5.2.6.RELEASE]
	at org.springframework.beans.factory.support.DefaultSingletonBeanRegistry.getSingleton(DefaultSingletonBeanRegistry.java:226) ~[spring-beans-5.2.6.RELEASE.jar:5.2.6.RELEASE]
	at org.springframework.beans.factory.support.AbstractBeanFactory.doGetBean(AbstractBeanFactory.java:321) ~[spring-beans-5.2.6.RELEASE.jar:5.2.6.RELEASE]
	at org.springframework.beans.factory.support.AbstractBeanFactory.getBean(AbstractBeanFactory.java:207) ~[spring-beans-5.2.6.RELEASE.jar:5.2.6.RELEASE]
	at org.springframework.boot.web.servlet.ServletContextInitializerBeans.getOrderedBeansOfType(ServletContextInitializerBeans.java:211) ~[spring-boot-2.3.0.RELEASE.jar:2.3.0.RELEASE]
	at org.springframework.boot.web.servlet.ServletContextInitializerBeans.getOrderedBeansOfType(ServletContextInitializerBeans.java:202) ~[spring-boot-2.3.0.RELEASE.jar:2.3.0.RELEASE]
	at org.springframework.boot.web.servlet.ServletContextInitializerBeans.addServletContextInitializerBeans(ServletContextInitializerBeans.java:96) ~[spring-boot-2.3.0.RELEASE.jar:2.3.0.RELEASE]
	at org.springframework.boot.web.servlet.ServletContextInitializerBeans.<init>(ServletContextInitializerBeans.java:85) ~[spring-boot-2.3.0.RELEASE.jar:2.3.0.RELEASE]
	at org.springframework.boot.web.servlet.context.ServletWebServerApplicationContext.getServletContextInitializerBeans(ServletWebServerApplicationContext.java:253) ~[spring-boot-2.3.0.RELEASE.jar:2.3.0.RELEASE]
	at org.springframework.boot.web.servlet.context.ServletWebServerApplicationContext.selfInitialize(ServletWebServerApplicationContext.java:227) ~[spring-boot-2.3.0.RELEASE.jar:2.3.0.RELEASE]
	at org.springframework.boot.web.embedded.tomcat.TomcatStarter.onStartup(TomcatStarter.java:53) ~[spring-boot-2.3.0.RELEASE.jar:2.3.0.RELEASE]
	at org.apache.catalina.core.StandardContext.startInternal(StandardContext.java:5136) ~[tomcat-embed-core-9.0.35.jar:9.0.35]
	at org.apache.catalina.util.LifecycleBase.start(LifecycleBase.java:183) ~[tomcat-embed-core-9.0.35.jar:9.0.35]
	at org.apache.catalina.core.ContainerBase$StartChild.call(ContainerBase.java:1384) ~[tomcat-embed-core-9.0.35.jar:9.0.35]
	at org.apache.catalina.core.ContainerBase$StartChild.call(ContainerBase.java:1374) ~[tomcat-embed-core-9.0.35.jar:9.0.35]
	at java.util.concurrent.FutureTask.run(FutureTask.java:264) ~[?:?]
	at org.apache.tomcat.util.threads.InlineExecutorService.execute(InlineExecutorService.java:75) ~[tomcat-embed-core-9.0.35.jar:9.0.35]
	at java.util.concurrent.AbstractExecutorService.submit(AbstractExecutorService.java:140) ~[?:?]
	at org.apache.catalina.core.ContainerBase.startInternal(ContainerBase.java:909) ~[tomcat-embed-core-9.0.35.jar:9.0.35]
	at org.apache.catalina.core.StandardHost.startInternal(StandardHost.java:841) ~[tomcat-embed-core-9.0.35.jar:9.0.35]
	at org.apache.catalina.util.LifecycleBase.start(LifecycleBase.java:183) ~[tomcat-embed-core-9.0.35.jar:9.0.35]
	at org.apache.catalina.core.ContainerBase$StartChild.call(ContainerBase.java:1384) ~[tomcat-embed-core-9.0.35.jar:9.0.35]
	at org.apache.catalina.core.ContainerBase$StartChild.call(ContainerBase.java:1374) ~[tomcat-embed-core-9.0.35.jar:9.0.35]
	at java.util.concurrent.FutureTask.run(FutureTask.java:264) ~[?:?]
	at org.apache.tomcat.util.threads.InlineExecutorService.execute(InlineExecutorService.java:75) ~[tomcat-embed-core-9.0.35.jar:9.0.35]
	at java.util.concurrent.AbstractExecutorService.submit(AbstractExecutorService.java:140) ~[?:?]
	at org.apache.catalina.core.ContainerBase.startInternal(ContainerBase.java:909) ~[tomcat-embed-core-9.0.35.jar:9.0.35]
	at org.apache.catalina.core.StandardEngine.startInternal(StandardEngine.java:262) ~[tomcat-embed-core-9.0.35.jar:9.0.35]
	at org.apache.catalina.util.LifecycleBase.start(LifecycleBase.java:183) ~[tomcat-embed-core-9.0.35.jar:9.0.35]
	at org.apache.catalina.core.StandardService.startInternal(StandardService.java:421) ~[tomcat-embed-core-9.0.35.jar:9.0.35]
	at org.apache.catalina.util.LifecycleBase.start(LifecycleBase.java:183) ~[tomcat-embed-core-9.0.35.jar:9.0.35]
	at org.apache.catalina.core.StandardServer.startInternal(StandardServer.java:930) ~[tomcat-embed-core-9.0.35.jar:9.0.35]
	at org.apache.catalina.util.LifecycleBase.start(LifecycleBase.java:183) ~[tomcat-embed-core-9.0.35.jar:9.0.35]
	at org.apache.catalina.startup.Tomcat.start(Tomcat.java:468) ~[tomcat-embed-core-9.0.35.jar:9.0.35]
	at org.springframework.boot.web.embedded.tomcat.TomcatWebServer.initialize(TomcatWebServer.java:123) ~[spring-boot-2.3.0.RELEASE.jar:2.3.0.RELEASE]
	at org.springframework.boot.web.embedded.tomcat.TomcatWebServer.<init>(TomcatWebServer.java:104) ~[spring-boot-2.3.0.RELEASE.jar:2.3.0.RELEASE]
	at org.springframework.boot.web.embedded.tomcat.TomcatServletWebServerFactory.getTomcatWebServer(TomcatServletWebServerFactory.java:437) ~[spring-boot-2.3.0.RELEASE.jar:2.3.0.RELEASE]
	at org.springframework.boot.web.embedded.tomcat.TomcatServletWebServerFactory.getWebServer(TomcatServletWebServerFactory.java:191) ~[spring-boot-2.3.0.RELEASE.jar:2.3.0.RELEASE]
	at org.springframework.boot.web.servlet.context.ServletWebServerApplicationContext.createWebServer(ServletWebServerApplicationContext.java:176) ~[spring-boot-2.3.0.RELEASE.jar:2.3.0.RELEASE]
	at org.springframework.boot.web.servlet.context.ServletWebServerApplicationContext.onRefresh(ServletWebServerApplicationContext.java:158) ~[spring-boot-2.3.0.RELEASE.jar:2.3.0.RELEASE]
	... 14 more
Caused by: java.sql.SQLSyntaxErrorException: Table 'db_mgr_news' already exists
	at com.mysql.cj.jdbc.exceptions.SQLError.createSQLException(SQLError.java:120) ~[mysql-connector-java-8.0.20.jar:8.0.20]
	at com.mysql.cj.jdbc.exceptions.SQLError.createSQLException(SQLError.java:97) ~[mysql-connector-java-8.0.20.jar:8.0.20]
	at com.mysql.cj.jdbc.exceptions.SQLExceptionsMapping.translateException(SQLExceptionsMapping.java:122) ~[mysql-connector-java-8.0.20.jar:8.0.20]
	at com.mysql.cj.jdbc.StatementImpl.executeInternal(StatementImpl.java:764) ~[mysql-connector-java-8.0.20.jar:8.0.20]
	at com.mysql.cj.jdbc.StatementImpl.execute(StatementImpl.java:648) ~[mysql-connector-java-8.0.20.jar:8.0.20]
	at com.zaxxer.hikari.pool.ProxyStatement.execute(ProxyStatement.java:95) ~[HikariCP-3.4.5.jar:?]
	at com.zaxxer.hikari.pool.HikariProxyStatement.execute(HikariProxyStatement.java) ~[HikariCP-3.4.5.jar:?]
	at liquibase.executor.jvm.JdbcExecutor$ExecuteStatementCallback.doInStatement(JdbcExecutor.java:442) ~[liquibase-core-4.19.0.jar:?]
	at liquibase.executor.jvm.JdbcExecutor.execute(JdbcExecutor.java:78) ~[liquibase-core-4.19.0.jar:?]
	at liquibase.executor.jvm.JdbcExecutor.execute(JdbcExecutor.java:161) ~[liquibase-core-4.19.0.jar:?]
	at liquibase.database.AbstractJdbcDatabase.execute(AbstractJdbcDatabase.java:1270) ~[liquibase-core-4.19.0.jar:?]
	at liquibase.database.AbstractJdbcDatabase.executeStatements(AbstractJdbcDatabase.java:1252) ~[liquibase-core-4.19.0.jar:?]
	at liquibase.changelog.ChangeSet.execute(ChangeSet.java:687) ~[liquibase-core-4.19.0.jar:?]
	at liquibase.changelog.visitor.UpdateVisitor.visit(UpdateVisitor.java:56) ~[liquibase-core-4.19.0.jar:?]
	at liquibase.changelog.ChangeLogIterator$2.lambda$null$0(ChangeLogIterator.java:114) ~[liquibase-core-4.19.0.jar:?]
	at liquibase.Scope.lambda$child$0(Scope.java:180) ~[liquibase-core-4.19.0.jar:?]
	at liquibase.Scope.child(Scope.java:189) ~[liquibase-core-4.19.0.jar:?]
	at liquibase.Scope.child(Scope.java:179) ~[liquibase-core-4.19.0.jar:?]
	at liquibase.Scope.child(Scope.java:158) ~[liquibase-core-4.19.0.jar:?]
	at liquibase.changelog.ChangeLogIterator$2.lambda$run$1(ChangeLogIterator.java:113) ~[liquibase-core-4.19.0.jar:?]
	at liquibase.Scope.lambda$child$0(Scope.java:180) ~[liquibase-core-4.19.0.jar:?]
	at liquibase.Scope.child(Scope.java:189) ~[liquibase-core-4.19.0.jar:?]
	at liquibase.Scope.child(Scope.java:179) ~[liquibase-core-4.19.0.jar:?]
	at liquibase.Scope.child(Scope.java:158) ~[liquibase-core-4.19.0.jar:?]
	at liquibase.Scope.child(Scope.java:243) ~[liquibase-core-4.19.0.jar:?]
	at liquibase.changelog.ChangeLogIterator$2.run(ChangeLogIterator.java:94) ~[liquibase-core-4.19.0.jar:?]
	at liquibase.Scope.lambda$child$0(Scope.java:180) ~[liquibase-core-4.19.0.jar:?]
	at liquibase.Scope.child(Scope.java:189) ~[liquibase-core-4.19.0.jar:?]
	at liquibase.Scope.child(Scope.java:179) ~[liquibase-core-4.19.0.jar:?]
	at liquibase.Scope.child(Scope.java:158) ~[liquibase-core-4.19.0.jar:?]
	at liquibase.Scope.child(Scope.java:243) ~[liquibase-core-4.19.0.jar:?]
	at liquibase.Scope.child(Scope.java:247) ~[liquibase-core-4.19.0.jar:?]
	at liquibase.changelog.ChangeLogIterator.run(ChangeLogIterator.java:66) ~[liquibase-core-4.19.0.jar:?]
	at liquibase.Liquibase.lambda$null$0(Liquibase.java:291) ~[liquibase-core-4.19.0.jar:?]
	at liquibase.Scope.lambda$child$0(Scope.java:180) ~[liquibase-core-4.19.0.jar:?]
	at liquibase.Scope.child(Scope.java:189) ~[liquibase-core-4.19.0.jar:?]
	at liquibase.Scope.child(Scope.java:179) ~[liquibase-core-4.19.0.jar:?]
	at liquibase.Scope.child(Scope.java:158) ~[liquibase-core-4.19.0.jar:?]
	at liquibase.Scope.child(Scope.java:243) ~[liquibase-core-4.19.0.jar:?]
	at liquibase.Liquibase.lambda$update$1(Liquibase.java:290) ~[liquibase-core-4.19.0.jar:?]
	at liquibase.Scope.lambda$child$0(Scope.java:180) ~[liquibase-core-4.19.0.jar:?]
	at liquibase.Scope.child(Scope.java:189) ~[liquibase-core-4.19.0.jar:?]
	at liquibase.Scope.child(Scope.java:179) ~[liquibase-core-4.19.0.jar:?]
	at liquibase.Scope.child(Scope.java:158) ~[liquibase-core-4.19.0.jar:?]
	at liquibase.Liquibase.runInScope(Liquibase.java:2431) ~[liquibase-core-4.19.0.jar:?]
	at liquibase.Liquibase.update(Liquibase.java:237) ~[liquibase-core-4.19.0.jar:?]
	at liquibase.Liquibase.update(Liquibase.java:222) ~[liquibase-core-4.19.0.jar:?]
	at liquibase.integration.spring.SpringLiquibase.performUpdate(SpringLiquibase.java:328) ~[liquibase-core-4.19.0.jar:?]
	at liquibase.integration.spring.SpringLiquibase.afterPropertiesSet(SpringLiquibase.java:283) ~[liquibase-core-4.19.0.jar:?]
	at org.springframework.beans.factory.support.AbstractAutowireCapableBeanFactory.invokeInitMethods(AbstractAutowireCapableBeanFactory.java:1855) ~[spring-beans-5.2.6.RELEASE.jar:5.2.6.RELEASE]
	at org.springframework.beans.factory.support.AbstractAutowireCapableBeanFactory.initializeBean(AbstractAutowireCapableBeanFactory.java:1792) ~[spring-beans-5.2.6.RELEASE.jar:5.2.6.RELEASE]
	at org.springframework.beans.factory.support.AbstractAutowireCapableBeanFactory.doCreateBean(AbstractAutowireCapableBeanFactory.java:595) ~[spring-beans-5.2.6.RELEASE.jar:5.2.6.RELEASE]
	at org.springframework.beans.factory.support.AbstractAutowireCapableBeanFactory.createBean(AbstractAutowireCapableBeanFactory.java:517) ~[spring-beans-5.2.6.RELEASE.jar:5.2.6.RELEASE]
	at org.springframework.beans.factory.support.AbstractBeanFactory.lambda$doGetBean$0(AbstractBeanFactory.java:323) ~[spring-beans-5.2.6.RELEASE.jar:5.2.6.RELEASE]
	at org.springframework.beans.factory.support.DefaultSingletonBeanRegistry.getSingleton(DefaultSingletonBeanRegistry.java:226) ~[spring-beans-5.2.6.RELEASE.jar:5.2.6.RELEASE]
	at org.springframework.beans.factory.support.AbstractBeanFactory.doGetBean(AbstractBeanFactory.java:321) ~[spring-beans-5.2.6.RELEASE.jar:5.2.6.RELEASE]
	at org.springframework.beans.factory.support.AbstractBeanFactory.getBean(AbstractBeanFactory.java:202) ~[spring-beans-5.2.6.RELEASE.jar:5.2.6.RELEASE]
	at org.springframework.beans.factory.support.AbstractBeanFactory.doGetBean(AbstractBeanFactory.java:310) ~[spring-beans-5.2.6.RELEASE.jar:5.2.6.RELEASE]
	at org.springframework.beans.factory.support.AbstractBeanFactory.getBean(AbstractBeanFactory.java:227) ~[spring-beans-5.2.6.RELEASE.jar:5.2.6.RELEASE]
	at org.springframework.beans.factory.support.DefaultListableBeanFactory.resolveNamedBean(DefaultListableBeanFactory.java:1174) ~[spring-beans-5.2.6.RELEASE.jar:5.2.6.RELEASE]
	at org.springframework.beans.factory.support.DefaultListableBeanFactory.resolveBean(DefaultListableBeanFactory.java:422) ~[spring-beans-5.2.6.RELEASE.jar:5.2.6.RELEASE]
	at org.springframework.beans.factory.support.DefaultListableBeanFactory.getBean(DefaultListableBeanFactory.java:352) ~[spring-beans-5.2.6.RELEASE.jar:5.2.6.RELEASE]
	at org.springframework.beans.factory.support.DefaultListableBeanFactory.getBean(DefaultListableBeanFactory.java:345) ~[spring-beans-5.2.6.RELEASE.jar:5.2.6.RELEASE]
	at org.springframework.orm.jpa.EntityManagerFactoryUtils.findEntityManagerFactory(EntityManagerFactoryUtils.java:121) ~[spring-orm-5.2.6.RELEASE.jar:5.2.6.RELEASE]
	at org.springframework.orm.jpa.EntityManagerFactoryAccessor.setBeanFactory(EntityManagerFactoryAccessor.java:155) ~[spring-orm-5.2.6.RELEASE.jar:5.2.6.RELEASE]
	at org.springframework.beans.factory.support.AbstractAutowireCapableBeanFactory.invokeAwareMethods(AbstractAutowireCapableBeanFactory.java:1818) ~[spring-beans-5.2.6.RELEASE.jar:5.2.6.RELEASE]
	at org.springframework.beans.factory.support.AbstractAutowireCapableBeanFactory.initializeBean(AbstractAutowireCapableBeanFactory.java:1783) ~[spring-beans-5.2.6.RELEASE.jar:5.2.6.RELEASE]
	at org.springframework.beans.factory.support.AbstractAutowireCapableBeanFactory.doCreateBean(AbstractAutowireCapableBeanFactory.java:595) ~[spring-beans-5.2.6.RELEASE.jar:5.2.6.RELEASE]
	at org.springframework.beans.factory.support.AbstractAutowireCapableBeanFactory.createBean(AbstractAutowireCapableBeanFactory.java:517) ~[spring-beans-5.2.6.RELEASE.jar:5.2.6.RELEASE]
	at org.springframework.beans.factory.support.AbstractBeanFactory.lambda$doGetBean$0(AbstractBeanFactory.java:323) ~[spring-beans-5.2.6.RELEASE.jar:5.2.6.RELEASE]
	at org.springframework.beans.factory.support.DefaultSingletonBeanRegistry.getSingleton(DefaultSingletonBeanRegistry.java:226) ~[spring-beans-5.2.6.RELEASE.jar:5.2.6.RELEASE]
	at org.springframework.beans.factory.support.AbstractBeanFactory.doGetBean(AbstractBeanFactory.java:321) ~[spring-beans-5.2.6.RELEASE.jar:5.2.6.RELEASE]
	at org.springframework.beans.factory.support.AbstractBeanFactory.getBean(AbstractBeanFactory.java:202) ~[spring-beans-5.2.6.RELEASE.jar:5.2.6.RELEASE]
	at org.springframework.beans.factory.config.DependencyDescriptor.resolveCandidate(DependencyDescriptor.java:276) ~[spring-beans-5.2.6.RELEASE.jar:5.2.6.RELEASE]
	at org.springframework.beans.factory.support.DefaultListableBeanFactory.doResolveDependency(DefaultListableBeanFactory.java:1306) ~[spring-beans-5.2.6.RELEASE.jar:5.2.6.RELEASE]
	at org.springframework.beans.factory.support.DefaultListableBeanFactory.resolveDependency(DefaultListableBeanFactory.java:1226) ~[spring-beans-5.2.6.RELEASE.jar:5.2.6.RELEASE]
	at org.springframework.beans.factory.support.ConstructorResolver.resolveAutowiredArgument(ConstructorResolver.java:885) ~[spring-beans-5.2.6.RELEASE.jar:5.2.6.RELEASE]
	at org.springframework.beans.factory.support.ConstructorResolver.createArgumentArray(ConstructorResolver.java:789) ~[spring-beans-5.2.6.RELEASE.jar:5.2.6.RELEASE]
	at org.springframework.beans.factory.support.ConstructorResolver.instantiateUsingFactoryMethod(ConstructorResolver.java:539) ~[spring-beans-5.2.6.RELEASE.jar:5.2.6.RELEASE]
	at org.springframework.beans.factory.support.AbstractAutowireCapableBeanFactory.instantiateUsingFactoryMethod(AbstractAutowireCapableBeanFactory.java:1338) ~[spring-beans-5.2.6.RELEASE.jar:5.2.6.RELEASE]
	at org.springframework.beans.factory.support.AbstractAutowireCapableBeanFactory.createBeanInstance(AbstractAutowireCapableBeanFactory.java:1177) ~[spring-beans-5.2.6.RELEASE.jar:5.2.6.RELEASE]
	at org.springframework.beans.factory.support.AbstractAutowireCapableBeanFactory.doCreateBean(AbstractAutowireCapableBeanFactory.java:557) ~[spring-beans-5.2.6.RELEASE.jar:5.2.6.RELEASE]
	at org.springframework.beans.factory.support.AbstractAutowireCapableBeanFactory.createBean(AbstractAutowireCapableBeanFactory.java:517) ~[spring-beans-5.2.6.RELEASE.jar:5.2.6.RELEASE]
	at org.springframework.beans.factory.support.AbstractBeanFactory.lambda$doGetBean$0(AbstractBeanFactory.java:323) ~[spring-beans-5.2.6.RELEASE.jar:5.2.6.RELEASE]
	at org.springframework.beans.factory.support.DefaultSingletonBeanRegistry.getSingleton(DefaultSingletonBeanRegistry.java:226) ~[spring-beans-5.2.6.RELEASE.jar:5.2.6.RELEASE]
	at org.springframework.beans.factory.support.AbstractBeanFactory.doGetBean(AbstractBeanFactory.java:321) ~[spring-beans-5.2.6.RELEASE.jar:5.2.6.RELEASE]
	at org.springframework.beans.factory.support.AbstractBeanFactory.getBean(AbstractBeanFactory.java:202) ~[spring-beans-5.2.6.RELEASE.jar:5.2.6.RELEASE]
	at org.springframework.beans.factory.config.DependencyDescriptor.resolveCandidate(DependencyDescriptor.java:276) ~[spring-beans-5.2.6.RELEASE.jar:5.2.6.RELEASE]
	at org.springframework.beans.factory.support.DefaultListableBeanFactory.addCandidateEntry(DefaultListableBeanFactory.java:1524) ~[spring-beans-5.2.6.RELEASE.jar:5.2.6.RELEASE]
	at org.springframework.beans.factory.support.DefaultListableBeanFactory.findAutowireCandidates(DefaultListableBeanFactory.java:1488) ~[spring-beans-5.2.6.RELEASE.jar:5.2.6.RELEASE]
	at org.springframework.beans.factory.support.DefaultListableBeanFactory.resolveMultipleBeans(DefaultListableBeanFactory.java:1377) ~[spring-beans-5.2.6.RELEASE.jar:5.2.6.RELEASE]
	at org.springframework.beans.factory.support.DefaultListableBeanFactory.doResolveDependency(DefaultListableBeanFactory.java:1264) ~[spring-beans-5.2.6.RELEASE.jar:5.2.6.RELEASE]
	at org.springframework.beans.factory.support.DefaultListableBeanFactory.resolveDependency(DefaultListableBeanFactory.java:1226) ~[spring-beans-5.2.6.RELEASE.jar:5.2.6.RELEASE]
	at org.springframework.beans.factory.annotation.AutowiredAnnotationBeanPostProcessor$AutowiredMethodElement.inject(AutowiredAnnotationBeanPostProcessor.java:715) ~[spring-beans-5.2.6.RELEASE.jar:5.2.6.RELEASE]
	at org.springframework.beans.factory.annotation.InjectionMetadata.inject(InjectionMetadata.java:130) ~[spring-beans-5.2.6.RELEASE.jar:5.2.6.RELEASE]
	at org.springframework.beans.factory.annotation.AutowiredAnnotationBeanPostProcessor.postProcessProperties(AutowiredAnnotationBeanPostProcessor.java:399) ~[spring-beans-5.2.6.RELEASE.jar:5.2.6.RELEASE]
	at org.springframework.beans.factory.support.AbstractAutowireCapableBeanFactory.populateBean(AbstractAutowireCapableBeanFactory.java:1422) ~[spring-beans-5.2.6.RELEASE.jar:5.2.6.RELEASE]
	at org.springframework.beans.factory.support.AbstractAutowireCapableBeanFactory.doCreateBean(AbstractAutowireCapableBeanFactory.java:594) ~[spring-beans-5.2.6.RELEASE.jar:5.2.6.RELEASE]
	at org.springframework.beans.factory.support.AbstractAutowireCapableBeanFactory.createBean(AbstractAutowireCapableBeanFactory.java:517) ~[spring-beans-5.2.6.RELEASE.jar:5.2.6.RELEASE]
	at org.springframework.beans.factory.support.AbstractBeanFactory.lambda$doGetBean$0(AbstractBeanFactory.java:323) ~[spring-beans-5.2.6.RELEASE.jar:5.2.6.RELEASE]
	at org.springframework.beans.factory.support.DefaultSingletonBeanRegistry.getSingleton(DefaultSingletonBeanRegistry.java:226) ~[spring-beans-5.2.6.RELEASE.jar:5.2.6.RELEASE]
	at org.springframework.beans.factory.support.AbstractBeanFactory.doGetBean(AbstractBeanFactory.java:321) ~[spring-beans-5.2.6.RELEASE.jar:5.2.6.RELEASE]
	at org.springframework.beans.factory.support.AbstractBeanFactory.getBean(AbstractBeanFactory.java:202) ~[spring-beans-5.2.6.RELEASE.jar:5.2.6.RELEASE]
	at org.springframework.beans.factory.support.ConstructorResolver.instantiateUsingFactoryMethod(ConstructorResolver.java:409) ~[spring-beans-5.2.6.RELEASE.jar:5.2.6.RELEASE]
	at org.springframework.beans.factory.support.AbstractAutowireCapableBeanFactory.instantiateUsingFactoryMethod(AbstractAutowireCapableBeanFactory.java:1338) ~[spring-beans-5.2.6.RELEASE.jar:5.2.6.RELEASE]
	at org.springframework.beans.factory.support.AbstractAutowireCapableBeanFactory.createBeanInstance(AbstractAutowireCapableBeanFactory.java:1177) ~[spring-beans-5.2.6.RELEASE.jar:5.2.6.RELEASE]
	at org.springframework.beans.factory.support.AbstractAutowireCapableBeanFactory.doCreateBean(AbstractAutowireCapableBeanFactory.java:557) ~[spring-beans-5.2.6.RELEASE.jar:5.2.6.RELEASE]
	at org.springframework.beans.factory.support.AbstractAutowireCapableBeanFactory.createBean(AbstractAutowireCapableBeanFactory.java:517) ~[spring-beans-5.2.6.RELEASE.jar:5.2.6.RELEASE]
	at org.springframework.beans.factory.support.AbstractBeanFactory.lambda$doGetBean$0(AbstractBeanFactory.java:323) ~[spring-beans-5.2.6.RELEASE.jar:5.2.6.RELEASE]
	at org.springframework.beans.factory.support.DefaultSingletonBeanRegistry.getSingleton(DefaultSingletonBeanRegistry.java:226) ~[spring-beans-5.2.6.RELEASE.jar:5.2.6.RELEASE]
	at org.springframework.beans.factory.support.AbstractBeanFactory.doGetBean(AbstractBeanFactory.java:321) ~[spring-beans-5.2.6.RELEASE.jar:5.2.6.RELEASE]
	at org.springframework.beans.factory.support.AbstractBeanFactory.getBean(AbstractBeanFactory.java:202) ~[spring-beans-5.2.6.RELEASE.jar:5.2.6.RELEASE]
	at org.springframework.beans.factory.config.DependencyDescriptor.resolveCandidate(DependencyDescriptor.java:276) ~[spring-beans-5.2.6.RELEASE.jar:5.2.6.RELEASE]
	at org.springframework.beans.factory.support.DefaultListableBeanFactory.doResolveDependency(DefaultListableBeanFactory.java:1306) ~[spring-beans-5.2.6.RELEASE.jar:5.2.6.RELEASE]
	at org.springframework.beans.factory.support.DefaultListableBeanFactory.resolveDependency(DefaultListableBeanFactory.java:1226) ~[spring-beans-5.2.6.RELEASE.jar:5.2.6.RELEASE]
	at org.springframework.beans.factory.annotation.AutowiredAnnotationBeanPostProcessor$AutowiredMethodElement.inject(AutowiredAnnotationBeanPostProcessor.java:715) ~[spring-beans-5.2.6.RELEASE.jar:5.2.6.RELEASE]
	at org.springframework.beans.factory.annotation.InjectionMetadata.inject(InjectionMetadata.java:130) ~[spring-beans-5.2.6.RELEASE.jar:5.2.6.RELEASE]
	at org.springframework.beans.factory.annotation.AutowiredAnnotationBeanPostProcessor.postProcessProperties(AutowiredAnnotationBeanPostProcessor.java:399) ~[spring-beans-5.2.6.RELEASE.jar:5.2.6.RELEASE]
	at org.springframework.beans.factory.support.AbstractAutowireCapableBeanFactory.populateBean(AbstractAutowireCapableBeanFactory.java:1422) ~[spring-beans-5.2.6.RELEASE.jar:5.2.6.RELEASE]
	at org.springframework.beans.factory.support.AbstractAutowireCapableBeanFactory.doCreateBean(AbstractAutowireCapableBeanFactory.java:594) ~[spring-beans-5.2.6.RELEASE.jar:5.2.6.RELEASE]
	at org.springframework.beans.factory.support.AbstractAutowireCapableBeanFactory.createBean(AbstractAutowireCapableBeanFactory.java:517) ~[spring-beans-5.2.6.RELEASE.jar:5.2.6.RELEASE]
	at org.springframework.beans.factory.support.AbstractBeanFactory.lambda$doGetBean$0(AbstractBeanFactory.java:323) ~[spring-beans-5.2.6.RELEASE.jar:5.2.6.RELEASE]
	at org.springframework.beans.factory.support.DefaultSingletonBeanRegistry.getSingleton(DefaultSingletonBeanRegistry.java:226) ~[spring-beans-5.2.6.RELEASE.jar:5.2.6.RELEASE]
	at org.springframework.beans.factory.support.AbstractBeanFactory.doGetBean(AbstractBeanFactory.java:321) ~[spring-beans-5.2.6.RELEASE.jar:5.2.6.RELEASE]
	at org.springframework.beans.factory.support.AbstractBeanFactory.getBean(AbstractBeanFactory.java:202) ~[spring-beans-5.2.6.RELEASE.jar:5.2.6.RELEASE]
	at org.springframework.beans.factory.support.ConstructorResolver.instantiateUsingFactoryMethod(ConstructorResolver.java:409) ~[spring-beans-5.2.6.RELEASE.jar:5.2.6.RELEASE]
	at org.springframework.beans.factory.support.AbstractAutowireCapableBeanFactory.instantiateUsingFactoryMethod(AbstractAutowireCapableBeanFactory.java:1338) ~[spring-beans-5.2.6.RELEASE.jar:5.2.6.RELEASE]
	at org.springframework.beans.factory.support.AbstractAutowireCapableBeanFactory.createBeanInstance(AbstractAutowireCapableBeanFactory.java:1177) ~[spring-beans-5.2.6.RELEASE.jar:5.2.6.RELEASE]
	at org.springframework.beans.factory.support.AbstractAutowireCapableBeanFactory.doCreateBean(AbstractAutowireCapableBeanFactory.java:557) ~[spring-beans-5.2.6.RELEASE.jar:5.2.6.RELEASE]
	at org.springframework.beans.factory.support.AbstractAutowireCapableBeanFactory.createBean(AbstractAutowireCapableBeanFactory.java:517) ~[spring-beans-5.2.6.RELEASE.jar:5.2.6.RELEASE]
	at org.springframework.beans.factory.support.AbstractBeanFactory.lambda$doGetBean$0(AbstractBeanFactory.java:323) ~[spring-beans-5.2.6.RELEASE.jar:5.2.6.RELEASE]
	at org.springframework.beans.factory.support.DefaultSingletonBeanRegistry.getSingleton(DefaultSingletonBeanRegistry.java:226) ~[spring-beans-5.2.6.RELEASE.jar:5.2.6.RELEASE]
	at org.springframework.beans.factory.support.AbstractBeanFactory.doGetBean(AbstractBeanFactory.java:321) ~[spring-beans-5.2.6.RELEASE.jar:5.2.6.RELEASE]
	at org.springframework.beans.factory.support.AbstractBeanFactory.getBean(AbstractBeanFactory.java:207) ~[spring-beans-5.2.6.RELEASE.jar:5.2.6.RELEASE]
	at org.springframework.boot.web.servlet.ServletContextInitializerBeans.getOrderedBeansOfType(ServletContextInitializerBeans.java:211) ~[spring-boot-2.3.0.RELEASE.jar:2.3.0.RELEASE]
	at org.springframework.boot.web.servlet.ServletContextInitializerBeans.getOrderedBeansOfType(ServletContextInitializerBeans.java:202) ~[spring-boot-2.3.0.RELEASE.jar:2.3.0.RELEASE]
	at org.springframework.boot.web.servlet.ServletContextInitializerBeans.addServletContextInitializerBeans(ServletContextInitializerBeans.java:96) ~[spring-boot-2.3.0.RELEASE.jar:2.3.0.RELEASE]
	at org.springframework.boot.web.servlet.ServletContextInitializerBeans.<init>(ServletContextInitializerBeans.java:85) ~[spring-boot-2.3.0.RELEASE.jar:2.3.0.RELEASE]
	at org.springframework.boot.web.servlet.context.ServletWebServerApplicationContext.getServletContextInitializerBeans(ServletWebServerApplicationContext.java:253) ~[spring-boot-2.3.0.RELEASE.jar:2.3.0.RELEASE]
	at org.springframework.boot.web.servlet.context.ServletWebServerApplicationContext.selfInitialize(ServletWebServerApplicationContext.java:227) ~[spring-boot-2.3.0.RELEASE.jar:2.3.0.RELEASE]
	at org.springframework.boot.web.embedded.tomcat.TomcatStarter.onStartup(TomcatStarter.java:53) ~[spring-boot-2.3.0.RELEASE.jar:2.3.0.RELEASE]
	at org.apache.catalina.core.StandardContext.startInternal(StandardContext.java:5136) ~[tomcat-embed-core-9.0.35.jar:9.0.35]
	at org.apache.catalina.util.LifecycleBase.start(LifecycleBase.java:183) ~[tomcat-embed-core-9.0.35.jar:9.0.35]
	at org.apache.catalina.core.ContainerBase$StartChild.call(ContainerBase.java:1384) ~[tomcat-embed-core-9.0.35.jar:9.0.35]
	at org.apache.catalina.core.ContainerBase$StartChild.call(ContainerBase.java:1374) ~[tomcat-embed-core-9.0.35.jar:9.0.35]
	at java.util.concurrent.FutureTask.run(FutureTask.java:264) ~[?:?]
	at org.apache.tomcat.util.threads.InlineExecutorService.execute(InlineExecutorService.java:75) ~[tomcat-embed-core-9.0.35.jar:9.0.35]
	at java.util.concurrent.AbstractExecutorService.submit(AbstractExecutorService.java:140) ~[?:?]
	at org.apache.catalina.core.ContainerBase.startInternal(ContainerBase.java:909) ~[tomcat-embed-core-9.0.35.jar:9.0.35]
	at org.apache.catalina.core.StandardHost.startInternal(StandardHost.java:841) ~[tomcat-embed-core-9.0.35.jar:9.0.35]
	at org.apache.catalina.util.LifecycleBase.start(LifecycleBase.java:183) ~[tomcat-embed-core-9.0.35.jar:9.0.35]
	at org.apache.catalina.core.ContainerBase$StartChild.call(ContainerBase.java:1384) ~[tomcat-embed-core-9.0.35.jar:9.0.35]
	at org.apache.catalina.core.ContainerBase$StartChild.call(ContainerBase.java:1374) ~[tomcat-embed-core-9.0.35.jar:9.0.35]
	at java.util.concurrent.FutureTask.run(FutureTask.java:264) ~[?:?]
	at org.apache.tomcat.util.threads.InlineExecutorService.execute(InlineExecutorService.java:75) ~[tomcat-embed-core-9.0.35.jar:9.0.35]
	at java.util.concurrent.AbstractExecutorService.submit(AbstractExecutorService.java:140) ~[?:?]
	at org.apache.catalina.core.ContainerBase.startInternal(ContainerBase.java:909) ~[tomcat-embed-core-9.0.35.jar:9.0.35]
	at org.apache.catalina.core.StandardEngine.startInternal(StandardEngine.java:262) ~[tomcat-embed-core-9.0.35.jar:9.0.35]
	at org.apache.catalina.util.LifecycleBase.start(LifecycleBase.java:183) ~[tomcat-embed-core-9.0.35.jar:9.0.35]
	at org.apache.catalina.core.StandardService.startInternal(StandardService.java:421) ~[tomcat-embed-core-9.0.35.jar:9.0.35]
	at org.apache.catalina.util.LifecycleBase.start(LifecycleBase.java:183) ~[tomcat-embed-core-9.0.35.jar:9.0.35]
	at org.apache.catalina.core.StandardServer.startInternal(StandardServer.java:930) ~[tomcat-embed-core-9.0.35.jar:9.0.35]
	at org.apache.catalina.util.LifecycleBase.start(LifecycleBase.java:183) ~[tomcat-embed-core-9.0.35.jar:9.0.35]
	at org.apache.catalina.startup.Tomcat.start(Tomcat.java:468) ~[tomcat-embed-core-9.0.35.jar:9.0.35]
	at org.springframework.boot.web.embedded.tomcat.TomcatWebServer.initialize(TomcatWebServer.java:123) ~[spring-boot-2.3.0.RELEASE.jar:2.3.0.RELEASE]
	at org.springframework.boot.web.embedded.tomcat.TomcatWebServer.<init>(TomcatWebServer.java:104) ~[spring-boot-2.3.0.RELEASE.jar:2.3.0.RELEASE]
	at org.springframework.boot.web.embedded.tomcat.TomcatServletWebServerFactory.getTomcatWebServer(TomcatServletWebServerFactory.java:437) ~[spring-boot-2.3.0.RELEASE.jar:2.3.0.RELEASE]
	at org.springframework.boot.web.embedded.tomcat.TomcatServletWebServerFactory.getWebServer(TomcatServletWebServerFactory.java:191) ~[spring-boot-2.3.0.RELEASE.jar:2.3.0.RELEASE]
	at org.springframework.boot.web.servlet.context.ServletWebServerApplicationContext.createWebServer(ServletWebServerApplicationContext.java:176) ~[spring-boot-2.3.0.RELEASE.jar:2.3.0.RELEASE]
	at org.springframework.boot.web.servlet.context.ServletWebServerApplicationContext.onRefresh(ServletWebServerApplicationContext.java:158) ~[spring-boot-2.3.0.RELEASE.jar:2.3.0.RELEASE]
	... 14 more

2026-03-31 00:44:46.118  WARN 19348 --- [restartedMain] JpaBaseConfiguration$JpaWebConfiguration : spring.jpa.open-in-view is enabled by default. Therefore, database queries may be performed during view rendering. Explicitly configure spring.jpa.open-in-view to disable this warning
2026-03-31 00:44:48.824 ERROR 19348 --- [restartedMain] o.s.b.w.e.t.TomcatStarter                : Error starting Tomcat context. Exception: org.springframework.beans.factory.UnsatisfiedDependencyException. Message: Error creating bean with name 'securityConfig': Unsatisfied dependency expressed through method 'setContentNegotationStrategy' parameter 0; nested exception is org.springframework.beans.factory.UnsatisfiedDependencyException: Error creating bean with name 'org.springframework.web.servlet.config.annotation.DelegatingWebMvcConfiguration': Unsatisfied dependency expressed through method 'setConfigurers' parameter 0; nested exception is org.springframework.beans.factory.UnsatisfiedDependencyException: Error creating bean with name 'openEntityManagerInViewInterceptorConfigurer' defined in class path resource [org/springframework/boot/autoconfigure/orm/jpa/JpaBaseConfiguration$JpaWebConfiguration.class]: Unsatisfied dependency expressed through method 'openEntityManagerInViewInterceptorConfigurer' parameter 0; nested exception is org.springframework.beans.factory.BeanCreationException: Error creating bean with name 'openEntityManagerInViewInterceptor' defined in class path resource [org/springframework/boot/autoconfigure/orm/jpa/JpaBaseConfiguration$JpaWebConfiguration.class]: Initialization of bean failed; nested exception is org.springframework.beans.factory.BeanCreationException: Error creating bean with name 'liquibase' defined in class path resource [org/springframework/boot/autoconfigure/liquibase/LiquibaseAutoConfiguration$LiquibaseConfiguration.class]: Invocation of init method failed; nested exception is liquibase.exception.LiquibaseException: liquibase.exception.MigrationFailedException: Migration failed for changeset liquibase/dev/20260330.xml::1774866976264-2::QUI (generated):
     Reason: liquibase.exception.DatabaseException: Table 'db_mgr_user' already exists [Failed SQL: (1050) CREATE TABLE account_managerment.db_mgr_user (id BIGINT NOT NULL, birthday date NULL, gender INT NULL, created_by VARCHAR(255) NOT NULL, created_date datetime NOT NULL, modified_by VARCHAR(255) NOT NULL, modified_date datetime NOT NULL, status INT NOT NULL, CONSTRAINT db_mgr_userPK PRIMARY KEY (id))]
2026-03-31 00:44:48.860  WARN 19348 --- [restartedMain] o.a.c.l.WebappClassLoaderBase            : The web application [ROOT] appears to have started a thread named [HikariPool-1 housekeeper] but has failed to stop it. This is very likely to create a memory leak. Stack trace of thread:
 java.base@11.0.30/jdk.internal.misc.Unsafe.park(Native Method)
 java.base@11.0.30/java.util.concurrent.locks.LockSupport.parkNanos(LockSupport.java:234)
 java.base@11.0.30/java.util.concurrent.locks.AbstractQueuedSynchronizer$ConditionObject.awaitNanos(AbstractQueuedSynchronizer.java:2123)
 java.base@11.0.30/java.util.concurrent.ScheduledThreadPoolExecutor$DelayedWorkQueue.take(ScheduledThreadPoolExecutor.java:1182)
 java.base@11.0.30/java.util.concurrent.ScheduledThreadPoolExecutor$DelayedWorkQueue.take(ScheduledThreadPoolExecutor.java:899)
 java.base@11.0.30/java.util.concurrent.ThreadPoolExecutor.getTask(ThreadPoolExecutor.java:1054)
 java.base@11.0.30/java.util.concurrent.ThreadPoolExecutor.runWorker(ThreadPoolExecutor.java:1114)
 java.base@11.0.30/java.util.concurrent.ThreadPoolExecutor$Worker.run(ThreadPoolExecutor.java:628)
 java.base@11.0.30/java.lang.Thread.run(Thread.java:829)
2026-03-31 00:44:48.860  WARN 19348 --- [restartedMain] o.a.c.l.WebappClassLoaderBase            : The web application [ROOT] appears to have started a thread named [HikariPool-1 connection adder] but has failed to stop it. This is very likely to create a memory leak. Stack trace of thread:
 java.base@11.0.30/jdk.internal.misc.Unsafe.park(Native Method)
 java.base@11.0.30/java.util.concurrent.locks.LockSupport.parkNanos(LockSupport.java:234)
 java.base@11.0.30/java.util.concurrent.locks.AbstractQueuedSynchronizer$ConditionObject.awaitNanos(AbstractQueuedSynchronizer.java:2123)
 java.base@11.0.30/java.util.concurrent.LinkedBlockingQueue.poll(LinkedBlockingQueue.java:458)
 java.base@11.0.30/java.util.concurrent.ThreadPoolExecutor.getTask(ThreadPoolExecutor.java:1053)
 java.base@11.0.30/java.util.concurrent.ThreadPoolExecutor.runWorker(ThreadPoolExecutor.java:1114)
 java.base@11.0.30/java.util.concurrent.ThreadPoolExecutor$Worker.run(ThreadPoolExecutor.java:628)
 java.base@11.0.30/java.lang.Thread.run(Thread.java:829)
2026-03-31 00:44:48.862  WARN 19348 --- [restartedMain] ConfigServletWebServerApplicationContext : Exception encountered during context initialization - cancelling refresh attempt: org.springframework.context.ApplicationContextException: Unable to start web server; nested exception is org.springframework.boot.web.server.WebServerException: Unable to start embedded Tomcat
2026-03-31 00:44:48.894 ERROR 19348 --- [restartedMain] o.s.b.SpringApplication                  : Application run failed

org.springframework.context.ApplicationContextException: Unable to start web server; nested exception is org.springframework.boot.web.server.WebServerException: Unable to start embedded Tomcat
	at org.springframework.boot.web.servlet.context.ServletWebServerApplicationContext.onRefresh(ServletWebServerApplicationContext.java:161) ~[spring-boot-2.3.0.RELEASE.jar:2.3.0.RELEASE]
	at org.springframework.context.support.AbstractApplicationContext.refresh(AbstractApplicationContext.java:544) ~[spring-context-5.2.6.RELEASE.jar:5.2.6.RELEASE]
	at org.springframework.boot.web.servlet.context.ServletWebServerApplicationContext.refresh(ServletWebServerApplicationContext.java:143) ~[spring-boot-2.3.0.RELEASE.jar:2.3.0.RELEASE]
	at org.springframework.boot.SpringApplication.refresh(SpringApplication.java:758) ~[spring-boot-2.3.0.RELEASE.jar:2.3.0.RELEASE]
	at org.springframework.boot.SpringApplication.refresh(SpringApplication.java:750) [spring-boot-2.3.0.RELEASE.jar:2.3.0.RELEASE]
	at org.springframework.boot.SpringApplication.refreshContext(SpringApplication.java:397) [spring-boot-2.3.0.RELEASE.jar:2.3.0.RELEASE]
	at org.springframework.boot.SpringApplication.run(SpringApplication.java:315) [spring-boot-2.3.0.RELEASE.jar:2.3.0.RELEASE]
	at org.springframework.boot.SpringApplication.run(SpringApplication.java:1237) [spring-boot-2.3.0.RELEASE.jar:2.3.0.RELEASE]
	at org.springframework.boot.SpringApplication.run(SpringApplication.java:1226) [spring-boot-2.3.0.RELEASE.jar:2.3.0.RELEASE]
	at com.mgr.api.ManagementApplication.main(ManagementApplication.java:33) [classes/:?]
	at jdk.internal.reflect.NativeMethodAccessorImpl.invoke0(Native Method) ~[?:?]
	at jdk.internal.reflect.NativeMethodAccessorImpl.invoke(NativeMethodAccessorImpl.java:62) ~[?:?]
	at jdk.internal.reflect.DelegatingMethodAccessorImpl.invoke(DelegatingMethodAccessorImpl.java:43) ~[?:?]
	at java.lang.reflect.Method.invoke(Method.java:566) ~[?:?]
	at org.springframework.boot.devtools.restart.RestartLauncher.run(RestartLauncher.java:49) [spring-boot-devtools-2.3.0.RELEASE.jar:2.3.0.RELEASE]
Caused by: org.springframework.boot.web.server.WebServerException: Unable to start embedded Tomcat
	at org.springframework.boot.web.embedded.tomcat.TomcatWebServer.initialize(TomcatWebServer.java:142) ~[spring-boot-2.3.0.RELEASE.jar:2.3.0.RELEASE]
	at org.springframework.boot.web.embedded.tomcat.TomcatWebServer.<init>(TomcatWebServer.java:104) ~[spring-boot-2.3.0.RELEASE.jar:2.3.0.RELEASE]
	at org.springframework.boot.web.embedded.tomcat.TomcatServletWebServerFactory.getTomcatWebServer(TomcatServletWebServerFactory.java:437) ~[spring-boot-2.3.0.RELEASE.jar:2.3.0.RELEASE]
	at org.springframework.boot.web.embedded.tomcat.TomcatServletWebServerFactory.getWebServer(TomcatServletWebServerFactory.java:191) ~[spring-boot-2.3.0.RELEASE.jar:2.3.0.RELEASE]
	at org.springframework.boot.web.servlet.context.ServletWebServerApplicationContext.createWebServer(ServletWebServerApplicationContext.java:176) ~[spring-boot-2.3.0.RELEASE.jar:2.3.0.RELEASE]
	at org.springframework.boot.web.servlet.context.ServletWebServerApplicationContext.onRefresh(ServletWebServerApplicationContext.java:158) ~[spring-boot-2.3.0.RELEASE.jar:2.3.0.RELEASE]
	... 14 more
Caused by: org.springframework.beans.factory.UnsatisfiedDependencyException: Error creating bean with name 'securityConfig': Unsatisfied dependency expressed through method 'setContentNegotationStrategy' parameter 0; nested exception is org.springframework.beans.factory.UnsatisfiedDependencyException: Error creating bean with name 'org.springframework.web.servlet.config.annotation.DelegatingWebMvcConfiguration': Unsatisfied dependency expressed through method 'setConfigurers' parameter 0; nested exception is org.springframework.beans.factory.UnsatisfiedDependencyException: Error creating bean with name 'openEntityManagerInViewInterceptorConfigurer' defined in class path resource [org/springframework/boot/autoconfigure/orm/jpa/JpaBaseConfiguration$JpaWebConfiguration.class]: Unsatisfied dependency expressed through method 'openEntityManagerInViewInterceptorConfigurer' parameter 0; nested exception is org.springframework.beans.factory.BeanCreationException: Error creating bean with name 'openEntityManagerInViewInterceptor' defined in class path resource [org/springframework/boot/autoconfigure/orm/jpa/JpaBaseConfiguration$JpaWebConfiguration.class]: Initialization of bean failed; nested exception is org.springframework.beans.factory.BeanCreationException: Error creating bean with name 'liquibase' defined in class path resource [org/springframework/boot/autoconfigure/liquibase/LiquibaseAutoConfiguration$LiquibaseConfiguration.class]: Invocation of init method failed; nested exception is liquibase.exception.LiquibaseException: liquibase.exception.MigrationFailedException: Migration failed for changeset liquibase/dev/20260330.xml::1774866976264-2::QUI (generated):
     Reason: liquibase.exception.DatabaseException: Table 'db_mgr_user' already exists [Failed SQL: (1050) CREATE TABLE account_managerment.db_mgr_user (id BIGINT NOT NULL, birthday date NULL, gender INT NULL, created_by VARCHAR(255) NOT NULL, created_date datetime NOT NULL, modified_by VARCHAR(255) NOT NULL, modified_date datetime NOT NULL, status INT NOT NULL, CONSTRAINT db_mgr_userPK PRIMARY KEY (id))]
	at org.springframework.beans.factory.annotation.AutowiredAnnotationBeanPostProcessor$AutowiredMethodElement.inject(AutowiredAnnotationBeanPostProcessor.java:723) ~[spring-beans-5.2.6.RELEASE.jar:5.2.6.RELEASE]
	at org.springframework.beans.factory.annotation.InjectionMetadata.inject(InjectionMetadata.java:130) ~[spring-beans-5.2.6.RELEASE.jar:5.2.6.RELEASE]
	at org.springframework.beans.factory.annotation.AutowiredAnnotationBeanPostProcessor.postProcessProperties(AutowiredAnnotationBeanPostProcessor.java:399) ~[spring-beans-5.2.6.RELEASE.jar:5.2.6.RELEASE]
	at org.springframework.beans.factory.support.AbstractAutowireCapableBeanFactory.populateBean(AbstractAutowireCapableBeanFactory.java:1422) ~[spring-beans-5.2.6.RELEASE.jar:5.2.6.RELEASE]
	at org.springframework.beans.factory.support.AbstractAutowireCapableBeanFactory.doCreateBean(AbstractAutowireCapableBeanFactory.java:594) ~[spring-beans-5.2.6.RELEASE.jar:5.2.6.RELEASE]
	at org.springframework.beans.factory.support.AbstractAutowireCapableBeanFactory.createBean(AbstractAutowireCapableBeanFactory.java:517) ~[spring-beans-5.2.6.RELEASE.jar:5.2.6.RELEASE]
	at org.springframework.beans.factory.support.AbstractBeanFactory.lambda$doGetBean$0(AbstractBeanFactory.java:323) ~[spring-beans-5.2.6.RELEASE.jar:5.2.6.RELEASE]
	at org.springframework.beans.factory.support.DefaultSingletonBeanRegistry.getSingleton(DefaultSingletonBeanRegistry.java:226) ~[spring-beans-5.2.6.RELEASE.jar:5.2.6.RELEASE]
	at org.springframework.beans.factory.support.AbstractBeanFactory.doGetBean(AbstractBeanFactory.java:321) ~[spring-beans-5.2.6.RELEASE.jar:5.2.6.RELEASE]
	at org.springframework.beans.factory.support.AbstractBeanFactory.getBean(AbstractBeanFactory.java:202) ~[spring-beans-5.2.6.RELEASE.jar:5.2.6.RELEASE]
	at org.springframework.beans.factory.support.ConstructorResolver.instantiateUsingFactoryMethod(ConstructorResolver.java:409) ~[spring-beans-5.2.6.RELEASE.jar:5.2.6.RELEASE]
	at org.springframework.beans.factory.support.AbstractAutowireCapableBeanFactory.instantiateUsingFactoryMethod(AbstractAutowireCapableBeanFactory.java:1338) ~[spring-beans-5.2.6.RELEASE.jar:5.2.6.RELEASE]
	at org.springframework.beans.factory.support.AbstractAutowireCapableBeanFactory.createBeanInstance(AbstractAutowireCapableBeanFactory.java:1177) ~[spring-beans-5.2.6.RELEASE.jar:5.2.6.RELEASE]
	at org.springframework.beans.factory.support.AbstractAutowireCapableBeanFactory.doCreateBean(AbstractAutowireCapableBeanFactory.java:557) ~[spring-beans-5.2.6.RELEASE.jar:5.2.6.RELEASE]
	at org.springframework.beans.factory.support.AbstractAutowireCapableBeanFactory.createBean(AbstractAutowireCapableBeanFactory.java:517) ~[spring-beans-5.2.6.RELEASE.jar:5.2.6.RELEASE]
	at org.springframework.beans.factory.support.AbstractBeanFactory.lambda$doGetBean$0(AbstractBeanFactory.java:323) ~[spring-beans-5.2.6.RELEASE.jar:5.2.6.RELEASE]
	at org.springframework.beans.factory.support.DefaultSingletonBeanRegistry.getSingleton(DefaultSingletonBeanRegistry.java:226) ~[spring-beans-5.2.6.RELEASE.jar:5.2.6.RELEASE]
	at org.springframework.beans.factory.support.AbstractBeanFactory.doGetBean(AbstractBeanFactory.java:321) ~[spring-beans-5.2.6.RELEASE.jar:5.2.6.RELEASE]
	at org.springframework.beans.factory.support.AbstractBeanFactory.getBean(AbstractBeanFactory.java:207) ~[spring-beans-5.2.6.RELEASE.jar:5.2.6.RELEASE]
	at org.springframework.boot.web.servlet.ServletContextInitializerBeans.getOrderedBeansOfType(ServletContextInitializerBeans.java:211) ~[spring-boot-2.3.0.RELEASE.jar:2.3.0.RELEASE]
	at org.springframework.boot.web.servlet.ServletContextInitializerBeans.getOrderedBeansOfType(ServletContextInitializerBeans.java:202) ~[spring-boot-2.3.0.RELEASE.jar:2.3.0.RELEASE]
	at org.springframework.boot.web.servlet.ServletContextInitializerBeans.addServletContextInitializerBeans(ServletContextInitializerBeans.java:96) ~[spring-boot-2.3.0.RELEASE.jar:2.3.0.RELEASE]
	at org.springframework.boot.web.servlet.ServletContextInitializerBeans.<init>(ServletContextInitializerBeans.java:85) ~[spring-boot-2.3.0.RELEASE.jar:2.3.0.RELEASE]
	at org.springframework.boot.web.servlet.context.ServletWebServerApplicationContext.getServletContextInitializerBeans(ServletWebServerApplicationContext.java:253) ~[spring-boot-2.3.0.RELEASE.jar:2.3.0.RELEASE]
	at org.springframework.boot.web.servlet.context.ServletWebServerApplicationContext.selfInitialize(ServletWebServerApplicationContext.java:227) ~[spring-boot-2.3.0.RELEASE.jar:2.3.0.RELEASE]
	at org.springframework.boot.web.embedded.tomcat.TomcatStarter.onStartup(TomcatStarter.java:53) ~[spring-boot-2.3.0.RELEASE.jar:2.3.0.RELEASE]
	at org.apache.catalina.core.StandardContext.startInternal(StandardContext.java:5136) ~[tomcat-embed-core-9.0.35.jar:9.0.35]
	at org.apache.catalina.util.LifecycleBase.start(LifecycleBase.java:183) ~[tomcat-embed-core-9.0.35.jar:9.0.35]
	at org.apache.catalina.core.ContainerBase$StartChild.call(ContainerBase.java:1384) ~[tomcat-embed-core-9.0.35.jar:9.0.35]
	at org.apache.catalina.core.ContainerBase$StartChild.call(ContainerBase.java:1374) ~[tomcat-embed-core-9.0.35.jar:9.0.35]
	at java.util.concurrent.FutureTask.run(FutureTask.java:264) ~[?:?]
	at org.apache.tomcat.util.threads.InlineExecutorService.execute(InlineExecutorService.java:75) ~[tomcat-embed-core-9.0.35.jar:9.0.35]
	at java.util.concurrent.AbstractExecutorService.submit(AbstractExecutorService.java:140) ~[?:?]
	at org.apache.catalina.core.ContainerBase.startInternal(ContainerBase.java:909) ~[tomcat-embed-core-9.0.35.jar:9.0.35]
	at org.apache.catalina.core.StandardHost.startInternal(StandardHost.java:841) ~[tomcat-embed-core-9.0.35.jar:9.0.35]
	at org.apache.catalina.util.LifecycleBase.start(LifecycleBase.java:183) ~[tomcat-embed-core-9.0.35.jar:9.0.35]
	at org.apache.catalina.core.ContainerBase$StartChild.call(ContainerBase.java:1384) ~[tomcat-embed-core-9.0.35.jar:9.0.35]
	at org.apache.catalina.core.ContainerBase$StartChild.call(ContainerBase.java:1374) ~[tomcat-embed-core-9.0.35.jar:9.0.35]
	at java.util.concurrent.FutureTask.run(FutureTask.java:264) ~[?:?]
	at org.apache.tomcat.util.threads.InlineExecutorService.execute(InlineExecutorService.java:75) ~[tomcat-embed-core-9.0.35.jar:9.0.35]
	at java.util.concurrent.AbstractExecutorService.submit(AbstractExecutorService.java:140) ~[?:?]
	at org.apache.catalina.core.ContainerBase.startInternal(ContainerBase.java:909) ~[tomcat-embed-core-9.0.35.jar:9.0.35]
	at org.apache.catalina.core.StandardEngine.startInternal(StandardEngine.java:262) ~[tomcat-embed-core-9.0.35.jar:9.0.35]
	at org.apache.catalina.util.LifecycleBase.start(LifecycleBase.java:183) ~[tomcat-embed-core-9.0.35.jar:9.0.35]
	at org.apache.catalina.core.StandardService.startInternal(StandardService.java:421) ~[tomcat-embed-core-9.0.35.jar:9.0.35]
	at org.apache.catalina.util.LifecycleBase.start(LifecycleBase.java:183) ~[tomcat-embed-core-9.0.35.jar:9.0.35]
	at org.apache.catalina.core.StandardServer.startInternal(StandardServer.java:930) ~[tomcat-embed-core-9.0.35.jar:9.0.35]
	at org.apache.catalina.util.LifecycleBase.start(LifecycleBase.java:183) ~[tomcat-embed-core-9.0.35.jar:9.0.35]
	at org.apache.catalina.startup.Tomcat.start(Tomcat.java:468) ~[tomcat-embed-core-9.0.35.jar:9.0.35]
	at org.springframework.boot.web.embedded.tomcat.TomcatWebServer.initialize(TomcatWebServer.java:123) ~[spring-boot-2.3.0.RELEASE.jar:2.3.0.RELEASE]
	at org.springframework.boot.web.embedded.tomcat.TomcatWebServer.<init>(TomcatWebServer.java:104) ~[spring-boot-2.3.0.RELEASE.jar:2.3.0.RELEASE]
	at org.springframework.boot.web.embedded.tomcat.TomcatServletWebServerFactory.getTomcatWebServer(TomcatServletWebServerFactory.java:437) ~[spring-boot-2.3.0.RELEASE.jar:2.3.0.RELEASE]
	at org.springframework.boot.web.embedded.tomcat.TomcatServletWebServerFactory.getWebServer(TomcatServletWebServerFactory.java:191) ~[spring-boot-2.3.0.RELEASE.jar:2.3.0.RELEASE]
	at org.springframework.boot.web.servlet.context.ServletWebServerApplicationContext.createWebServer(ServletWebServerApplicationContext.java:176) ~[spring-boot-2.3.0.RELEASE.jar:2.3.0.RELEASE]
	at org.springframework.boot.web.servlet.context.ServletWebServerApplicationContext.onRefresh(ServletWebServerApplicationContext.java:158) ~[spring-boot-2.3.0.RELEASE.jar:2.3.0.RELEASE]
	... 14 more
Caused by: org.springframework.beans.factory.UnsatisfiedDependencyException: Error creating bean with name 'org.springframework.web.servlet.config.annotation.DelegatingWebMvcConfiguration': Unsatisfied dependency expressed through method 'setConfigurers' parameter 0; nested exception is org.springframework.beans.factory.UnsatisfiedDependencyException: Error creating bean with name 'openEntityManagerInViewInterceptorConfigurer' defined in class path resource [org/springframework/boot/autoconfigure/orm/jpa/JpaBaseConfiguration$JpaWebConfiguration.class]: Unsatisfied dependency expressed through method 'openEntityManagerInViewInterceptorConfigurer' parameter 0; nested exception is org.springframework.beans.factory.BeanCreationException: Error creating bean with name 'openEntityManagerInViewInterceptor' defined in class path resource [org/springframework/boot/autoconfigure/orm/jpa/JpaBaseConfiguration$JpaWebConfiguration.class]: Initialization of bean failed; nested exception is org.springframework.beans.factory.BeanCreationException: Error creating bean with name 'liquibase' defined in class path resource [org/springframework/boot/autoconfigure/liquibase/LiquibaseAutoConfiguration$LiquibaseConfiguration.class]: Invocation of init method failed; nested exception is liquibase.exception.LiquibaseException: liquibase.exception.MigrationFailedException: Migration failed for changeset liquibase/dev/20260330.xml::1774866976264-2::QUI (generated):
     Reason: liquibase.exception.DatabaseException: Table 'db_mgr_user' already exists [Failed SQL: (1050) CREATE TABLE account_managerment.db_mgr_user (id BIGINT NOT NULL, birthday date NULL, gender INT NULL, created_by VARCHAR(255) NOT NULL, created_date datetime NOT NULL, modified_by VARCHAR(255) NOT NULL, modified_date datetime NOT NULL, status INT NOT NULL, CONSTRAINT db_mgr_userPK PRIMARY KEY (id))]
	at org.springframework.beans.factory.annotation.AutowiredAnnotationBeanPostProcessor$AutowiredMethodElement.inject(AutowiredAnnotationBeanPostProcessor.java:723) ~[spring-beans-5.2.6.RELEASE.jar:5.2.6.RELEASE]
	at org.springframework.beans.factory.annotation.InjectionMetadata.inject(InjectionMetadata.java:130) ~[spring-beans-5.2.6.RELEASE.jar:5.2.6.RELEASE]
	at org.springframework.beans.factory.annotation.AutowiredAnnotationBeanPostProcessor.postProcessProperties(AutowiredAnnotationBeanPostProcessor.java:399) ~[spring-beans-5.2.6.RELEASE.jar:5.2.6.RELEASE]
	at org.springframework.beans.factory.support.AbstractAutowireCapableBeanFactory.populateBean(AbstractAutowireCapableBeanFactory.java:1422) ~[spring-beans-5.2.6.RELEASE.jar:5.2.6.RELEASE]
	at org.springframework.beans.factory.support.AbstractAutowireCapableBeanFactory.doCreateBean(AbstractAutowireCapableBeanFactory.java:594) ~[spring-beans-5.2.6.RELEASE.jar:5.2.6.RELEASE]
	at org.springframework.beans.factory.support.AbstractAutowireCapableBeanFactory.createBean(AbstractAutowireCapableBeanFactory.java:517) ~[spring-beans-5.2.6.RELEASE.jar:5.2.6.RELEASE]
	at org.springframework.beans.factory.support.AbstractBeanFactory.lambda$doGetBean$0(AbstractBeanFactory.java:323) ~[spring-beans-5.2.6.RELEASE.jar:5.2.6.RELEASE]
	at org.springframework.beans.factory.support.DefaultSingletonBeanRegistry.getSingleton(DefaultSingletonBeanRegistry.java:226) ~[spring-beans-5.2.6.RELEASE.jar:5.2.6.RELEASE]
	at org.springframework.beans.factory.support.AbstractBeanFactory.doGetBean(AbstractBeanFactory.java:321) ~[spring-beans-5.2.6.RELEASE.jar:5.2.6.RELEASE]
	at org.springframework.beans.factory.support.AbstractBeanFactory.getBean(AbstractBeanFactory.java:202) ~[spring-beans-5.2.6.RELEASE.jar:5.2.6.RELEASE]
	at org.springframework.beans.factory.support.ConstructorResolver.instantiateUsingFactoryMethod(ConstructorResolver.java:409) ~[spring-beans-5.2.6.RELEASE.jar:5.2.6.RELEASE]
	at org.springframework.beans.factory.support.AbstractAutowireCapableBeanFactory.instantiateUsingFactoryMethod(AbstractAutowireCapableBeanFactory.java:1338) ~[spring-beans-5.2.6.RELEASE.jar:5.2.6.RELEASE]
	at org.springframework.beans.factory.support.AbstractAutowireCapableBeanFactory.createBeanInstance(AbstractAutowireCapableBeanFactory.java:1177) ~[spring-beans-5.2.6.RELEASE.jar:5.2.6.RELEASE]
	at org.springframework.beans.factory.support.AbstractAutowireCapableBeanFactory.doCreateBean(AbstractAutowireCapableBeanFactory.java:557) ~[spring-beans-5.2.6.RELEASE.jar:5.2.6.RELEASE]
	at org.springframework.beans.factory.support.AbstractAutowireCapableBeanFactory.createBean(AbstractAutowireCapableBeanFactory.java:517) ~[spring-beans-5.2.6.RELEASE.jar:5.2.6.RELEASE]
	at org.springframework.beans.factory.support.AbstractBeanFactory.lambda$doGetBean$0(AbstractBeanFactory.java:323) ~[spring-beans-5.2.6.RELEASE.jar:5.2.6.RELEASE]
	at org.springframework.beans.factory.support.DefaultSingletonBeanRegistry.getSingleton(DefaultSingletonBeanRegistry.java:226) ~[spring-beans-5.2.6.RELEASE.jar:5.2.6.RELEASE]
	at org.springframework.beans.factory.support.AbstractBeanFactory.doGetBean(AbstractBeanFactory.java:321) ~[spring-beans-5.2.6.RELEASE.jar:5.2.6.RELEASE]
	at org.springframework.beans.factory.support.AbstractBeanFactory.getBean(AbstractBeanFactory.java:202) ~[spring-beans-5.2.6.RELEASE.jar:5.2.6.RELEASE]
	at org.springframework.beans.factory.config.DependencyDescriptor.resolveCandidate(DependencyDescriptor.java:276) ~[spring-beans-5.2.6.RELEASE.jar:5.2.6.RELEASE]
	at org.springframework.beans.factory.support.DefaultListableBeanFactory.doResolveDependency(DefaultListableBeanFactory.java:1306) ~[spring-beans-5.2.6.RELEASE.jar:5.2.6.RELEASE]
	at org.springframework.beans.factory.support.DefaultListableBeanFactory.resolveDependency(DefaultListableBeanFactory.java:1226) ~[spring-beans-5.2.6.RELEASE.jar:5.2.6.RELEASE]
	at org.springframework.beans.factory.annotation.AutowiredAnnotationBeanPostProcessor$AutowiredMethodElement.inject(AutowiredAnnotationBeanPostProcessor.java:715) ~[spring-beans-5.2.6.RELEASE.jar:5.2.6.RELEASE]
	at org.springframework.beans.factory.annotation.InjectionMetadata.inject(InjectionMetadata.java:130) ~[spring-beans-5.2.6.RELEASE.jar:5.2.6.RELEASE]
	at org.springframework.beans.factory.annotation.AutowiredAnnotationBeanPostProcessor.postProcessProperties(AutowiredAnnotationBeanPostProcessor.java:399) ~[spring-beans-5.2.6.RELEASE.jar:5.2.6.RELEASE]
	at org.springframework.beans.factory.support.AbstractAutowireCapableBeanFactory.populateBean(AbstractAutowireCapableBeanFactory.java:1422) ~[spring-beans-5.2.6.RELEASE.jar:5.2.6.RELEASE]
	at org.springframework.beans.factory.support.AbstractAutowireCapableBeanFactory.doCreateBean(AbstractAutowireCapableBeanFactory.java:594) ~[spring-beans-5.2.6.RELEASE.jar:5.2.6.RELEASE]
	at org.springframework.beans.factory.support.AbstractAutowireCapableBeanFactory.createBean(AbstractAutowireCapableBeanFactory.java:517) ~[spring-beans-5.2.6.RELEASE.jar:5.2.6.RELEASE]
	at org.springframework.beans.factory.support.AbstractBeanFactory.lambda$doGetBean$0(AbstractBeanFactory.java:323) ~[spring-beans-5.2.6.RELEASE.jar:5.2.6.RELEASE]
	at org.springframework.beans.factory.support.DefaultSingletonBeanRegistry.getSingleton(DefaultSingletonBeanRegistry.java:226) ~[spring-beans-5.2.6.RELEASE.jar:5.2.6.RELEASE]
	at org.springframework.beans.factory.support.AbstractBeanFactory.doGetBean(AbstractBeanFactory.java:321) ~[spring-beans-5.2.6.RELEASE.jar:5.2.6.RELEASE]
	at org.springframework.beans.factory.support.AbstractBeanFactory.getBean(AbstractBeanFactory.java:202) ~[spring-beans-5.2.6.RELEASE.jar:5.2.6.RELEASE]
	at org.springframework.beans.factory.support.ConstructorResolver.instantiateUsingFactoryMethod(ConstructorResolver.java:409) ~[spring-beans-5.2.6.RELEASE.jar:5.2.6.RELEASE]
	at org.springframework.beans.factory.support.AbstractAutowireCapableBeanFactory.instantiateUsingFactoryMethod(AbstractAutowireCapableBeanFactory.java:1338) ~[spring-beans-5.2.6.RELEASE.jar:5.2.6.RELEASE]
	at org.springframework.beans.factory.support.AbstractAutowireCapableBeanFactory.createBeanInstance(AbstractAutowireCapableBeanFactory.java:1177) ~[spring-beans-5.2.6.RELEASE.jar:5.2.6.RELEASE]
	at org.springframework.beans.factory.support.AbstractAutowireCapableBeanFactory.doCreateBean(AbstractAutowireCapableBeanFactory.java:557) ~[spring-beans-5.2.6.RELEASE.jar:5.2.6.RELEASE]
	at org.springframework.beans.factory.support.AbstractAutowireCapableBeanFactory.createBean(AbstractAutowireCapableBeanFactory.java:517) ~[spring-beans-5.2.6.RELEASE.jar:5.2.6.RELEASE]
	at org.springframework.beans.factory.support.AbstractBeanFactory.lambda$doGetBean$0(AbstractBeanFactory.java:323) ~[spring-beans-5.2.6.RELEASE.jar:5.2.6.RELEASE]
	at org.springframework.beans.factory.support.DefaultSingletonBeanRegistry.getSingleton(DefaultSingletonBeanRegistry.java:226) ~[spring-beans-5.2.6.RELEASE.jar:5.2.6.RELEASE]
	at org.springframework.beans.factory.support.AbstractBeanFactory.doGetBean(AbstractBeanFactory.java:321) ~[spring-beans-5.2.6.RELEASE.jar:5.2.6.RELEASE]
	at org.springframework.beans.factory.support.AbstractBeanFactory.getBean(AbstractBeanFactory.java:207) ~[spring-beans-5.2.6.RELEASE.jar:5.2.6.RELEASE]
	at org.springframework.boot.web.servlet.ServletContextInitializerBeans.getOrderedBeansOfType(ServletContextInitializerBeans.java:211) ~[spring-boot-2.3.0.RELEASE.jar:2.3.0.RELEASE]
	at org.springframework.boot.web.servlet.ServletContextInitializerBeans.getOrderedBeansOfType(ServletContextInitializerBeans.java:202) ~[spring-boot-2.3.0.RELEASE.jar:2.3.0.RELEASE]
	at org.springframework.boot.web.servlet.ServletContextInitializerBeans.addServletContextInitializerBeans(ServletContextInitializerBeans.java:96) ~[spring-boot-2.3.0.RELEASE.jar:2.3.0.RELEASE]
	at org.springframework.boot.web.servlet.ServletContextInitializerBeans.<init>(ServletContextInitializerBeans.java:85) ~[spring-boot-2.3.0.RELEASE.jar:2.3.0.RELEASE]
	at org.springframework.boot.web.servlet.context.ServletWebServerApplicationContext.getServletContextInitializerBeans(ServletWebServerApplicationContext.java:253) ~[spring-boot-2.3.0.RELEASE.jar:2.3.0.RELEASE]
	at org.springframework.boot.web.servlet.context.ServletWebServerApplicationContext.selfInitialize(ServletWebServerApplicationContext.java:227) ~[spring-boot-2.3.0.RELEASE.jar:2.3.0.RELEASE]
	at org.springframework.boot.web.embedded.tomcat.TomcatStarter.onStartup(TomcatStarter.java:53) ~[spring-boot-2.3.0.RELEASE.jar:2.3.0.RELEASE]
	at org.apache.catalina.core.StandardContext.startInternal(StandardContext.java:5136) ~[tomcat-embed-core-9.0.35.jar:9.0.35]
	at org.apache.catalina.util.LifecycleBase.start(LifecycleBase.java:183) ~[tomcat-embed-core-9.0.35.jar:9.0.35]
	at org.apache.catalina.core.ContainerBase$StartChild.call(ContainerBase.java:1384) ~[tomcat-embed-core-9.0.35.jar:9.0.35]
	at org.apache.catalina.core.ContainerBase$StartChild.call(ContainerBase.java:1374) ~[tomcat-embed-core-9.0.35.jar:9.0.35]
	at java.util.concurrent.FutureTask.run(FutureTask.java:264) ~[?:?]
	at org.apache.tomcat.util.threads.InlineExecutorService.execute(InlineExecutorService.java:75) ~[tomcat-embed-core-9.0.35.jar:9.0.35]
	at java.util.concurrent.AbstractExecutorService.submit(AbstractExecutorService.java:140) ~[?:?]
	at org.apache.catalina.core.ContainerBase.startInternal(ContainerBase.java:909) ~[tomcat-embed-core-9.0.35.jar:9.0.35]
	at org.apache.catalina.core.StandardHost.startInternal(StandardHost.java:841) ~[tomcat-embed-core-9.0.35.jar:9.0.35]
	at org.apache.catalina.util.LifecycleBase.start(LifecycleBase.java:183) ~[tomcat-embed-core-9.0.35.jar:9.0.35]
	at org.apache.catalina.core.ContainerBase$StartChild.call(ContainerBase.java:1384) ~[tomcat-embed-core-9.0.35.jar:9.0.35]
	at org.apache.catalina.core.ContainerBase$StartChild.call(ContainerBase.java:1374) ~[tomcat-embed-core-9.0.35.jar:9.0.35]
	at java.util.concurrent.FutureTask.run(FutureTask.java:264) ~[?:?]
	at org.apache.tomcat.util.threads.InlineExecutorService.execute(InlineExecutorService.java:75) ~[tomcat-embed-core-9.0.35.jar:9.0.35]
	at java.util.concurrent.AbstractExecutorService.submit(AbstractExecutorService.java:140) ~[?:?]
	at org.apache.catalina.core.ContainerBase.startInternal(ContainerBase.java:909) ~[tomcat-embed-core-9.0.35.jar:9.0.35]
	at org.apache.catalina.core.StandardEngine.startInternal(StandardEngine.java:262) ~[tomcat-embed-core-9.0.35.jar:9.0.35]
	at org.apache.catalina.util.LifecycleBase.start(LifecycleBase.java:183) ~[tomcat-embed-core-9.0.35.jar:9.0.35]
	at org.apache.catalina.core.StandardService.startInternal(StandardService.java:421) ~[tomcat-embed-core-9.0.35.jar:9.0.35]
	at org.apache.catalina.util.LifecycleBase.start(LifecycleBase.java:183) ~[tomcat-embed-core-9.0.35.jar:9.0.35]
	at org.apache.catalina.core.StandardServer.startInternal(StandardServer.java:930) ~[tomcat-embed-core-9.0.35.jar:9.0.35]
	at org.apache.catalina.util.LifecycleBase.start(LifecycleBase.java:183) ~[tomcat-embed-core-9.0.35.jar:9.0.35]
	at org.apache.catalina.startup.Tomcat.start(Tomcat.java:468) ~[tomcat-embed-core-9.0.35.jar:9.0.35]
	at org.springframework.boot.web.embedded.tomcat.TomcatWebServer.initialize(TomcatWebServer.java:123) ~[spring-boot-2.3.0.RELEASE.jar:2.3.0.RELEASE]
	at org.springframework.boot.web.embedded.tomcat.TomcatWebServer.<init>(TomcatWebServer.java:104) ~[spring-boot-2.3.0.RELEASE.jar:2.3.0.RELEASE]
	at org.springframework.boot.web.embedded.tomcat.TomcatServletWebServerFactory.getTomcatWebServer(TomcatServletWebServerFactory.java:437) ~[spring-boot-2.3.0.RELEASE.jar:2.3.0.RELEASE]
	at org.springframework.boot.web.embedded.tomcat.TomcatServletWebServerFactory.getWebServer(TomcatServletWebServerFactory.java:191) ~[spring-boot-2.3.0.RELEASE.jar:2.3.0.RELEASE]
	at org.springframework.boot.web.servlet.context.ServletWebServerApplicationContext.createWebServer(ServletWebServerApplicationContext.java:176) ~[spring-boot-2.3.0.RELEASE.jar:2.3.0.RELEASE]
	at org.springframework.boot.web.servlet.context.ServletWebServerApplicationContext.onRefresh(ServletWebServerApplicationContext.java:158) ~[spring-boot-2.3.0.RELEASE.jar:2.3.0.RELEASE]
	... 14 more
Caused by: org.springframework.beans.factory.UnsatisfiedDependencyException: Error creating bean with name 'openEntityManagerInViewInterceptorConfigurer' defined in class path resource [org/springframework/boot/autoconfigure/orm/jpa/JpaBaseConfiguration$JpaWebConfiguration.class]: Unsatisfied dependency expressed through method 'openEntityManagerInViewInterceptorConfigurer' parameter 0; nested exception is org.springframework.beans.factory.BeanCreationException: Error creating bean with name 'openEntityManagerInViewInterceptor' defined in class path resource [org/springframework/boot/autoconfigure/orm/jpa/JpaBaseConfiguration$JpaWebConfiguration.class]: Initialization of bean failed; nested exception is org.springframework.beans.factory.BeanCreationException: Error creating bean with name 'liquibase' defined in class path resource [org/springframework/boot/autoconfigure/liquibase/LiquibaseAutoConfiguration$LiquibaseConfiguration.class]: Invocation of init method failed; nested exception is liquibase.exception.LiquibaseException: liquibase.exception.MigrationFailedException: Migration failed for changeset liquibase/dev/20260330.xml::1774866976264-2::QUI (generated):
     Reason: liquibase.exception.DatabaseException: Table 'db_mgr_user' already exists [Failed SQL: (1050) CREATE TABLE account_managerment.db_mgr_user (id BIGINT NOT NULL, birthday date NULL, gender INT NULL, created_by VARCHAR(255) NOT NULL, created_date datetime NOT NULL, modified_by VARCHAR(255) NOT NULL, modified_date datetime NOT NULL, status INT NOT NULL, CONSTRAINT db_mgr_userPK PRIMARY KEY (id))]
	at org.springframework.beans.factory.support.ConstructorResolver.createArgumentArray(ConstructorResolver.java:798) ~[spring-beans-5.2.6.RELEASE.jar:5.2.6.RELEASE]
	at org.springframework.beans.factory.support.ConstructorResolver.instantiateUsingFactoryMethod(ConstructorResolver.java:539) ~[spring-beans-5.2.6.RELEASE.jar:5.2.6.RELEASE]
	at org.springframework.beans.factory.support.AbstractAutowireCapableBeanFactory.instantiateUsingFactoryMethod(AbstractAutowireCapableBeanFactory.java:1338) ~[spring-beans-5.2.6.RELEASE.jar:5.2.6.RELEASE]
	at org.springframework.beans.factory.support.AbstractAutowireCapableBeanFactory.createBeanInstance(AbstractAutowireCapableBeanFactory.java:1177) ~[spring-beans-5.2.6.RELEASE.jar:5.2.6.RELEASE]
	at org.springframework.beans.factory.support.AbstractAutowireCapableBeanFactory.doCreateBean(AbstractAutowireCapableBeanFactory.java:557) ~[spring-beans-5.2.6.RELEASE.jar:5.2.6.RELEASE]
	at org.springframework.beans.factory.support.AbstractAutowireCapableBeanFactory.createBean(AbstractAutowireCapableBeanFactory.java:517) ~[spring-beans-5.2.6.RELEASE.jar:5.2.6.RELEASE]
	at org.springframework.beans.factory.support.AbstractBeanFactory.lambda$doGetBean$0(AbstractBeanFactory.java:323) ~[spring-beans-5.2.6.RELEASE.jar:5.2.6.RELEASE]
	at org.springframework.beans.factory.support.DefaultSingletonBeanRegistry.getSingleton(DefaultSingletonBeanRegistry.java:226) ~[spring-beans-5.2.6.RELEASE.jar:5.2.6.RELEASE]
	at org.springframework.beans.factory.support.AbstractBeanFactory.doGetBean(AbstractBeanFactory.java:321) ~[spring-beans-5.2.6.RELEASE.jar:5.2.6.RELEASE]
	at org.springframework.beans.factory.support.AbstractBeanFactory.getBean(AbstractBeanFactory.java:202) ~[spring-beans-5.2.6.RELEASE.jar:5.2.6.RELEASE]
	at org.springframework.beans.factory.config.DependencyDescriptor.resolveCandidate(DependencyDescriptor.java:276) ~[spring-beans-5.2.6.RELEASE.jar:5.2.6.RELEASE]
	at org.springframework.beans.factory.support.DefaultListableBeanFactory.addCandidateEntry(DefaultListableBeanFactory.java:1524) ~[spring-beans-5.2.6.RELEASE.jar:5.2.6.RELEASE]
	at org.springframework.beans.factory.support.DefaultListableBeanFactory.findAutowireCandidates(DefaultListableBeanFactory.java:1488) ~[spring-beans-5.2.6.RELEASE.jar:5.2.6.RELEASE]
	at org.springframework.beans.factory.support.DefaultListableBeanFactory.resolveMultipleBeans(DefaultListableBeanFactory.java:1377) ~[spring-beans-5.2.6.RELEASE.jar:5.2.6.RELEASE]
	at org.springframework.beans.factory.support.DefaultListableBeanFactory.doResolveDependency(DefaultListableBeanFactory.java:1264) ~[spring-beans-5.2.6.RELEASE.jar:5.2.6.RELEASE]
	at org.springframework.beans.factory.support.DefaultListableBeanFactory.resolveDependency(DefaultListableBeanFactory.java:1226) ~[spring-beans-5.2.6.RELEASE.jar:5.2.6.RELEASE]
	at org.springframework.beans.factory.annotation.AutowiredAnnotationBeanPostProcessor$AutowiredMethodElement.inject(AutowiredAnnotationBeanPostProcessor.java:715) ~[spring-beans-5.2.6.RELEASE.jar:5.2.6.RELEASE]
	at org.springframework.beans.factory.annotation.InjectionMetadata.inject(InjectionMetadata.java:130) ~[spring-beans-5.2.6.RELEASE.jar:5.2.6.RELEASE]
	at org.springframework.beans.factory.annotation.AutowiredAnnotationBeanPostProcessor.postProcessProperties(AutowiredAnnotationBeanPostProcessor.java:399) ~[spring-beans-5.2.6.RELEASE.jar:5.2.6.RELEASE]
	at org.springframework.beans.factory.support.AbstractAutowireCapableBeanFactory.populateBean(AbstractAutowireCapableBeanFactory.java:1422) ~[spring-beans-5.2.6.RELEASE.jar:5.2.6.RELEASE]
	at org.springframework.beans.factory.support.AbstractAutowireCapableBeanFactory.doCreateBean(AbstractAutowireCapableBeanFactory.java:594) ~[spring-beans-5.2.6.RELEASE.jar:5.2.6.RELEASE]
	at org.springframework.beans.factory.support.AbstractAutowireCapableBeanFactory.createBean(AbstractAutowireCapableBeanFactory.java:517) ~[spring-beans-5.2.6.RELEASE.jar:5.2.6.RELEASE]
	at org.springframework.beans.factory.support.AbstractBeanFactory.lambda$doGetBean$0(AbstractBeanFactory.java:323) ~[spring-beans-5.2.6.RELEASE.jar:5.2.6.RELEASE]
	at org.springframework.beans.factory.support.DefaultSingletonBeanRegistry.getSingleton(DefaultSingletonBeanRegistry.java:226) ~[spring-beans-5.2.6.RELEASE.jar:5.2.6.RELEASE]
	at org.springframework.beans.factory.support.AbstractBeanFactory.doGetBean(AbstractBeanFactory.java:321) ~[spring-beans-5.2.6.RELEASE.jar:5.2.6.RELEASE]
	at org.springframework.beans.factory.support.AbstractBeanFactory.getBean(AbstractBeanFactory.java:202) ~[spring-beans-5.2.6.RELEASE.jar:5.2.6.RELEASE]
	at org.springframework.beans.factory.support.ConstructorResolver.instantiateUsingFactoryMethod(ConstructorResolver.java:409) ~[spring-beans-5.2.6.RELEASE.jar:5.2.6.RELEASE]
	at org.springframework.beans.factory.support.AbstractAutowireCapableBeanFactory.instantiateUsingFactoryMethod(AbstractAutowireCapableBeanFactory.java:1338) ~[spring-beans-5.2.6.RELEASE.jar:5.2.6.RELEASE]
	at org.springframework.beans.factory.support.AbstractAutowireCapableBeanFactory.createBeanInstance(AbstractAutowireCapableBeanFactory.java:1177) ~[spring-beans-5.2.6.RELEASE.jar:5.2.6.RELEASE]
	at org.springframework.beans.factory.support.AbstractAutowireCapableBeanFactory.doCreateBean(AbstractAutowireCapableBeanFactory.java:557) ~[spring-beans-5.2.6.RELEASE.jar:5.2.6.RELEASE]
	at org.springframework.beans.factory.support.AbstractAutowireCapableBeanFactory.createBean(AbstractAutowireCapableBeanFactory.java:517) ~[spring-beans-5.2.6.RELEASE.jar:5.2.6.RELEASE]
	at org.springframework.beans.factory.support.AbstractBeanFactory.lambda$doGetBean$0(AbstractBeanFactory.java:323) ~[spring-beans-5.2.6.RELEASE.jar:5.2.6.RELEASE]
	at org.springframework.beans.factory.support.DefaultSingletonBeanRegistry.getSingleton(DefaultSingletonBeanRegistry.java:226) ~[spring-beans-5.2.6.RELEASE.jar:5.2.6.RELEASE]
	at org.springframework.beans.factory.support.AbstractBeanFactory.doGetBean(AbstractBeanFactory.java:321) ~[spring-beans-5.2.6.RELEASE.jar:5.2.6.RELEASE]
	at org.springframework.beans.factory.support.AbstractBeanFactory.getBean(AbstractBeanFactory.java:202) ~[spring-beans-5.2.6.RELEASE.jar:5.2.6.RELEASE]
	at org.springframework.beans.factory.config.DependencyDescriptor.resolveCandidate(DependencyDescriptor.java:276) ~[spring-beans-5.2.6.RELEASE.jar:5.2.6.RELEASE]
	at org.springframework.beans.factory.support.DefaultListableBeanFactory.doResolveDependency(DefaultListableBeanFactory.java:1306) ~[spring-beans-5.2.6.RELEASE.jar:5.2.6.RELEASE]
	at org.springframework.beans.factory.support.DefaultListableBeanFactory.resolveDependency(DefaultListableBeanFactory.java:1226) ~[spring-beans-5.2.6.RELEASE.jar:5.2.6.RELEASE]
	at org.springframework.beans.factory.annotation.AutowiredAnnotationBeanPostProcessor$AutowiredMethodElement.inject(AutowiredAnnotationBeanPostProcessor.java:715) ~[spring-beans-5.2.6.RELEASE.jar:5.2.6.RELEASE]
	at org.springframework.beans.factory.annotation.InjectionMetadata.inject(InjectionMetadata.java:130) ~[spring-beans-5.2.6.RELEASE.jar:5.2.6.RELEASE]
	at org.springframework.beans.factory.annotation.AutowiredAnnotationBeanPostProcessor.postProcessProperties(AutowiredAnnotationBeanPostProcessor.java:399) ~[spring-beans-5.2.6.RELEASE.jar:5.2.6.RELEASE]
	at org.springframework.beans.factory.support.AbstractAutowireCapableBeanFactory.populateBean(AbstractAutowireCapableBeanFactory.java:1422) ~[spring-beans-5.2.6.RELEASE.jar:5.2.6.RELEASE]
	at org.springframework.beans.factory.support.AbstractAutowireCapableBeanFactory.doCreateBean(AbstractAutowireCapableBeanFactory.java:594) ~[spring-beans-5.2.6.RELEASE.jar:5.2.6.RELEASE]
	at org.springframework.beans.factory.support.AbstractAutowireCapableBeanFactory.createBean(AbstractAutowireCapableBeanFactory.java:517) ~[spring-beans-5.2.6.RELEASE.jar:5.2.6.RELEASE]
	at org.springframework.beans.factory.support.AbstractBeanFactory.lambda$doGetBean$0(AbstractBeanFactory.java:323) ~[spring-beans-5.2.6.RELEASE.jar:5.2.6.RELEASE]
	at org.springframework.beans.factory.support.DefaultSingletonBeanRegistry.getSingleton(DefaultSingletonBeanRegistry.java:226) ~[spring-beans-5.2.6.RELEASE.jar:5.2.6.RELEASE]
	at org.springframework.beans.factory.support.AbstractBeanFactory.doGetBean(AbstractBeanFactory.java:321) ~[spring-beans-5.2.6.RELEASE.jar:5.2.6.RELEASE]
	at org.springframework.beans.factory.support.AbstractBeanFactory.getBean(AbstractBeanFactory.java:202) ~[spring-beans-5.2.6.RELEASE.jar:5.2.6.RELEASE]
	at org.springframework.beans.factory.support.ConstructorResolver.instantiateUsingFactoryMethod(ConstructorResolver.java:409) ~[spring-beans-5.2.6.RELEASE.jar:5.2.6.RELEASE]
	at org.springframework.beans.factory.support.AbstractAutowireCapableBeanFactory.instantiateUsingFactoryMethod(AbstractAutowireCapableBeanFactory.java:1338) ~[spring-beans-5.2.6.RELEASE.jar:5.2.6.RELEASE]
	at org.springframework.beans.factory.support.AbstractAutowireCapableBeanFactory.createBeanInstance(AbstractAutowireCapableBeanFactory.java:1177) ~[spring-beans-5.2.6.RELEASE.jar:5.2.6.RELEASE]
	at org.springframework.beans.factory.support.AbstractAutowireCapableBeanFactory.doCreateBean(AbstractAutowireCapableBeanFactory.java:557) ~[spring-beans-5.2.6.RELEASE.jar:5.2.6.RELEASE]
	at org.springframework.beans.factory.support.AbstractAutowireCapableBeanFactory.createBean(AbstractAutowireCapableBeanFactory.java:517) ~[spring-beans-5.2.6.RELEASE.jar:5.2.6.RELEASE]
	at org.springframework.beans.factory.support.AbstractBeanFactory.lambda$doGetBean$0(AbstractBeanFactory.java:323) ~[spring-beans-5.2.6.RELEASE.jar:5.2.6.RELEASE]
	at org.springframework.beans.factory.support.DefaultSingletonBeanRegistry.getSingleton(DefaultSingletonBeanRegistry.java:226) ~[spring-beans-5.2.6.RELEASE.jar:5.2.6.RELEASE]
	at org.springframework.beans.factory.support.AbstractBeanFactory.doGetBean(AbstractBeanFactory.java:321) ~[spring-beans-5.2.6.RELEASE.jar:5.2.6.RELEASE]
	at org.springframework.beans.factory.support.AbstractBeanFactory.getBean(AbstractBeanFactory.java:207) ~[spring-beans-5.2.6.RELEASE.jar:5.2.6.RELEASE]
	at org.springframework.boot.web.servlet.ServletContextInitializerBeans.getOrderedBeansOfType(ServletContextInitializerBeans.java:211) ~[spring-boot-2.3.0.RELEASE.jar:2.3.0.RELEASE]
	at org.springframework.boot.web.servlet.ServletContextInitializerBeans.getOrderedBeansOfType(ServletContextInitializerBeans.java:202) ~[spring-boot-2.3.0.RELEASE.jar:2.3.0.RELEASE]
	at org.springframework.boot.web.servlet.ServletContextInitializerBeans.addServletContextInitializerBeans(ServletContextInitializerBeans.java:96) ~[spring-boot-2.3.0.RELEASE.jar:2.3.0.RELEASE]
	at org.springframework.boot.web.servlet.ServletContextInitializerBeans.<init>(ServletContextInitializerBeans.java:85) ~[spring-boot-2.3.0.RELEASE.jar:2.3.0.RELEASE]
	at org.springframework.boot.web.servlet.context.ServletWebServerApplicationContext.getServletContextInitializerBeans(ServletWebServerApplicationContext.java:253) ~[spring-boot-2.3.0.RELEASE.jar:2.3.0.RELEASE]
	at org.springframework.boot.web.servlet.context.ServletWebServerApplicationContext.selfInitialize(ServletWebServerApplicationContext.java:227) ~[spring-boot-2.3.0.RELEASE.jar:2.3.0.RELEASE]
	at org.springframework.boot.web.embedded.tomcat.TomcatStarter.onStartup(TomcatStarter.java:53) ~[spring-boot-2.3.0.RELEASE.jar:2.3.0.RELEASE]
	at org.apache.catalina.core.StandardContext.startInternal(StandardContext.java:5136) ~[tomcat-embed-core-9.0.35.jar:9.0.35]
	at org.apache.catalina.util.LifecycleBase.start(LifecycleBase.java:183) ~[tomcat-embed-core-9.0.35.jar:9.0.35]
	at org.apache.catalina.core.ContainerBase$StartChild.call(ContainerBase.java:1384) ~[tomcat-embed-core-9.0.35.jar:9.0.35]
	at org.apache.catalina.core.ContainerBase$StartChild.call(ContainerBase.java:1374) ~[tomcat-embed-core-9.0.35.jar:9.0.35]
	at java.util.concurrent.FutureTask.run(FutureTask.java:264) ~[?:?]
	at org.apache.tomcat.util.threads.InlineExecutorService.execute(InlineExecutorService.java:75) ~[tomcat-embed-core-9.0.35.jar:9.0.35]
	at java.util.concurrent.AbstractExecutorService.submit(AbstractExecutorService.java:140) ~[?:?]
	at org.apache.catalina.core.ContainerBase.startInternal(ContainerBase.java:909) ~[tomcat-embed-core-9.0.35.jar:9.0.35]
	at org.apache.catalina.core.StandardHost.startInternal(StandardHost.java:841) ~[tomcat-embed-core-9.0.35.jar:9.0.35]
	at org.apache.catalina.util.LifecycleBase.start(LifecycleBase.java:183) ~[tomcat-embed-core-9.0.35.jar:9.0.35]
	at org.apache.catalina.core.ContainerBase$StartChild.call(ContainerBase.java:1384) ~[tomcat-embed-core-9.0.35.jar:9.0.35]
	at org.apache.catalina.core.ContainerBase$StartChild.call(ContainerBase.java:1374) ~[tomcat-embed-core-9.0.35.jar:9.0.35]
	at java.util.concurrent.FutureTask.run(FutureTask.java:264) ~[?:?]
	at org.apache.tomcat.util.threads.InlineExecutorService.execute(InlineExecutorService.java:75) ~[tomcat-embed-core-9.0.35.jar:9.0.35]
	at java.util.concurrent.AbstractExecutorService.submit(AbstractExecutorService.java:140) ~[?:?]
	at org.apache.catalina.core.ContainerBase.startInternal(ContainerBase.java:909) ~[tomcat-embed-core-9.0.35.jar:9.0.35]
	at org.apache.catalina.core.StandardEngine.startInternal(StandardEngine.java:262) ~[tomcat-embed-core-9.0.35.jar:9.0.35]
	at org.apache.catalina.util.LifecycleBase.start(LifecycleBase.java:183) ~[tomcat-embed-core-9.0.35.jar:9.0.35]
	at org.apache.catalina.core.StandardService.startInternal(StandardService.java:421) ~[tomcat-embed-core-9.0.35.jar:9.0.35]
	at org.apache.catalina.util.LifecycleBase.start(LifecycleBase.java:183) ~[tomcat-embed-core-9.0.35.jar:9.0.35]
	at org.apache.catalina.core.StandardServer.startInternal(StandardServer.java:930) ~[tomcat-embed-core-9.0.35.jar:9.0.35]
	at org.apache.catalina.util.LifecycleBase.start(LifecycleBase.java:183) ~[tomcat-embed-core-9.0.35.jar:9.0.35]
	at org.apache.catalina.startup.Tomcat.start(Tomcat.java:468) ~[tomcat-embed-core-9.0.35.jar:9.0.35]
	at org.springframework.boot.web.embedded.tomcat.TomcatWebServer.initialize(TomcatWebServer.java:123) ~[spring-boot-2.3.0.RELEASE.jar:2.3.0.RELEASE]
	at org.springframework.boot.web.embedded.tomcat.TomcatWebServer.<init>(TomcatWebServer.java:104) ~[spring-boot-2.3.0.RELEASE.jar:2.3.0.RELEASE]
	at org.springframework.boot.web.embedded.tomcat.TomcatServletWebServerFactory.getTomcatWebServer(TomcatServletWebServerFactory.java:437) ~[spring-boot-2.3.0.RELEASE.jar:2.3.0.RELEASE]
	at org.springframework.boot.web.embedded.tomcat.TomcatServletWebServerFactory.getWebServer(TomcatServletWebServerFactory.java:191) ~[spring-boot-2.3.0.RELEASE.jar:2.3.0.RELEASE]
	at org.springframework.boot.web.servlet.context.ServletWebServerApplicationContext.createWebServer(ServletWebServerApplicationContext.java:176) ~[spring-boot-2.3.0.RELEASE.jar:2.3.0.RELEASE]
	at org.springframework.boot.web.servlet.context.ServletWebServerApplicationContext.onRefresh(ServletWebServerApplicationContext.java:158) ~[spring-boot-2.3.0.RELEASE.jar:2.3.0.RELEASE]
	... 14 more
Caused by: org.springframework.beans.factory.BeanCreationException: Error creating bean with name 'openEntityManagerInViewInterceptor' defined in class path resource [org/springframework/boot/autoconfigure/orm/jpa/JpaBaseConfiguration$JpaWebConfiguration.class]: Initialization of bean failed; nested exception is org.springframework.beans.factory.BeanCreationException: Error creating bean with name 'liquibase' defined in class path resource [org/springframework/boot/autoconfigure/liquibase/LiquibaseAutoConfiguration$LiquibaseConfiguration.class]: Invocation of init method failed; nested exception is liquibase.exception.LiquibaseException: liquibase.exception.MigrationFailedException: Migration failed for changeset liquibase/dev/20260330.xml::1774866976264-2::QUI (generated):
     Reason: liquibase.exception.DatabaseException: Table 'db_mgr_user' already exists [Failed SQL: (1050) CREATE TABLE account_managerment.db_mgr_user (id BIGINT NOT NULL, birthday date NULL, gender INT NULL, created_by VARCHAR(255) NOT NULL, created_date datetime NOT NULL, modified_by VARCHAR(255) NOT NULL, modified_date datetime NOT NULL, status INT NOT NULL, CONSTRAINT db_mgr_userPK PRIMARY KEY (id))]
	at org.springframework.beans.factory.support.AbstractAutowireCapableBeanFactory.doCreateBean(AbstractAutowireCapableBeanFactory.java:603) ~[spring-beans-5.2.6.RELEASE.jar:5.2.6.RELEASE]
	at org.springframework.beans.factory.support.AbstractAutowireCapableBeanFactory.createBean(AbstractAutowireCapableBeanFactory.java:517) ~[spring-beans-5.2.6.RELEASE.jar:5.2.6.RELEASE]
	at org.springframework.beans.factory.support.AbstractBeanFactory.lambda$doGetBean$0(AbstractBeanFactory.java:323) ~[spring-beans-5.2.6.RELEASE.jar:5.2.6.RELEASE]
	at org.springframework.beans.factory.support.DefaultSingletonBeanRegistry.getSingleton(DefaultSingletonBeanRegistry.java:226) ~[spring-beans-5.2.6.RELEASE.jar:5.2.6.RELEASE]
	at org.springframework.beans.factory.support.AbstractBeanFactory.doGetBean(AbstractBeanFactory.java:321) ~[spring-beans-5.2.6.RELEASE.jar:5.2.6.RELEASE]
	at org.springframework.beans.factory.support.AbstractBeanFactory.getBean(AbstractBeanFactory.java:202) ~[spring-beans-5.2.6.RELEASE.jar:5.2.6.RELEASE]
	at org.springframework.beans.factory.config.DependencyDescriptor.resolveCandidate(DependencyDescriptor.java:276) ~[spring-beans-5.2.6.RELEASE.jar:5.2.6.RELEASE]
	at org.springframework.beans.factory.support.DefaultListableBeanFactory.doResolveDependency(DefaultListableBeanFactory.java:1306) ~[spring-beans-5.2.6.RELEASE.jar:5.2.6.RELEASE]
	at org.springframework.beans.factory.support.DefaultListableBeanFactory.resolveDependency(DefaultListableBeanFactory.java:1226) ~[spring-beans-5.2.6.RELEASE.jar:5.2.6.RELEASE]
	at org.springframework.beans.factory.support.ConstructorResolver.resolveAutowiredArgument(ConstructorResolver.java:885) ~[spring-beans-5.2.6.RELEASE.jar:5.2.6.RELEASE]
	at org.springframework.beans.factory.support.ConstructorResolver.createArgumentArray(ConstructorResolver.java:789) ~[spring-beans-5.2.6.RELEASE.jar:5.2.6.RELEASE]
	at org.springframework.beans.factory.support.ConstructorResolver.instantiateUsingFactoryMethod(ConstructorResolver.java:539) ~[spring-beans-5.2.6.RELEASE.jar:5.2.6.RELEASE]
	at org.springframework.beans.factory.support.AbstractAutowireCapableBeanFactory.instantiateUsingFactoryMethod(AbstractAutowireCapableBeanFactory.java:1338) ~[spring-beans-5.2.6.RELEASE.jar:5.2.6.RELEASE]
	at org.springframework.beans.factory.support.AbstractAutowireCapableBeanFactory.createBeanInstance(AbstractAutowireCapableBeanFactory.java:1177) ~[spring-beans-5.2.6.RELEASE.jar:5.2.6.RELEASE]
	at org.springframework.beans.factory.support.AbstractAutowireCapableBeanFactory.doCreateBean(AbstractAutowireCapableBeanFactory.java:557) ~[spring-beans-5.2.6.RELEASE.jar:5.2.6.RELEASE]
	at org.springframework.beans.factory.support.AbstractAutowireCapableBeanFactory.createBean(AbstractAutowireCapableBeanFactory.java:517) ~[spring-beans-5.2.6.RELEASE.jar:5.2.6.RELEASE]
	at org.springframework.beans.factory.support.AbstractBeanFactory.lambda$doGetBean$0(AbstractBeanFactory.java:323) ~[spring-beans-5.2.6.RELEASE.jar:5.2.6.RELEASE]
	at org.springframework.beans.factory.support.DefaultSingletonBeanRegistry.getSingleton(DefaultSingletonBeanRegistry.java:226) ~[spring-beans-5.2.6.RELEASE.jar:5.2.6.RELEASE]
	at org.springframework.beans.factory.support.AbstractBeanFactory.doGetBean(AbstractBeanFactory.java:321) ~[spring-beans-5.2.6.RELEASE.jar:5.2.6.RELEASE]
	at org.springframework.beans.factory.support.AbstractBeanFactory.getBean(AbstractBeanFactory.java:202) ~[spring-beans-5.2.6.RELEASE.jar:5.2.6.RELEASE]
	at org.springframework.beans.factory.config.DependencyDescriptor.resolveCandidate(DependencyDescriptor.java:276) ~[spring-beans-5.2.6.RELEASE.jar:5.2.6.RELEASE]
	at org.springframework.beans.factory.support.DefaultListableBeanFactory.addCandidateEntry(DefaultListableBeanFactory.java:1524) ~[spring-beans-5.2.6.RELEASE.jar:5.2.6.RELEASE]
	at org.springframework.beans.factory.support.DefaultListableBeanFactory.findAutowireCandidates(DefaultListableBeanFactory.java:1488) ~[spring-beans-5.2.6.RELEASE.jar:5.2.6.RELEASE]
	at org.springframework.beans.factory.support.DefaultListableBeanFactory.resolveMultipleBeans(DefaultListableBeanFactory.java:1377) ~[spring-beans-5.2.6.RELEASE.jar:5.2.6.RELEASE]
	at org.springframework.beans.factory.support.DefaultListableBeanFactory.doResolveDependency(DefaultListableBeanFactory.java:1264) ~[spring-beans-5.2.6.RELEASE.jar:5.2.6.RELEASE]
	at org.springframework.beans.factory.support.DefaultListableBeanFactory.resolveDependency(DefaultListableBeanFactory.java:1226) ~[spring-beans-5.2.6.RELEASE.jar:5.2.6.RELEASE]
	at org.springframework.beans.factory.annotation.AutowiredAnnotationBeanPostProcessor$AutowiredMethodElement.inject(AutowiredAnnotationBeanPostProcessor.java:715) ~[spring-beans-5.2.6.RELEASE.jar:5.2.6.RELEASE]
	at org.springframework.beans.factory.annotation.InjectionMetadata.inject(InjectionMetadata.java:130) ~[spring-beans-5.2.6.RELEASE.jar:5.2.6.RELEASE]
	at org.springframework.beans.factory.annotation.AutowiredAnnotationBeanPostProcessor.postProcessProperties(AutowiredAnnotationBeanPostProcessor.java:399) ~[spring-beans-5.2.6.RELEASE.jar:5.2.6.RELEASE]
	at org.springframework.beans.factory.support.AbstractAutowireCapableBeanFactory.populateBean(AbstractAutowireCapableBeanFactory.java:1422) ~[spring-beans-5.2.6.RELEASE.jar:5.2.6.RELEASE]
	at org.springframework.beans.factory.support.AbstractAutowireCapableBeanFactory.doCreateBean(AbstractAutowireCapableBeanFactory.java:594) ~[spring-beans-5.2.6.RELEASE.jar:5.2.6.RELEASE]
	at org.springframework.beans.factory.support.AbstractAutowireCapableBeanFactory.createBean(AbstractAutowireCapableBeanFactory.java:517) ~[spring-beans-5.2.6.RELEASE.jar:5.2.6.RELEASE]
	at org.springframework.beans.factory.support.AbstractBeanFactory.lambda$doGetBean$0(AbstractBeanFactory.java:323) ~[spring-beans-5.2.6.RELEASE.jar:5.2.6.RELEASE]
	at org.springframework.beans.factory.support.DefaultSingletonBeanRegistry.getSingleton(DefaultSingletonBeanRegistry.java:226) ~[spring-beans-5.2.6.RELEASE.jar:5.2.6.RELEASE]
	at org.springframework.beans.factory.support.AbstractBeanFactory.doGetBean(AbstractBeanFactory.java:321) ~[spring-beans-5.2.6.RELEASE.jar:5.2.6.RELEASE]
	at org.springframework.beans.factory.support.AbstractBeanFactory.getBean(AbstractBeanFactory.java:202) ~[spring-beans-5.2.6.RELEASE.jar:5.2.6.RELEASE]
	at org.springframework.beans.factory.support.ConstructorResolver.instantiateUsingFactoryMethod(ConstructorResolver.java:409) ~[spring-beans-5.2.6.RELEASE.jar:5.2.6.RELEASE]
	at org.springframework.beans.factory.support.AbstractAutowireCapableBeanFactory.instantiateUsingFactoryMethod(AbstractAutowireCapableBeanFactory.java:1338) ~[spring-beans-5.2.6.RELEASE.jar:5.2.6.RELEASE]
	at org.springframework.beans.factory.support.AbstractAutowireCapableBeanFactory.createBeanInstance(AbstractAutowireCapableBeanFactory.java:1177) ~[spring-beans-5.2.6.RELEASE.jar:5.2.6.RELEASE]
	at org.springframework.beans.factory.support.AbstractAutowireCapableBeanFactory.doCreateBean(AbstractAutowireCapableBeanFactory.java:557) ~[spring-beans-5.2.6.RELEASE.jar:5.2.6.RELEASE]
	at org.springframework.beans.factory.support.AbstractAutowireCapableBeanFactory.createBean(AbstractAutowireCapableBeanFactory.java:517) ~[spring-beans-5.2.6.RELEASE.jar:5.2.6.RELEASE]
	at org.springframework.beans.factory.support.AbstractBeanFactory.lambda$doGetBean$0(AbstractBeanFactory.java:323) ~[spring-beans-5.2.6.RELEASE.jar:5.2.6.RELEASE]
	at org.springframework.beans.factory.support.DefaultSingletonBeanRegistry.getSingleton(DefaultSingletonBeanRegistry.java:226) ~[spring-beans-5.2.6.RELEASE.jar:5.2.6.RELEASE]
	at org.springframework.beans.factory.support.AbstractBeanFactory.doGetBean(AbstractBeanFactory.java:321) ~[spring-beans-5.2.6.RELEASE.jar:5.2.6.RELEASE]
	at org.springframework.beans.factory.support.AbstractBeanFactory.getBean(AbstractBeanFactory.java:202) ~[spring-beans-5.2.6.RELEASE.jar:5.2.6.RELEASE]
	at org.springframework.beans.factory.config.DependencyDescriptor.resolveCandidate(DependencyDescriptor.java:276) ~[spring-beans-5.2.6.RELEASE.jar:5.2.6.RELEASE]
	at org.springframework.beans.factory.support.DefaultListableBeanFactory.doResolveDependency(DefaultListableBeanFactory.java:1306) ~[spring-beans-5.2.6.RELEASE.jar:5.2.6.RELEASE]
	at org.springframework.beans.factory.support.DefaultListableBeanFactory.resolveDependency(DefaultListableBeanFactory.java:1226) ~[spring-beans-5.2.6.RELEASE.jar:5.2.6.RELEASE]
	at org.springframework.beans.factory.annotation.AutowiredAnnotationBeanPostProcessor$AutowiredMethodElement.inject(AutowiredAnnotationBeanPostProcessor.java:715) ~[spring-beans-5.2.6.RELEASE.jar:5.2.6.RELEASE]
	at org.springframework.beans.factory.annotation.InjectionMetadata.inject(InjectionMetadata.java:130) ~[spring-beans-5.2.6.RELEASE.jar:5.2.6.RELEASE]
	at org.springframework.beans.factory.annotation.AutowiredAnnotationBeanPostProcessor.postProcessProperties(AutowiredAnnotationBeanPostProcessor.java:399) ~[spring-beans-5.2.6.RELEASE.jar:5.2.6.RELEASE]
	at org.springframework.beans.factory.support.AbstractAutowireCapableBeanFactory.populateBean(AbstractAutowireCapableBeanFactory.java:1422) ~[spring-beans-5.2.6.RELEASE.jar:5.2.6.RELEASE]
	at org.springframework.beans.factory.support.AbstractAutowireCapableBeanFactory.doCreateBean(AbstractAutowireCapableBeanFactory.java:594) ~[spring-beans-5.2.6.RELEASE.jar:5.2.6.RELEASE]
	at org.springframework.beans.factory.support.AbstractAutowireCapableBeanFactory.createBean(AbstractAutowireCapableBeanFactory.java:517) ~[spring-beans-5.2.6.RELEASE.jar:5.2.6.RELEASE]
	at org.springframework.beans.factory.support.AbstractBeanFactory.lambda$doGetBean$0(AbstractBeanFactory.java:323) ~[spring-beans-5.2.6.RELEASE.jar:5.2.6.RELEASE]
	at org.springframework.beans.factory.support.DefaultSingletonBeanRegistry.getSingleton(DefaultSingletonBeanRegistry.java:226) ~[spring-beans-5.2.6.RELEASE.jar:5.2.6.RELEASE]
	at org.springframework.beans.factory.support.AbstractBeanFactory.doGetBean(AbstractBeanFactory.java:321) ~[spring-beans-5.2.6.RELEASE.jar:5.2.6.RELEASE]
	at org.springframework.beans.factory.support.AbstractBeanFactory.getBean(AbstractBeanFactory.java:202) ~[spring-beans-5.2.6.RELEASE.jar:5.2.6.RELEASE]
	at org.springframework.beans.factory.support.ConstructorResolver.instantiateUsingFactoryMethod(ConstructorResolver.java:409) ~[spring-beans-5.2.6.RELEASE.jar:5.2.6.RELEASE]
	at org.springframework.beans.factory.support.AbstractAutowireCapableBeanFactory.instantiateUsingFactoryMethod(AbstractAutowireCapableBeanFactory.java:1338) ~[spring-beans-5.2.6.RELEASE.jar:5.2.6.RELEASE]
	at org.springframework.beans.factory.support.AbstractAutowireCapableBeanFactory.createBeanInstance(AbstractAutowireCapableBeanFactory.java:1177) ~[spring-beans-5.2.6.RELEASE.jar:5.2.6.RELEASE]
	at org.springframework.beans.factory.support.AbstractAutowireCapableBeanFactory.doCreateBean(AbstractAutowireCapableBeanFactory.java:557) ~[spring-beans-5.2.6.RELEASE.jar:5.2.6.RELEASE]
	at org.springframework.beans.factory.support.AbstractAutowireCapableBeanFactory.createBean(AbstractAutowireCapableBeanFactory.java:517) ~[spring-beans-5.2.6.RELEASE.jar:5.2.6.RELEASE]
	at org.springframework.beans.factory.support.AbstractBeanFactory.lambda$doGetBean$0(AbstractBeanFactory.java:323) ~[spring-beans-5.2.6.RELEASE.jar:5.2.6.RELEASE]
	at org.springframework.beans.factory.support.DefaultSingletonBeanRegistry.getSingleton(DefaultSingletonBeanRegistry.java:226) ~[spring-beans-5.2.6.RELEASE.jar:5.2.6.RELEASE]
	at org.springframework.beans.factory.support.AbstractBeanFactory.doGetBean(AbstractBeanFactory.java:321) ~[spring-beans-5.2.6.RELEASE.jar:5.2.6.RELEASE]
	at org.springframework.beans.factory.support.AbstractBeanFactory.getBean(AbstractBeanFactory.java:207) ~[spring-beans-5.2.6.RELEASE.jar:5.2.6.RELEASE]
	at org.springframework.boot.web.servlet.ServletContextInitializerBeans.getOrderedBeansOfType(ServletContextInitializerBeans.java:211) ~[spring-boot-2.3.0.RELEASE.jar:2.3.0.RELEASE]
	at org.springframework.boot.web.servlet.ServletContextInitializerBeans.getOrderedBeansOfType(ServletContextInitializerBeans.java:202) ~[spring-boot-2.3.0.RELEASE.jar:2.3.0.RELEASE]
	at org.springframework.boot.web.servlet.ServletContextInitializerBeans.addServletContextInitializerBeans(ServletContextInitializerBeans.java:96) ~[spring-boot-2.3.0.RELEASE.jar:2.3.0.RELEASE]
	at org.springframework.boot.web.servlet.ServletContextInitializerBeans.<init>(ServletContextInitializerBeans.java:85) ~[spring-boot-2.3.0.RELEASE.jar:2.3.0.RELEASE]
	at org.springframework.boot.web.servlet.context.ServletWebServerApplicationContext.getServletContextInitializerBeans(ServletWebServerApplicationContext.java:253) ~[spring-boot-2.3.0.RELEASE.jar:2.3.0.RELEASE]
	at org.springframework.boot.web.servlet.context.ServletWebServerApplicationContext.selfInitialize(ServletWebServerApplicationContext.java:227) ~[spring-boot-2.3.0.RELEASE.jar:2.3.0.RELEASE]
	at org.springframework.boot.web.embedded.tomcat.TomcatStarter.onStartup(TomcatStarter.java:53) ~[spring-boot-2.3.0.RELEASE.jar:2.3.0.RELEASE]
	at org.apache.catalina.core.StandardContext.startInternal(StandardContext.java:5136) ~[tomcat-embed-core-9.0.35.jar:9.0.35]
	at org.apache.catalina.util.LifecycleBase.start(LifecycleBase.java:183) ~[tomcat-embed-core-9.0.35.jar:9.0.35]
	at org.apache.catalina.core.ContainerBase$StartChild.call(ContainerBase.java:1384) ~[tomcat-embed-core-9.0.35.jar:9.0.35]
	at org.apache.catalina.core.ContainerBase$StartChild.call(ContainerBase.java:1374) ~[tomcat-embed-core-9.0.35.jar:9.0.35]
	at java.util.concurrent.FutureTask.run(FutureTask.java:264) ~[?:?]
	at org.apache.tomcat.util.threads.InlineExecutorService.execute(InlineExecutorService.java:75) ~[tomcat-embed-core-9.0.35.jar:9.0.35]
	at java.util.concurrent.AbstractExecutorService.submit(AbstractExecutorService.java:140) ~[?:?]
	at org.apache.catalina.core.ContainerBase.startInternal(ContainerBase.java:909) ~[tomcat-embed-core-9.0.35.jar:9.0.35]
	at org.apache.catalina.core.StandardHost.startInternal(StandardHost.java:841) ~[tomcat-embed-core-9.0.35.jar:9.0.35]
	at org.apache.catalina.util.LifecycleBase.start(LifecycleBase.java:183) ~[tomcat-embed-core-9.0.35.jar:9.0.35]
	at org.apache.catalina.core.ContainerBase$StartChild.call(ContainerBase.java:1384) ~[tomcat-embed-core-9.0.35.jar:9.0.35]
	at org.apache.catalina.core.ContainerBase$StartChild.call(ContainerBase.java:1374) ~[tomcat-embed-core-9.0.35.jar:9.0.35]
	at java.util.concurrent.FutureTask.run(FutureTask.java:264) ~[?:?]
	at org.apache.tomcat.util.threads.InlineExecutorService.execute(InlineExecutorService.java:75) ~[tomcat-embed-core-9.0.35.jar:9.0.35]
	at java.util.concurrent.AbstractExecutorService.submit(AbstractExecutorService.java:140) ~[?:?]
	at org.apache.catalina.core.ContainerBase.startInternal(ContainerBase.java:909) ~[tomcat-embed-core-9.0.35.jar:9.0.35]
	at org.apache.catalina.core.StandardEngine.startInternal(StandardEngine.java:262) ~[tomcat-embed-core-9.0.35.jar:9.0.35]
	at org.apache.catalina.util.LifecycleBase.start(LifecycleBase.java:183) ~[tomcat-embed-core-9.0.35.jar:9.0.35]
	at org.apache.catalina.core.StandardService.startInternal(StandardService.java:421) ~[tomcat-embed-core-9.0.35.jar:9.0.35]
	at org.apache.catalina.util.LifecycleBase.start(LifecycleBase.java:183) ~[tomcat-embed-core-9.0.35.jar:9.0.35]
	at org.apache.catalina.core.StandardServer.startInternal(StandardServer.java:930) ~[tomcat-embed-core-9.0.35.jar:9.0.35]
	at org.apache.catalina.util.LifecycleBase.start(LifecycleBase.java:183) ~[tomcat-embed-core-9.0.35.jar:9.0.35]
	at org.apache.catalina.startup.Tomcat.start(Tomcat.java:468) ~[tomcat-embed-core-9.0.35.jar:9.0.35]
	at org.springframework.boot.web.embedded.tomcat.TomcatWebServer.initialize(TomcatWebServer.java:123) ~[spring-boot-2.3.0.RELEASE.jar:2.3.0.RELEASE]
	at org.springframework.boot.web.embedded.tomcat.TomcatWebServer.<init>(TomcatWebServer.java:104) ~[spring-boot-2.3.0.RELEASE.jar:2.3.0.RELEASE]
	at org.springframework.boot.web.embedded.tomcat.TomcatServletWebServerFactory.getTomcatWebServer(TomcatServletWebServerFactory.java:437) ~[spring-boot-2.3.0.RELEASE.jar:2.3.0.RELEASE]
	at org.springframework.boot.web.embedded.tomcat.TomcatServletWebServerFactory.getWebServer(TomcatServletWebServerFactory.java:191) ~[spring-boot-2.3.0.RELEASE.jar:2.3.0.RELEASE]
	at org.springframework.boot.web.servlet.context.ServletWebServerApplicationContext.createWebServer(ServletWebServerApplicationContext.java:176) ~[spring-boot-2.3.0.RELEASE.jar:2.3.0.RELEASE]
	at org.springframework.boot.web.servlet.context.ServletWebServerApplicationContext.onRefresh(ServletWebServerApplicationContext.java:158) ~[spring-boot-2.3.0.RELEASE.jar:2.3.0.RELEASE]
	... 14 more
Caused by: org.springframework.beans.factory.BeanCreationException: Error creating bean with name 'liquibase' defined in class path resource [org/springframework/boot/autoconfigure/liquibase/LiquibaseAutoConfiguration$LiquibaseConfiguration.class]: Invocation of init method failed; nested exception is liquibase.exception.LiquibaseException: liquibase.exception.MigrationFailedException: Migration failed for changeset liquibase/dev/20260330.xml::1774866976264-2::QUI (generated):
     Reason: liquibase.exception.DatabaseException: Table 'db_mgr_user' already exists [Failed SQL: (1050) CREATE TABLE account_managerment.db_mgr_user (id BIGINT NOT NULL, birthday date NULL, gender INT NULL, created_by VARCHAR(255) NOT NULL, created_date datetime NOT NULL, modified_by VARCHAR(255) NOT NULL, modified_date datetime NOT NULL, status INT NOT NULL, CONSTRAINT db_mgr_userPK PRIMARY KEY (id))]
	at org.springframework.beans.factory.support.AbstractAutowireCapableBeanFactory.initializeBean(AbstractAutowireCapableBeanFactory.java:1796) ~[spring-beans-5.2.6.RELEASE.jar:5.2.6.RELEASE]
	at org.springframework.beans.factory.support.AbstractAutowireCapableBeanFactory.doCreateBean(AbstractAutowireCapableBeanFactory.java:595) ~[spring-beans-5.2.6.RELEASE.jar:5.2.6.RELEASE]
	at org.springframework.beans.factory.support.AbstractAutowireCapableBeanFactory.createBean(AbstractAutowireCapableBeanFactory.java:517) ~[spring-beans-5.2.6.RELEASE.jar:5.2.6.RELEASE]
	at org.springframework.beans.factory.support.AbstractBeanFactory.lambda$doGetBean$0(AbstractBeanFactory.java:323) ~[spring-beans-5.2.6.RELEASE.jar:5.2.6.RELEASE]
	at org.springframework.beans.factory.support.DefaultSingletonBeanRegistry.getSingleton(DefaultSingletonBeanRegistry.java:226) ~[spring-beans-5.2.6.RELEASE.jar:5.2.6.RELEASE]
	at org.springframework.beans.factory.support.AbstractBeanFactory.doGetBean(AbstractBeanFactory.java:321) ~[spring-beans-5.2.6.RELEASE.jar:5.2.6.RELEASE]
	at org.springframework.beans.factory.support.AbstractBeanFactory.getBean(AbstractBeanFactory.java:202) ~[spring-beans-5.2.6.RELEASE.jar:5.2.6.RELEASE]
	at org.springframework.beans.factory.support.AbstractBeanFactory.doGetBean(AbstractBeanFactory.java:310) ~[spring-beans-5.2.6.RELEASE.jar:5.2.6.RELEASE]
	at org.springframework.beans.factory.support.AbstractBeanFactory.getBean(AbstractBeanFactory.java:227) ~[spring-beans-5.2.6.RELEASE.jar:5.2.6.RELEASE]
	at org.springframework.beans.factory.support.DefaultListableBeanFactory.resolveNamedBean(DefaultListableBeanFactory.java:1174) ~[spring-beans-5.2.6.RELEASE.jar:5.2.6.RELEASE]
	at org.springframework.beans.factory.support.DefaultListableBeanFactory.resolveBean(DefaultListableBeanFactory.java:422) ~[spring-beans-5.2.6.RELEASE.jar:5.2.6.RELEASE]
	at org.springframework.beans.factory.support.DefaultListableBeanFactory.getBean(DefaultListableBeanFactory.java:352) ~[spring-beans-5.2.6.RELEASE.jar:5.2.6.RELEASE]
	at org.springframework.beans.factory.support.DefaultListableBeanFactory.getBean(DefaultListableBeanFactory.java:345) ~[spring-beans-5.2.6.RELEASE.jar:5.2.6.RELEASE]
	at org.springframework.orm.jpa.EntityManagerFactoryUtils.findEntityManagerFactory(EntityManagerFactoryUtils.java:121) ~[spring-orm-5.2.6.RELEASE.jar:5.2.6.RELEASE]
	at org.springframework.orm.jpa.EntityManagerFactoryAccessor.setBeanFactory(EntityManagerFactoryAccessor.java:155) ~[spring-orm-5.2.6.RELEASE.jar:5.2.6.RELEASE]
	at org.springframework.beans.factory.support.AbstractAutowireCapableBeanFactory.invokeAwareMethods(AbstractAutowireCapableBeanFactory.java:1818) ~[spring-beans-5.2.6.RELEASE.jar:5.2.6.RELEASE]
	at org.springframework.beans.factory.support.AbstractAutowireCapableBeanFactory.initializeBean(AbstractAutowireCapableBeanFactory.java:1783) ~[spring-beans-5.2.6.RELEASE.jar:5.2.6.RELEASE]
	at org.springframework.beans.factory.support.AbstractAutowireCapableBeanFactory.doCreateBean(AbstractAutowireCapableBeanFactory.java:595) ~[spring-beans-5.2.6.RELEASE.jar:5.2.6.RELEASE]
	at org.springframework.beans.factory.support.AbstractAutowireCapableBeanFactory.createBean(AbstractAutowireCapableBeanFactory.java:517) ~[spring-beans-5.2.6.RELEASE.jar:5.2.6.RELEASE]
	at org.springframework.beans.factory.support.AbstractBeanFactory.lambda$doGetBean$0(AbstractBeanFactory.java:323) ~[spring-beans-5.2.6.RELEASE.jar:5.2.6.RELEASE]
	at org.springframework.beans.factory.support.DefaultSingletonBeanRegistry.getSingleton(DefaultSingletonBeanRegistry.java:226) ~[spring-beans-5.2.6.RELEASE.jar:5.2.6.RELEASE]
	at org.springframework.beans.factory.support.AbstractBeanFactory.doGetBean(AbstractBeanFactory.java:321) ~[spring-beans-5.2.6.RELEASE.jar:5.2.6.RELEASE]
	at org.springframework.beans.factory.support.AbstractBeanFactory.getBean(AbstractBeanFactory.java:202) ~[spring-beans-5.2.6.RELEASE.jar:5.2.6.RELEASE]
	at org.springframework.beans.factory.config.DependencyDescriptor.resolveCandidate(DependencyDescriptor.java:276) ~[spring-beans-5.2.6.RELEASE.jar:5.2.6.RELEASE]
	at org.springframework.beans.factory.support.DefaultListableBeanFactory.doResolveDependency(DefaultListableBeanFactory.java:1306) ~[spring-beans-5.2.6.RELEASE.jar:5.2.6.RELEASE]
	at org.springframework.beans.factory.support.DefaultListableBeanFactory.resolveDependency(DefaultListableBeanFactory.java:1226) ~[spring-beans-5.2.6.RELEASE.jar:5.2.6.RELEASE]
	at org.springframework.beans.factory.support.ConstructorResolver.resolveAutowiredArgument(ConstructorResolver.java:885) ~[spring-beans-5.2.6.RELEASE.jar:5.2.6.RELEASE]
	at org.springframework.beans.factory.support.ConstructorResolver.createArgumentArray(ConstructorResolver.java:789) ~[spring-beans-5.2.6.RELEASE.jar:5.2.6.RELEASE]
	at org.springframework.beans.factory.support.ConstructorResolver.instantiateUsingFactoryMethod(ConstructorResolver.java:539) ~[spring-beans-5.2.6.RELEASE.jar:5.2.6.RELEASE]
	at org.springframework.beans.factory.support.AbstractAutowireCapableBeanFactory.instantiateUsingFactoryMethod(AbstractAutowireCapableBeanFactory.java:1338) ~[spring-beans-5.2.6.RELEASE.jar:5.2.6.RELEASE]
	at org.springframework.beans.factory.support.AbstractAutowireCapableBeanFactory.createBeanInstance(AbstractAutowireCapableBeanFactory.java:1177) ~[spring-beans-5.2.6.RELEASE.jar:5.2.6.RELEASE]
	at org.springframework.beans.factory.support.AbstractAutowireCapableBeanFactory.doCreateBean(AbstractAutowireCapableBeanFactory.java:557) ~[spring-beans-5.2.6.RELEASE.jar:5.2.6.RELEASE]
	at org.springframework.beans.factory.support.AbstractAutowireCapableBeanFactory.createBean(AbstractAutowireCapableBeanFactory.java:517) ~[spring-beans-5.2.6.RELEASE.jar:5.2.6.RELEASE]
	at org.springframework.beans.factory.support.AbstractBeanFactory.lambda$doGetBean$0(AbstractBeanFactory.java:323) ~[spring-beans-5.2.6.RELEASE.jar:5.2.6.RELEASE]
	at org.springframework.beans.factory.support.DefaultSingletonBeanRegistry.getSingleton(DefaultSingletonBeanRegistry.java:226) ~[spring-beans-5.2.6.RELEASE.jar:5.2.6.RELEASE]
	at org.springframework.beans.factory.support.AbstractBeanFactory.doGetBean(AbstractBeanFactory.java:321) ~[spring-beans-5.2.6.RELEASE.jar:5.2.6.RELEASE]
	at org.springframework.beans.factory.support.AbstractBeanFactory.getBean(AbstractBeanFactory.java:202) ~[spring-beans-5.2.6.RELEASE.jar:5.2.6.RELEASE]
	at org.springframework.beans.factory.config.DependencyDescriptor.resolveCandidate(DependencyDescriptor.java:276) ~[spring-beans-5.2.6.RELEASE.jar:5.2.6.RELEASE]
	at org.springframework.beans.factory.support.DefaultListableBeanFactory.addCandidateEntry(DefaultListableBeanFactory.java:1524) ~[spring-beans-5.2.6.RELEASE.jar:5.2.6.RELEASE]
	at org.springframework.beans.factory.support.DefaultListableBeanFactory.findAutowireCandidates(DefaultListableBeanFactory.java:1488) ~[spring-beans-5.2.6.RELEASE.jar:5.2.6.RELEASE]
	at org.springframework.beans.factory.support.DefaultListableBeanFactory.resolveMultipleBeans(DefaultListableBeanFactory.java:1377) ~[spring-beans-5.2.6.RELEASE.jar:5.2.6.RELEASE]
	at org.springframework.beans.factory.support.DefaultListableBeanFactory.doResolveDependency(DefaultListableBeanFactory.java:1264) ~[spring-beans-5.2.6.RELEASE.jar:5.2.6.RELEASE]
	at org.springframework.beans.factory.support.DefaultListableBeanFactory.resolveDependency(DefaultListableBeanFactory.java:1226) ~[spring-beans-5.2.6.RELEASE.jar:5.2.6.RELEASE]
	at org.springframework.beans.factory.annotation.AutowiredAnnotationBeanPostProcessor$AutowiredMethodElement.inject(AutowiredAnnotationBeanPostProcessor.java:715) ~[spring-beans-5.2.6.RELEASE.jar:5.2.6.RELEASE]
	at org.springframework.beans.factory.annotation.InjectionMetadata.inject(InjectionMetadata.java:130) ~[spring-beans-5.2.6.RELEASE.jar:5.2.6.RELEASE]
	at org.springframework.beans.factory.annotation.AutowiredAnnotationBeanPostProcessor.postProcessProperties(AutowiredAnnotationBeanPostProcessor.java:399) ~[spring-beans-5.2.6.RELEASE.jar:5.2.6.RELEASE]
	at org.springframework.beans.factory.support.AbstractAutowireCapableBeanFactory.populateBean(AbstractAutowireCapableBeanFactory.java:1422) ~[spring-beans-5.2.6.RELEASE.jar:5.2.6.RELEASE]
	at org.springframework.beans.factory.support.AbstractAutowireCapableBeanFactory.doCreateBean(AbstractAutowireCapableBeanFactory.java:594) ~[spring-beans-5.2.6.RELEASE.jar:5.2.6.RELEASE]
	at org.springframework.beans.factory.support.AbstractAutowireCapableBeanFactory.createBean(AbstractAutowireCapableBeanFactory.java:517) ~[spring-beans-5.2.6.RELEASE.jar:5.2.6.RELEASE]
	at org.springframework.beans.factory.support.AbstractBeanFactory.lambda$doGetBean$0(AbstractBeanFactory.java:323) ~[spring-beans-5.2.6.RELEASE.jar:5.2.6.RELEASE]
	at org.springframework.beans.factory.support.DefaultSingletonBeanRegistry.getSingleton(DefaultSingletonBeanRegistry.java:226) ~[spring-beans-5.2.6.RELEASE.jar:5.2.6.RELEASE]
	at org.springframework.beans.factory.support.AbstractBeanFactory.doGetBean(AbstractBeanFactory.java:321) ~[spring-beans-5.2.6.RELEASE.jar:5.2.6.RELEASE]
	at org.springframework.beans.factory.support.AbstractBeanFactory.getBean(AbstractBeanFactory.java:202) ~[spring-beans-5.2.6.RELEASE.jar:5.2.6.RELEASE]
	at org.springframework.beans.factory.support.ConstructorResolver.instantiateUsingFactoryMethod(ConstructorResolver.java:409) ~[spring-beans-5.2.6.RELEASE.jar:5.2.6.RELEASE]
	at org.springframework.beans.factory.support.AbstractAutowireCapableBeanFactory.instantiateUsingFactoryMethod(AbstractAutowireCapableBeanFactory.java:1338) ~[spring-beans-5.2.6.RELEASE.jar:5.2.6.RELEASE]
	at org.springframework.beans.factory.support.AbstractAutowireCapableBeanFactory.createBeanInstance(AbstractAutowireCapableBeanFactory.java:1177) ~[spring-beans-5.2.6.RELEASE.jar:5.2.6.RELEASE]
	at org.springframework.beans.factory.support.AbstractAutowireCapableBeanFactory.doCreateBean(AbstractAutowireCapableBeanFactory.java:557) ~[spring-beans-5.2.6.RELEASE.jar:5.2.6.RELEASE]
	at org.springframework.beans.factory.support.AbstractAutowireCapableBeanFactory.createBean(AbstractAutowireCapableBeanFactory.java:517) ~[spring-beans-5.2.6.RELEASE.jar:5.2.6.RELEASE]
	at org.springframework.beans.factory.support.AbstractBeanFactory.lambda$doGetBean$0(AbstractBeanFactory.java:323) ~[spring-beans-5.2.6.RELEASE.jar:5.2.6.RELEASE]
	at org.springframework.beans.factory.support.DefaultSingletonBeanRegistry.getSingleton(DefaultSingletonBeanRegistry.java:226) ~[spring-beans-5.2.6.RELEASE.jar:5.2.6.RELEASE]
	at org.springframework.beans.factory.support.AbstractBeanFactory.doGetBean(AbstractBeanFactory.java:321) ~[spring-beans-5.2.6.RELEASE.jar:5.2.6.RELEASE]
	at org.springframework.beans.factory.support.AbstractBeanFactory.getBean(AbstractBeanFactory.java:202) ~[spring-beans-5.2.6.RELEASE.jar:5.2.6.RELEASE]
	at org.springframework.beans.factory.config.DependencyDescriptor.resolveCandidate(DependencyDescriptor.java:276) ~[spring-beans-5.2.6.RELEASE.jar:5.2.6.RELEASE]
	at org.springframework.beans.factory.support.DefaultListableBeanFactory.doResolveDependency(DefaultListableBeanFactory.java:1306) ~[spring-beans-5.2.6.RELEASE.jar:5.2.6.RELEASE]
	at org.springframework.beans.factory.support.DefaultListableBeanFactory.resolveDependency(DefaultListableBeanFactory.java:1226) ~[spring-beans-5.2.6.RELEASE.jar:5.2.6.RELEASE]
	at org.springframework.beans.factory.annotation.AutowiredAnnotationBeanPostProcessor$AutowiredMethodElement.inject(AutowiredAnnotationBeanPostProcessor.java:715) ~[spring-beans-5.2.6.RELEASE.jar:5.2.6.RELEASE]
	at org.springframework.beans.factory.annotation.InjectionMetadata.inject(InjectionMetadata.java:130) ~[spring-beans-5.2.6.RELEASE.jar:5.2.6.RELEASE]
	at org.springframework.beans.factory.annotation.AutowiredAnnotationBeanPostProcessor.postProcessProperties(AutowiredAnnotationBeanPostProcessor.java:399) ~[spring-beans-5.2.6.RELEASE.jar:5.2.6.RELEASE]
	at org.springframework.beans.factory.support.AbstractAutowireCapableBeanFactory.populateBean(AbstractAutowireCapableBeanFactory.java:1422) ~[spring-beans-5.2.6.RELEASE.jar:5.2.6.RELEASE]
	at org.springframework.beans.factory.support.AbstractAutowireCapableBeanFactory.doCreateBean(AbstractAutowireCapableBeanFactory.java:594) ~[spring-beans-5.2.6.RELEASE.jar:5.2.6.RELEASE]
	at org.springframework.beans.factory.support.AbstractAutowireCapableBeanFactory.createBean(AbstractAutowireCapableBeanFactory.java:517) ~[spring-beans-5.2.6.RELEASE.jar:5.2.6.RELEASE]
	at org.springframework.beans.factory.support.AbstractBeanFactory.lambda$doGetBean$0(AbstractBeanFactory.java:323) ~[spring-beans-5.2.6.RELEASE.jar:5.2.6.RELEASE]
	at org.springframework.beans.factory.support.DefaultSingletonBeanRegistry.getSingleton(DefaultSingletonBeanRegistry.java:226) ~[spring-beans-5.2.6.RELEASE.jar:5.2.6.RELEASE]
	at org.springframework.beans.factory.support.AbstractBeanFactory.doGetBean(AbstractBeanFactory.java:321) ~[spring-beans-5.2.6.RELEASE.jar:5.2.6.RELEASE]
	at org.springframework.beans.factory.support.AbstractBeanFactory.getBean(AbstractBeanFactory.java:202) ~[spring-beans-5.2.6.RELEASE.jar:5.2.6.RELEASE]
	at org.springframework.beans.factory.support.ConstructorResolver.instantiateUsingFactoryMethod(ConstructorResolver.java:409) ~[spring-beans-5.2.6.RELEASE.jar:5.2.6.RELEASE]
	at org.springframework.beans.factory.support.AbstractAutowireCapableBeanFactory.instantiateUsingFactoryMethod(AbstractAutowireCapableBeanFactory.java:1338) ~[spring-beans-5.2.6.RELEASE.jar:5.2.6.RELEASE]
	at org.springframework.beans.factory.support.AbstractAutowireCapableBeanFactory.createBeanInstance(AbstractAutowireCapableBeanFactory.java:1177) ~[spring-beans-5.2.6.RELEASE.jar:5.2.6.RELEASE]
	at org.springframework.beans.factory.support.AbstractAutowireCapableBeanFactory.doCreateBean(AbstractAutowireCapableBeanFactory.java:557) ~[spring-beans-5.2.6.RELEASE.jar:5.2.6.RELEASE]
	at org.springframework.beans.factory.support.AbstractAutowireCapableBeanFactory.createBean(AbstractAutowireCapableBeanFactory.java:517) ~[spring-beans-5.2.6.RELEASE.jar:5.2.6.RELEASE]
	at org.springframework.beans.factory.support.AbstractBeanFactory.lambda$doGetBean$0(AbstractBeanFactory.java:323) ~[spring-beans-5.2.6.RELEASE.jar:5.2.6.RELEASE]
	at org.springframework.beans.factory.support.DefaultSingletonBeanRegistry.getSingleton(DefaultSingletonBeanRegistry.java:226) ~[spring-beans-5.2.6.RELEASE.jar:5.2.6.RELEASE]
	at org.springframework.beans.factory.support.AbstractBeanFactory.doGetBean(AbstractBeanFactory.java:321) ~[spring-beans-5.2.6.RELEASE.jar:5.2.6.RELEASE]
	at org.springframework.beans.factory.support.AbstractBeanFactory.getBean(AbstractBeanFactory.java:207) ~[spring-beans-5.2.6.RELEASE.jar:5.2.6.RELEASE]
	at org.springframework.boot.web.servlet.ServletContextInitializerBeans.getOrderedBeansOfType(ServletContextInitializerBeans.java:211) ~[spring-boot-2.3.0.RELEASE.jar:2.3.0.RELEASE]
	at org.springframework.boot.web.servlet.ServletContextInitializerBeans.getOrderedBeansOfType(ServletContextInitializerBeans.java:202) ~[spring-boot-2.3.0.RELEASE.jar:2.3.0.RELEASE]
	at org.springframework.boot.web.servlet.ServletContextInitializerBeans.addServletContextInitializerBeans(ServletContextInitializerBeans.java:96) ~[spring-boot-2.3.0.RELEASE.jar:2.3.0.RELEASE]
	at org.springframework.boot.web.servlet.ServletContextInitializerBeans.<init>(ServletContextInitializerBeans.java:85) ~[spring-boot-2.3.0.RELEASE.jar:2.3.0.RELEASE]
	at org.springframework.boot.web.servlet.context.ServletWebServerApplicationContext.getServletContextInitializerBeans(ServletWebServerApplicationContext.java:253) ~[spring-boot-2.3.0.RELEASE.jar:2.3.0.RELEASE]
	at org.springframework.boot.web.servlet.context.ServletWebServerApplicationContext.selfInitialize(ServletWebServerApplicationContext.java:227) ~[spring-boot-2.3.0.RELEASE.jar:2.3.0.RELEASE]
	at org.springframework.boot.web.embedded.tomcat.TomcatStarter.onStartup(TomcatStarter.java:53) ~[spring-boot-2.3.0.RELEASE.jar:2.3.0.RELEASE]
	at org.apache.catalina.core.StandardContext.startInternal(StandardContext.java:5136) ~[tomcat-embed-core-9.0.35.jar:9.0.35]
	at org.apache.catalina.util.LifecycleBase.start(LifecycleBase.java:183) ~[tomcat-embed-core-9.0.35.jar:9.0.35]
	at org.apache.catalina.core.ContainerBase$StartChild.call(ContainerBase.java:1384) ~[tomcat-embed-core-9.0.35.jar:9.0.35]
	at org.apache.catalina.core.ContainerBase$StartChild.call(ContainerBase.java:1374) ~[tomcat-embed-core-9.0.35.jar:9.0.35]
	at java.util.concurrent.FutureTask.run(FutureTask.java:264) ~[?:?]
	at org.apache.tomcat.util.threads.InlineExecutorService.execute(InlineExecutorService.java:75) ~[tomcat-embed-core-9.0.35.jar:9.0.35]
	at java.util.concurrent.AbstractExecutorService.submit(AbstractExecutorService.java:140) ~[?:?]
	at org.apache.catalina.core.ContainerBase.startInternal(ContainerBase.java:909) ~[tomcat-embed-core-9.0.35.jar:9.0.35]
	at org.apache.catalina.core.StandardHost.startInternal(StandardHost.java:841) ~[tomcat-embed-core-9.0.35.jar:9.0.35]
	at org.apache.catalina.util.LifecycleBase.start(LifecycleBase.java:183) ~[tomcat-embed-core-9.0.35.jar:9.0.35]
	at org.apache.catalina.core.ContainerBase$StartChild.call(ContainerBase.java:1384) ~[tomcat-embed-core-9.0.35.jar:9.0.35]
	at org.apache.catalina.core.ContainerBase$StartChild.call(ContainerBase.java:1374) ~[tomcat-embed-core-9.0.35.jar:9.0.35]
	at java.util.concurrent.FutureTask.run(FutureTask.java:264) ~[?:?]
	at org.apache.tomcat.util.threads.InlineExecutorService.execute(InlineExecutorService.java:75) ~[tomcat-embed-core-9.0.35.jar:9.0.35]
	at java.util.concurrent.AbstractExecutorService.submit(AbstractExecutorService.java:140) ~[?:?]
	at org.apache.catalina.core.ContainerBase.startInternal(ContainerBase.java:909) ~[tomcat-embed-core-9.0.35.jar:9.0.35]
	at org.apache.catalina.core.StandardEngine.startInternal(StandardEngine.java:262) ~[tomcat-embed-core-9.0.35.jar:9.0.35]
	at org.apache.catalina.util.LifecycleBase.start(LifecycleBase.java:183) ~[tomcat-embed-core-9.0.35.jar:9.0.35]
	at org.apache.catalina.core.StandardService.startInternal(StandardService.java:421) ~[tomcat-embed-core-9.0.35.jar:9.0.35]
	at org.apache.catalina.util.LifecycleBase.start(LifecycleBase.java:183) ~[tomcat-embed-core-9.0.35.jar:9.0.35]
	at org.apache.catalina.core.StandardServer.startInternal(StandardServer.java:930) ~[tomcat-embed-core-9.0.35.jar:9.0.35]
	at org.apache.catalina.util.LifecycleBase.start(LifecycleBase.java:183) ~[tomcat-embed-core-9.0.35.jar:9.0.35]
	at org.apache.catalina.startup.Tomcat.start(Tomcat.java:468) ~[tomcat-embed-core-9.0.35.jar:9.0.35]
	at org.springframework.boot.web.embedded.tomcat.TomcatWebServer.initialize(TomcatWebServer.java:123) ~[spring-boot-2.3.0.RELEASE.jar:2.3.0.RELEASE]
	at org.springframework.boot.web.embedded.tomcat.TomcatWebServer.<init>(TomcatWebServer.java:104) ~[spring-boot-2.3.0.RELEASE.jar:2.3.0.RELEASE]
	at org.springframework.boot.web.embedded.tomcat.TomcatServletWebServerFactory.getTomcatWebServer(TomcatServletWebServerFactory.java:437) ~[spring-boot-2.3.0.RELEASE.jar:2.3.0.RELEASE]
	at org.springframework.boot.web.embedded.tomcat.TomcatServletWebServerFactory.getWebServer(TomcatServletWebServerFactory.java:191) ~[spring-boot-2.3.0.RELEASE.jar:2.3.0.RELEASE]
	at org.springframework.boot.web.servlet.context.ServletWebServerApplicationContext.createWebServer(ServletWebServerApplicationContext.java:176) ~[spring-boot-2.3.0.RELEASE.jar:2.3.0.RELEASE]
	at org.springframework.boot.web.servlet.context.ServletWebServerApplicationContext.onRefresh(ServletWebServerApplicationContext.java:158) ~[spring-boot-2.3.0.RELEASE.jar:2.3.0.RELEASE]
	... 14 more
Caused by: liquibase.exception.LiquibaseException: liquibase.exception.MigrationFailedException: Migration failed for changeset liquibase/dev/20260330.xml::1774866976264-2::QUI (generated):
     Reason: liquibase.exception.DatabaseException: Table 'db_mgr_user' already exists [Failed SQL: (1050) CREATE TABLE account_managerment.db_mgr_user (id BIGINT NOT NULL, birthday date NULL, gender INT NULL, created_by VARCHAR(255) NOT NULL, created_date datetime NOT NULL, modified_by VARCHAR(255) NOT NULL, modified_date datetime NOT NULL, status INT NOT NULL, CONSTRAINT db_mgr_userPK PRIMARY KEY (id))]
	at liquibase.changelog.ChangeLogIterator.run(ChangeLogIterator.java:127) ~[liquibase-core-4.19.0.jar:?]
	at liquibase.Liquibase.lambda$null$0(Liquibase.java:291) ~[liquibase-core-4.19.0.jar:?]
	at liquibase.Scope.lambda$child$0(Scope.java:180) ~[liquibase-core-4.19.0.jar:?]
	at liquibase.Scope.child(Scope.java:189) ~[liquibase-core-4.19.0.jar:?]
	at liquibase.Scope.child(Scope.java:179) ~[liquibase-core-4.19.0.jar:?]
	at liquibase.Scope.child(Scope.java:158) ~[liquibase-core-4.19.0.jar:?]
	at liquibase.Scope.child(Scope.java:243) ~[liquibase-core-4.19.0.jar:?]
	at liquibase.Liquibase.lambda$update$1(Liquibase.java:290) ~[liquibase-core-4.19.0.jar:?]
	at liquibase.Scope.lambda$child$0(Scope.java:180) ~[liquibase-core-4.19.0.jar:?]
	at liquibase.Scope.child(Scope.java:189) ~[liquibase-core-4.19.0.jar:?]
	at liquibase.Scope.child(Scope.java:179) ~[liquibase-core-4.19.0.jar:?]
	at liquibase.Scope.child(Scope.java:158) ~[liquibase-core-4.19.0.jar:?]
	at liquibase.Liquibase.runInScope(Liquibase.java:2431) ~[liquibase-core-4.19.0.jar:?]
	at liquibase.Liquibase.update(Liquibase.java:237) ~[liquibase-core-4.19.0.jar:?]
	at liquibase.Liquibase.update(Liquibase.java:222) ~[liquibase-core-4.19.0.jar:?]
	at liquibase.integration.spring.SpringLiquibase.performUpdate(SpringLiquibase.java:328) ~[liquibase-core-4.19.0.jar:?]
	at liquibase.integration.spring.SpringLiquibase.afterPropertiesSet(SpringLiquibase.java:283) ~[liquibase-core-4.19.0.jar:?]
	at org.springframework.beans.factory.support.AbstractAutowireCapableBeanFactory.invokeInitMethods(AbstractAutowireCapableBeanFactory.java:1855) ~[spring-beans-5.2.6.RELEASE.jar:5.2.6.RELEASE]
	at org.springframework.beans.factory.support.AbstractAutowireCapableBeanFactory.initializeBean(AbstractAutowireCapableBeanFactory.java:1792) ~[spring-beans-5.2.6.RELEASE.jar:5.2.6.RELEASE]
	at org.springframework.beans.factory.support.AbstractAutowireCapableBeanFactory.doCreateBean(AbstractAutowireCapableBeanFactory.java:595) ~[spring-beans-5.2.6.RELEASE.jar:5.2.6.RELEASE]
	at org.springframework.beans.factory.support.AbstractAutowireCapableBeanFactory.createBean(AbstractAutowireCapableBeanFactory.java:517) ~[spring-beans-5.2.6.RELEASE.jar:5.2.6.RELEASE]
	at org.springframework.beans.factory.support.AbstractBeanFactory.lambda$doGetBean$0(AbstractBeanFactory.java:323) ~[spring-beans-5.2.6.RELEASE.jar:5.2.6.RELEASE]
	at org.springframework.beans.factory.support.DefaultSingletonBeanRegistry.getSingleton(DefaultSingletonBeanRegistry.java:226) ~[spring-beans-5.2.6.RELEASE.jar:5.2.6.RELEASE]
	at org.springframework.beans.factory.support.AbstractBeanFactory.doGetBean(AbstractBeanFactory.java:321) ~[spring-beans-5.2.6.RELEASE.jar:5.2.6.RELEASE]
	at org.springframework.beans.factory.support.AbstractBeanFactory.getBean(AbstractBeanFactory.java:202) ~[spring-beans-5.2.6.RELEASE.jar:5.2.6.RELEASE]
	at org.springframework.beans.factory.support.AbstractBeanFactory.doGetBean(AbstractBeanFactory.java:310) ~[spring-beans-5.2.6.RELEASE.jar:5.2.6.RELEASE]
	at org.springframework.beans.factory.support.AbstractBeanFactory.getBean(AbstractBeanFactory.java:227) ~[spring-beans-5.2.6.RELEASE.jar:5.2.6.RELEASE]
	at org.springframework.beans.factory.support.DefaultListableBeanFactory.resolveNamedBean(DefaultListableBeanFactory.java:1174) ~[spring-beans-5.2.6.RELEASE.jar:5.2.6.RELEASE]
	at org.springframework.beans.factory.support.DefaultListableBeanFactory.resolveBean(DefaultListableBeanFactory.java:422) ~[spring-beans-5.2.6.RELEASE.jar:5.2.6.RELEASE]
	at org.springframework.beans.factory.support.DefaultListableBeanFactory.getBean(DefaultListableBeanFactory.java:352) ~[spring-beans-5.2.6.RELEASE.jar:5.2.6.RELEASE]
	at org.springframework.beans.factory.support.DefaultListableBeanFactory.getBean(DefaultListableBeanFactory.java:345) ~[spring-beans-5.2.6.RELEASE.jar:5.2.6.RELEASE]
	at org.springframework.orm.jpa.EntityManagerFactoryUtils.findEntityManagerFactory(EntityManagerFactoryUtils.java:121) ~[spring-orm-5.2.6.RELEASE.jar:5.2.6.RELEASE]
	at org.springframework.orm.jpa.EntityManagerFactoryAccessor.setBeanFactory(EntityManagerFactoryAccessor.java:155) ~[spring-orm-5.2.6.RELEASE.jar:5.2.6.RELEASE]
	at org.springframework.beans.factory.support.AbstractAutowireCapableBeanFactory.invokeAwareMethods(AbstractAutowireCapableBeanFactory.java:1818) ~[spring-beans-5.2.6.RELEASE.jar:5.2.6.RELEASE]
	at org.springframework.beans.factory.support.AbstractAutowireCapableBeanFactory.initializeBean(AbstractAutowireCapableBeanFactory.java:1783) ~[spring-beans-5.2.6.RELEASE.jar:5.2.6.RELEASE]
	at org.springframework.beans.factory.support.AbstractAutowireCapableBeanFactory.doCreateBean(AbstractAutowireCapableBeanFactory.java:595) ~[spring-beans-5.2.6.RELEASE.jar:5.2.6.RELEASE]
	at org.springframework.beans.factory.support.AbstractAutowireCapableBeanFactory.createBean(AbstractAutowireCapableBeanFactory.java:517) ~[spring-beans-5.2.6.RELEASE.jar:5.2.6.RELEASE]
	at org.springframework.beans.factory.support.AbstractBeanFactory.lambda$doGetBean$0(AbstractBeanFactory.java:323) ~[spring-beans-5.2.6.RELEASE.jar:5.2.6.RELEASE]
	at org.springframework.beans.factory.support.DefaultSingletonBeanRegistry.getSingleton(DefaultSingletonBeanRegistry.java:226) ~[spring-beans-5.2.6.RELEASE.jar:5.2.6.RELEASE]
	at org.springframework.beans.factory.support.AbstractBeanFactory.doGetBean(AbstractBeanFactory.java:321) ~[spring-beans-5.2.6.RELEASE.jar:5.2.6.RELEASE]
	at org.springframework.beans.factory.support.AbstractBeanFactory.getBean(AbstractBeanFactory.java:202) ~[spring-beans-5.2.6.RELEASE.jar:5.2.6.RELEASE]
	at org.springframework.beans.factory.config.DependencyDescriptor.resolveCandidate(DependencyDescriptor.java:276) ~[spring-beans-5.2.6.RELEASE.jar:5.2.6.RELEASE]
	at org.springframework.beans.factory.support.DefaultListableBeanFactory.doResolveDependency(DefaultListableBeanFactory.java:1306) ~[spring-beans-5.2.6.RELEASE.jar:5.2.6.RELEASE]
	at org.springframework.beans.factory.support.DefaultListableBeanFactory.resolveDependency(DefaultListableBeanFactory.java:1226) ~[spring-beans-5.2.6.RELEASE.jar:5.2.6.RELEASE]
	at org.springframework.beans.factory.support.ConstructorResolver.resolveAutowiredArgument(ConstructorResolver.java:885) ~[spring-beans-5.2.6.RELEASE.jar:5.2.6.RELEASE]
	at org.springframework.beans.factory.support.ConstructorResolver.createArgumentArray(ConstructorResolver.java:789) ~[spring-beans-5.2.6.RELEASE.jar:5.2.6.RELEASE]
	at org.springframework.beans.factory.support.ConstructorResolver.instantiateUsingFactoryMethod(ConstructorResolver.java:539) ~[spring-beans-5.2.6.RELEASE.jar:5.2.6.RELEASE]
	at org.springframework.beans.factory.support.AbstractAutowireCapableBeanFactory.instantiateUsingFactoryMethod(AbstractAutowireCapableBeanFactory.java:1338) ~[spring-beans-5.2.6.RELEASE.jar:5.2.6.RELEASE]
	at org.springframework.beans.factory.support.AbstractAutowireCapableBeanFactory.createBeanInstance(AbstractAutowireCapableBeanFactory.java:1177) ~[spring-beans-5.2.6.RELEASE.jar:5.2.6.RELEASE]
	at org.springframework.beans.factory.support.AbstractAutowireCapableBeanFactory.doCreateBean(AbstractAutowireCapableBeanFactory.java:557) ~[spring-beans-5.2.6.RELEASE.jar:5.2.6.RELEASE]
	at org.springframework.beans.factory.support.AbstractAutowireCapableBeanFactory.createBean(AbstractAutowireCapableBeanFactory.java:517) ~[spring-beans-5.2.6.RELEASE.jar:5.2.6.RELEASE]
	at org.springframework.beans.factory.support.AbstractBeanFactory.lambda$doGetBean$0(AbstractBeanFactory.java:323) ~[spring-beans-5.2.6.RELEASE.jar:5.2.6.RELEASE]
	at org.springframework.beans.factory.support.DefaultSingletonBeanRegistry.getSingleton(DefaultSingletonBeanRegistry.java:226) ~[spring-beans-5.2.6.RELEASE.jar:5.2.6.RELEASE]
	at org.springframework.beans.factory.support.AbstractBeanFactory.doGetBean(AbstractBeanFactory.java:321) ~[spring-beans-5.2.6.RELEASE.jar:5.2.6.RELEASE]
	at org.springframework.beans.factory.support.AbstractBeanFactory.getBean(AbstractBeanFactory.java:202) ~[spring-beans-5.2.6.RELEASE.jar:5.2.6.RELEASE]
	at org.springframework.beans.factory.config.DependencyDescriptor.resolveCandidate(DependencyDescriptor.java:276) ~[spring-beans-5.2.6.RELEASE.jar:5.2.6.RELEASE]
	at org.springframework.beans.factory.support.DefaultListableBeanFactory.addCandidateEntry(DefaultListableBeanFactory.java:1524) ~[spring-beans-5.2.6.RELEASE.jar:5.2.6.RELEASE]
	at org.springframework.beans.factory.support.DefaultListableBeanFactory.findAutowireCandidates(DefaultListableBeanFactory.java:1488) ~[spring-beans-5.2.6.RELEASE.jar:5.2.6.RELEASE]
	at org.springframework.beans.factory.support.DefaultListableBeanFactory.resolveMultipleBeans(DefaultListableBeanFactory.java:1377) ~[spring-beans-5.2.6.RELEASE.jar:5.2.6.RELEASE]
	at org.springframework.beans.factory.support.DefaultListableBeanFactory.doResolveDependency(DefaultListableBeanFactory.java:1264) ~[spring-beans-5.2.6.RELEASE.jar:5.2.6.RELEASE]
	at org.springframework.beans.factory.support.DefaultListableBeanFactory.resolveDependency(DefaultListableBeanFactory.java:1226) ~[spring-beans-5.2.6.RELEASE.jar:5.2.6.RELEASE]
	at org.springframework.beans.factory.annotation.AutowiredAnnotationBeanPostProcessor$AutowiredMethodElement.inject(AutowiredAnnotationBeanPostProcessor.java:715) ~[spring-beans-5.2.6.RELEASE.jar:5.2.6.RELEASE]
	at org.springframework.beans.factory.annotation.InjectionMetadata.inject(InjectionMetadata.java:130) ~[spring-beans-5.2.6.RELEASE.jar:5.2.6.RELEASE]
	at org.springframework.beans.factory.annotation.AutowiredAnnotationBeanPostProcessor.postProcessProperties(AutowiredAnnotationBeanPostProcessor.java:399) ~[spring-beans-5.2.6.RELEASE.jar:5.2.6.RELEASE]
	at org.springframework.beans.factory.support.AbstractAutowireCapableBeanFactory.populateBean(AbstractAutowireCapableBeanFactory.java:1422) ~[spring-beans-5.2.6.RELEASE.jar:5.2.6.RELEASE]
	at org.springframework.beans.factory.support.AbstractAutowireCapableBeanFactory.doCreateBean(AbstractAutowireCapableBeanFactory.java:594) ~[spring-beans-5.2.6.RELEASE.jar:5.2.6.RELEASE]
	at org.springframework.beans.factory.support.AbstractAutowireCapableBeanFactory.createBean(AbstractAutowireCapableBeanFactory.java:517) ~[spring-beans-5.2.6.RELEASE.jar:5.2.6.RELEASE]
	at org.springframework.beans.factory.support.AbstractBeanFactory.lambda$doGetBean$0(AbstractBeanFactory.java:323) ~[spring-beans-5.2.6.RELEASE.jar:5.2.6.RELEASE]
	at org.springframework.beans.factory.support.DefaultSingletonBeanRegistry.getSingleton(DefaultSingletonBeanRegistry.java:226) ~[spring-beans-5.2.6.RELEASE.jar:5.2.6.RELEASE]
	at org.springframework.beans.factory.support.AbstractBeanFactory.doGetBean(AbstractBeanFactory.java:321) ~[spring-beans-5.2.6.RELEASE.jar:5.2.6.RELEASE]
	at org.springframework.beans.factory.support.AbstractBeanFactory.getBean(AbstractBeanFactory.java:202) ~[spring-beans-5.2.6.RELEASE.jar:5.2.6.RELEASE]
	at org.springframework.beans.factory.support.ConstructorResolver.instantiateUsingFactoryMethod(ConstructorResolver.java:409) ~[spring-beans-5.2.6.RELEASE.jar:5.2.6.RELEASE]
	at org.springframework.beans.factory.support.AbstractAutowireCapableBeanFactory.instantiateUsingFactoryMethod(AbstractAutowireCapableBeanFactory.java:1338) ~[spring-beans-5.2.6.RELEASE.jar:5.2.6.RELEASE]
	at org.springframework.beans.factory.support.AbstractAutowireCapableBeanFactory.createBeanInstance(AbstractAutowireCapableBeanFactory.java:1177) ~[spring-beans-5.2.6.RELEASE.jar:5.2.6.RELEASE]
	at org.springframework.beans.factory.support.AbstractAutowireCapableBeanFactory.doCreateBean(AbstractAutowireCapableBeanFactory.java:557) ~[spring-beans-5.2.6.RELEASE.jar:5.2.6.RELEASE]
	at org.springframework.beans.factory.support.AbstractAutowireCapableBeanFactory.createBean(AbstractAutowireCapableBeanFactory.java:517) ~[spring-beans-5.2.6.RELEASE.jar:5.2.6.RELEASE]
	at org.springframework.beans.factory.support.AbstractBeanFactory.lambda$doGetBean$0(AbstractBeanFactory.java:323) ~[spring-beans-5.2.6.RELEASE.jar:5.2.6.RELEASE]
	at org.springframework.beans.factory.support.DefaultSingletonBeanRegistry.getSingleton(DefaultSingletonBeanRegistry.java:226) ~[spring-beans-5.2.6.RELEASE.jar:5.2.6.RELEASE]
	at org.springframework.beans.factory.support.AbstractBeanFactory.doGetBean(AbstractBeanFactory.java:321) ~[spring-beans-5.2.6.RELEASE.jar:5.2.6.RELEASE]
	at org.springframework.beans.factory.support.AbstractBeanFactory.getBean(AbstractBeanFactory.java:202) ~[spring-beans-5.2.6.RELEASE.jar:5.2.6.RELEASE]
	at org.springframework.beans.factory.config.DependencyDescriptor.resolveCandidate(DependencyDescriptor.java:276) ~[spring-beans-5.2.6.RELEASE.jar:5.2.6.RELEASE]
	at org.springframework.beans.factory.support.DefaultListableBeanFactory.doResolveDependency(DefaultListableBeanFactory.java:1306) ~[spring-beans-5.2.6.RELEASE.jar:5.2.6.RELEASE]
	at org.springframework.beans.factory.support.DefaultListableBeanFactory.resolveDependency(DefaultListableBeanFactory.java:1226) ~[spring-beans-5.2.6.RELEASE.jar:5.2.6.RELEASE]
	at org.springframework.beans.factory.annotation.AutowiredAnnotationBeanPostProcessor$AutowiredMethodElement.inject(AutowiredAnnotationBeanPostProcessor.java:715) ~[spring-beans-5.2.6.RELEASE.jar:5.2.6.RELEASE]
	at org.springframework.beans.factory.annotation.InjectionMetadata.inject(InjectionMetadata.java:130) ~[spring-beans-5.2.6.RELEASE.jar:5.2.6.RELEASE]
	at org.springframework.beans.factory.annotation.AutowiredAnnotationBeanPostProcessor.postProcessProperties(AutowiredAnnotationBeanPostProcessor.java:399) ~[spring-beans-5.2.6.RELEASE.jar:5.2.6.RELEASE]
	at org.springframework.beans.factory.support.AbstractAutowireCapableBeanFactory.populateBean(AbstractAutowireCapableBeanFactory.java:1422) ~[spring-beans-5.2.6.RELEASE.jar:5.2.6.RELEASE]
	at org.springframework.beans.factory.support.AbstractAutowireCapableBeanFactory.doCreateBean(AbstractAutowireCapableBeanFactory.java:594) ~[spring-beans-5.2.6.RELEASE.jar:5.2.6.RELEASE]
	at org.springframework.beans.factory.support.AbstractAutowireCapableBeanFactory.createBean(AbstractAutowireCapableBeanFactory.java:517) ~[spring-beans-5.2.6.RELEASE.jar:5.2.6.RELEASE]
	at org.springframework.beans.factory.support.AbstractBeanFactory.lambda$doGetBean$0(AbstractBeanFactory.java:323) ~[spring-beans-5.2.6.RELEASE.jar:5.2.6.RELEASE]
	at org.springframework.beans.factory.support.DefaultSingletonBeanRegistry.getSingleton(DefaultSingletonBeanRegistry.java:226) ~[spring-beans-5.2.6.RELEASE.jar:5.2.6.RELEASE]
	at org.springframework.beans.factory.support.AbstractBeanFactory.doGetBean(AbstractBeanFactory.java:321) ~[spring-beans-5.2.6.RELEASE.jar:5.2.6.RELEASE]
	at org.springframework.beans.factory.support.AbstractBeanFactory.getBean(AbstractBeanFactory.java:202) ~[spring-beans-5.2.6.RELEASE.jar:5.2.6.RELEASE]
	at org.springframework.beans.factory.support.ConstructorResolver.instantiateUsingFactoryMethod(ConstructorResolver.java:409) ~[spring-beans-5.2.6.RELEASE.jar:5.2.6.RELEASE]
	at org.springframework.beans.factory.support.AbstractAutowireCapableBeanFactory.instantiateUsingFactoryMethod(AbstractAutowireCapableBeanFactory.java:1338) ~[spring-beans-5.2.6.RELEASE.jar:5.2.6.RELEASE]
	at org.springframework.beans.factory.support.AbstractAutowireCapableBeanFactory.createBeanInstance(AbstractAutowireCapableBeanFactory.java:1177) ~[spring-beans-5.2.6.RELEASE.jar:5.2.6.RELEASE]
	at org.springframework.beans.factory.support.AbstractAutowireCapableBeanFactory.doCreateBean(AbstractAutowireCapableBeanFactory.java:557) ~[spring-beans-5.2.6.RELEASE.jar:5.2.6.RELEASE]
	at org.springframework.beans.factory.support.AbstractAutowireCapableBeanFactory.createBean(AbstractAutowireCapableBeanFactory.java:517) ~[spring-beans-5.2.6.RELEASE.jar:5.2.6.RELEASE]
	at org.springframework.beans.factory.support.AbstractBeanFactory.lambda$doGetBean$0(AbstractBeanFactory.java:323) ~[spring-beans-5.2.6.RELEASE.jar:5.2.6.RELEASE]
	at org.springframework.beans.factory.support.DefaultSingletonBeanRegistry.getSingleton(DefaultSingletonBeanRegistry.java:226) ~[spring-beans-5.2.6.RELEASE.jar:5.2.6.RELEASE]
	at org.springframework.beans.factory.support.AbstractBeanFactory.doGetBean(AbstractBeanFactory.java:321) ~[spring-beans-5.2.6.RELEASE.jar:5.2.6.RELEASE]
	at org.springframework.beans.factory.support.AbstractBeanFactory.getBean(AbstractBeanFactory.java:207) ~[spring-beans-5.2.6.RELEASE.jar:5.2.6.RELEASE]
	at org.springframework.boot.web.servlet.ServletContextInitializerBeans.getOrderedBeansOfType(ServletContextInitializerBeans.java:211) ~[spring-boot-2.3.0.RELEASE.jar:2.3.0.RELEASE]
	at org.springframework.boot.web.servlet.ServletContextInitializerBeans.getOrderedBeansOfType(ServletContextInitializerBeans.java:202) ~[spring-boot-2.3.0.RELEASE.jar:2.3.0.RELEASE]
	at org.springframework.boot.web.servlet.ServletContextInitializerBeans.addServletContextInitializerBeans(ServletContextInitializerBeans.java:96) ~[spring-boot-2.3.0.RELEASE.jar:2.3.0.RELEASE]
	at org.springframework.boot.web.servlet.ServletContextInitializerBeans.<init>(ServletContextInitializerBeans.java:85) ~[spring-boot-2.3.0.RELEASE.jar:2.3.0.RELEASE]
	at org.springframework.boot.web.servlet.context.ServletWebServerApplicationContext.getServletContextInitializerBeans(ServletWebServerApplicationContext.java:253) ~[spring-boot-2.3.0.RELEASE.jar:2.3.0.RELEASE]
	at org.springframework.boot.web.servlet.context.ServletWebServerApplicationContext.selfInitialize(ServletWebServerApplicationContext.java:227) ~[spring-boot-2.3.0.RELEASE.jar:2.3.0.RELEASE]
	at org.springframework.boot.web.embedded.tomcat.TomcatStarter.onStartup(TomcatStarter.java:53) ~[spring-boot-2.3.0.RELEASE.jar:2.3.0.RELEASE]
	at org.apache.catalina.core.StandardContext.startInternal(StandardContext.java:5136) ~[tomcat-embed-core-9.0.35.jar:9.0.35]
	at org.apache.catalina.util.LifecycleBase.start(LifecycleBase.java:183) ~[tomcat-embed-core-9.0.35.jar:9.0.35]
	at org.apache.catalina.core.ContainerBase$StartChild.call(ContainerBase.java:1384) ~[tomcat-embed-core-9.0.35.jar:9.0.35]
	at org.apache.catalina.core.ContainerBase$StartChild.call(ContainerBase.java:1374) ~[tomcat-embed-core-9.0.35.jar:9.0.35]
	at java.util.concurrent.FutureTask.run(FutureTask.java:264) ~[?:?]
	at org.apache.tomcat.util.threads.InlineExecutorService.execute(InlineExecutorService.java:75) ~[tomcat-embed-core-9.0.35.jar:9.0.35]
	at java.util.concurrent.AbstractExecutorService.submit(AbstractExecutorService.java:140) ~[?:?]
	at org.apache.catalina.core.ContainerBase.startInternal(ContainerBase.java:909) ~[tomcat-embed-core-9.0.35.jar:9.0.35]
	at org.apache.catalina.core.StandardHost.startInternal(StandardHost.java:841) ~[tomcat-embed-core-9.0.35.jar:9.0.35]
	at org.apache.catalina.util.LifecycleBase.start(LifecycleBase.java:183) ~[tomcat-embed-core-9.0.35.jar:9.0.35]
	at org.apache.catalina.core.ContainerBase$StartChild.call(ContainerBase.java:1384) ~[tomcat-embed-core-9.0.35.jar:9.0.35]
	at org.apache.catalina.core.ContainerBase$StartChild.call(ContainerBase.java:1374) ~[tomcat-embed-core-9.0.35.jar:9.0.35]
	at java.util.concurrent.FutureTask.run(FutureTask.java:264) ~[?:?]
	at org.apache.tomcat.util.threads.InlineExecutorService.execute(InlineExecutorService.java:75) ~[tomcat-embed-core-9.0.35.jar:9.0.35]
	at java.util.concurrent.AbstractExecutorService.submit(AbstractExecutorService.java:140) ~[?:?]
	at org.apache.catalina.core.ContainerBase.startInternal(ContainerBase.java:909) ~[tomcat-embed-core-9.0.35.jar:9.0.35]
	at org.apache.catalina.core.StandardEngine.startInternal(StandardEngine.java:262) ~[tomcat-embed-core-9.0.35.jar:9.0.35]
	at org.apache.catalina.util.LifecycleBase.start(LifecycleBase.java:183) ~[tomcat-embed-core-9.0.35.jar:9.0.35]
	at org.apache.catalina.core.StandardService.startInternal(StandardService.java:421) ~[tomcat-embed-core-9.0.35.jar:9.0.35]
	at org.apache.catalina.util.LifecycleBase.start(LifecycleBase.java:183) ~[tomcat-embed-core-9.0.35.jar:9.0.35]
	at org.apache.catalina.core.StandardServer.startInternal(StandardServer.java:930) ~[tomcat-embed-core-9.0.35.jar:9.0.35]
	at org.apache.catalina.util.LifecycleBase.start(LifecycleBase.java:183) ~[tomcat-embed-core-9.0.35.jar:9.0.35]
	at org.apache.catalina.startup.Tomcat.start(Tomcat.java:468) ~[tomcat-embed-core-9.0.35.jar:9.0.35]
	at org.springframework.boot.web.embedded.tomcat.TomcatWebServer.initialize(TomcatWebServer.java:123) ~[spring-boot-2.3.0.RELEASE.jar:2.3.0.RELEASE]
	at org.springframework.boot.web.embedded.tomcat.TomcatWebServer.<init>(TomcatWebServer.java:104) ~[spring-boot-2.3.0.RELEASE.jar:2.3.0.RELEASE]
	at org.springframework.boot.web.embedded.tomcat.TomcatServletWebServerFactory.getTomcatWebServer(TomcatServletWebServerFactory.java:437) ~[spring-boot-2.3.0.RELEASE.jar:2.3.0.RELEASE]
	at org.springframework.boot.web.embedded.tomcat.TomcatServletWebServerFactory.getWebServer(TomcatServletWebServerFactory.java:191) ~[spring-boot-2.3.0.RELEASE.jar:2.3.0.RELEASE]
	at org.springframework.boot.web.servlet.context.ServletWebServerApplicationContext.createWebServer(ServletWebServerApplicationContext.java:176) ~[spring-boot-2.3.0.RELEASE.jar:2.3.0.RELEASE]
	at org.springframework.boot.web.servlet.context.ServletWebServerApplicationContext.onRefresh(ServletWebServerApplicationContext.java:158) ~[spring-boot-2.3.0.RELEASE.jar:2.3.0.RELEASE]
	... 14 more
Caused by: liquibase.exception.MigrationFailedException: Migration failed for changeset liquibase/dev/20260330.xml::1774866976264-2::QUI (generated):
     Reason: liquibase.exception.DatabaseException: Table 'db_mgr_user' already exists [Failed SQL: (1050) CREATE TABLE account_managerment.db_mgr_user (id BIGINT NOT NULL, birthday date NULL, gender INT NULL, created_by VARCHAR(255) NOT NULL, created_date datetime NOT NULL, modified_by VARCHAR(255) NOT NULL, modified_date datetime NOT NULL, status INT NOT NULL, CONSTRAINT db_mgr_userPK PRIMARY KEY (id))]
	at liquibase.changelog.ChangeSet.execute(ChangeSet.java:722) ~[liquibase-core-4.19.0.jar:?]
	at liquibase.changelog.visitor.UpdateVisitor.visit(UpdateVisitor.java:56) ~[liquibase-core-4.19.0.jar:?]
	at liquibase.changelog.ChangeLogIterator$2.lambda$null$0(ChangeLogIterator.java:114) ~[liquibase-core-4.19.0.jar:?]
	at liquibase.Scope.lambda$child$0(Scope.java:180) ~[liquibase-core-4.19.0.jar:?]
	at liquibase.Scope.child(Scope.java:189) ~[liquibase-core-4.19.0.jar:?]
	at liquibase.Scope.child(Scope.java:179) ~[liquibase-core-4.19.0.jar:?]
	at liquibase.Scope.child(Scope.java:158) ~[liquibase-core-4.19.0.jar:?]
	at liquibase.changelog.ChangeLogIterator$2.lambda$run$1(ChangeLogIterator.java:113) ~[liquibase-core-4.19.0.jar:?]
	at liquibase.Scope.lambda$child$0(Scope.java:180) ~[liquibase-core-4.19.0.jar:?]
	at liquibase.Scope.child(Scope.java:189) ~[liquibase-core-4.19.0.jar:?]
	at liquibase.Scope.child(Scope.java:179) ~[liquibase-core-4.19.0.jar:?]
	at liquibase.Scope.child(Scope.java:158) ~[liquibase-core-4.19.0.jar:?]
	at liquibase.Scope.child(Scope.java:243) ~[liquibase-core-4.19.0.jar:?]
	at liquibase.changelog.ChangeLogIterator$2.run(ChangeLogIterator.java:94) ~[liquibase-core-4.19.0.jar:?]
	at liquibase.Scope.lambda$child$0(Scope.java:180) ~[liquibase-core-4.19.0.jar:?]
	at liquibase.Scope.child(Scope.java:189) ~[liquibase-core-4.19.0.jar:?]
	at liquibase.Scope.child(Scope.java:179) ~[liquibase-core-4.19.0.jar:?]
	at liquibase.Scope.child(Scope.java:158) ~[liquibase-core-4.19.0.jar:?]
	at liquibase.Scope.child(Scope.java:243) ~[liquibase-core-4.19.0.jar:?]
	at liquibase.Scope.child(Scope.java:247) ~[liquibase-core-4.19.0.jar:?]
	at liquibase.changelog.ChangeLogIterator.run(ChangeLogIterator.java:66) ~[liquibase-core-4.19.0.jar:?]
	at liquibase.Liquibase.lambda$null$0(Liquibase.java:291) ~[liquibase-core-4.19.0.jar:?]
	at liquibase.Scope.lambda$child$0(Scope.java:180) ~[liquibase-core-4.19.0.jar:?]
	at liquibase.Scope.child(Scope.java:189) ~[liquibase-core-4.19.0.jar:?]
	at liquibase.Scope.child(Scope.java:179) ~[liquibase-core-4.19.0.jar:?]
	at liquibase.Scope.child(Scope.java:158) ~[liquibase-core-4.19.0.jar:?]
	at liquibase.Scope.child(Scope.java:243) ~[liquibase-core-4.19.0.jar:?]
	at liquibase.Liquibase.lambda$update$1(Liquibase.java:290) ~[liquibase-core-4.19.0.jar:?]
	at liquibase.Scope.lambda$child$0(Scope.java:180) ~[liquibase-core-4.19.0.jar:?]
	at liquibase.Scope.child(Scope.java:189) ~[liquibase-core-4.19.0.jar:?]
	at liquibase.Scope.child(Scope.java:179) ~[liquibase-core-4.19.0.jar:?]
	at liquibase.Scope.child(Scope.java:158) ~[liquibase-core-4.19.0.jar:?]
	at liquibase.Liquibase.runInScope(Liquibase.java:2431) ~[liquibase-core-4.19.0.jar:?]
	at liquibase.Liquibase.update(Liquibase.java:237) ~[liquibase-core-4.19.0.jar:?]
	at liquibase.Liquibase.update(Liquibase.java:222) ~[liquibase-core-4.19.0.jar:?]
	at liquibase.integration.spring.SpringLiquibase.performUpdate(SpringLiquibase.java:328) ~[liquibase-core-4.19.0.jar:?]
	at liquibase.integration.spring.SpringLiquibase.afterPropertiesSet(SpringLiquibase.java:283) ~[liquibase-core-4.19.0.jar:?]
	at org.springframework.beans.factory.support.AbstractAutowireCapableBeanFactory.invokeInitMethods(AbstractAutowireCapableBeanFactory.java:1855) ~[spring-beans-5.2.6.RELEASE.jar:5.2.6.RELEASE]
	at org.springframework.beans.factory.support.AbstractAutowireCapableBeanFactory.initializeBean(AbstractAutowireCapableBeanFactory.java:1792) ~[spring-beans-5.2.6.RELEASE.jar:5.2.6.RELEASE]
	at org.springframework.beans.factory.support.AbstractAutowireCapableBeanFactory.doCreateBean(AbstractAutowireCapableBeanFactory.java:595) ~[spring-beans-5.2.6.RELEASE.jar:5.2.6.RELEASE]
	at org.springframework.beans.factory.support.AbstractAutowireCapableBeanFactory.createBean(AbstractAutowireCapableBeanFactory.java:517) ~[spring-beans-5.2.6.RELEASE.jar:5.2.6.RELEASE]
	at org.springframework.beans.factory.support.AbstractBeanFactory.lambda$doGetBean$0(AbstractBeanFactory.java:323) ~[spring-beans-5.2.6.RELEASE.jar:5.2.6.RELEASE]
	at org.springframework.beans.factory.support.DefaultSingletonBeanRegistry.getSingleton(DefaultSingletonBeanRegistry.java:226) ~[spring-beans-5.2.6.RELEASE.jar:5.2.6.RELEASE]
	at org.springframework.beans.factory.support.AbstractBeanFactory.doGetBean(AbstractBeanFactory.java:321) ~[spring-beans-5.2.6.RELEASE.jar:5.2.6.RELEASE]
	at org.springframework.beans.factory.support.AbstractBeanFactory.getBean(AbstractBeanFactory.java:202) ~[spring-beans-5.2.6.RELEASE.jar:5.2.6.RELEASE]
	at org.springframework.beans.factory.support.AbstractBeanFactory.doGetBean(AbstractBeanFactory.java:310) ~[spring-beans-5.2.6.RELEASE.jar:5.2.6.RELEASE]
	at org.springframework.beans.factory.support.AbstractBeanFactory.getBean(AbstractBeanFactory.java:227) ~[spring-beans-5.2.6.RELEASE.jar:5.2.6.RELEASE]
	at org.springframework.beans.factory.support.DefaultListableBeanFactory.resolveNamedBean(DefaultListableBeanFactory.java:1174) ~[spring-beans-5.2.6.RELEASE.jar:5.2.6.RELEASE]
	at org.springframework.beans.factory.support.DefaultListableBeanFactory.resolveBean(DefaultListableBeanFactory.java:422) ~[spring-beans-5.2.6.RELEASE.jar:5.2.6.RELEASE]
	at org.springframework.beans.factory.support.DefaultListableBeanFactory.getBean(DefaultListableBeanFactory.java:352) ~[spring-beans-5.2.6.RELEASE.jar:5.2.6.RELEASE]
	at org.springframework.beans.factory.support.DefaultListableBeanFactory.getBean(DefaultListableBeanFactory.java:345) ~[spring-beans-5.2.6.RELEASE.jar:5.2.6.RELEASE]
	at org.springframework.orm.jpa.EntityManagerFactoryUtils.findEntityManagerFactory(EntityManagerFactoryUtils.java:121) ~[spring-orm-5.2.6.RELEASE.jar:5.2.6.RELEASE]
	at org.springframework.orm.jpa.EntityManagerFactoryAccessor.setBeanFactory(EntityManagerFactoryAccessor.java:155) ~[spring-orm-5.2.6.RELEASE.jar:5.2.6.RELEASE]
	at org.springframework.beans.factory.support.AbstractAutowireCapableBeanFactory.invokeAwareMethods(AbstractAutowireCapableBeanFactory.java:1818) ~[spring-beans-5.2.6.RELEASE.jar:5.2.6.RELEASE]
	at org.springframework.beans.factory.support.AbstractAutowireCapableBeanFactory.initializeBean(AbstractAutowireCapableBeanFactory.java:1783) ~[spring-beans-5.2.6.RELEASE.jar:5.2.6.RELEASE]
	at org.springframework.beans.factory.support.AbstractAutowireCapableBeanFactory.doCreateBean(AbstractAutowireCapableBeanFactory.java:595) ~[spring-beans-5.2.6.RELEASE.jar:5.2.6.RELEASE]
	at org.springframework.beans.factory.support.AbstractAutowireCapableBeanFactory.createBean(AbstractAutowireCapableBeanFactory.java:517) ~[spring-beans-5.2.6.RELEASE.jar:5.2.6.RELEASE]
	at org.springframework.beans.factory.support.AbstractBeanFactory.lambda$doGetBean$0(AbstractBeanFactory.java:323) ~[spring-beans-5.2.6.RELEASE.jar:5.2.6.RELEASE]
	at org.springframework.beans.factory.support.DefaultSingletonBeanRegistry.getSingleton(DefaultSingletonBeanRegistry.java:226) ~[spring-beans-5.2.6.RELEASE.jar:5.2.6.RELEASE]
	at org.springframework.beans.factory.support.AbstractBeanFactory.doGetBean(AbstractBeanFactory.java:321) ~[spring-beans-5.2.6.RELEASE.jar:5.2.6.RELEASE]
	at org.springframework.beans.factory.support.AbstractBeanFactory.getBean(AbstractBeanFactory.java:202) ~[spring-beans-5.2.6.RELEASE.jar:5.2.6.RELEASE]
	at org.springframework.beans.factory.config.DependencyDescriptor.resolveCandidate(DependencyDescriptor.java:276) ~[spring-beans-5.2.6.RELEASE.jar:5.2.6.RELEASE]
	at org.springframework.beans.factory.support.DefaultListableBeanFactory.doResolveDependency(DefaultListableBeanFactory.java:1306) ~[spring-beans-5.2.6.RELEASE.jar:5.2.6.RELEASE]
	at org.springframework.beans.factory.support.DefaultListableBeanFactory.resolveDependency(DefaultListableBeanFactory.java:1226) ~[spring-beans-5.2.6.RELEASE.jar:5.2.6.RELEASE]
	at org.springframework.beans.factory.support.ConstructorResolver.resolveAutowiredArgument(ConstructorResolver.java:885) ~[spring-beans-5.2.6.RELEASE.jar:5.2.6.RELEASE]
	at org.springframework.beans.factory.support.ConstructorResolver.createArgumentArray(ConstructorResolver.java:789) ~[spring-beans-5.2.6.RELEASE.jar:5.2.6.RELEASE]
	at org.springframework.beans.factory.support.ConstructorResolver.instantiateUsingFactoryMethod(ConstructorResolver.java:539) ~[spring-beans-5.2.6.RELEASE.jar:5.2.6.RELEASE]
	at org.springframework.beans.factory.support.AbstractAutowireCapableBeanFactory.instantiateUsingFactoryMethod(AbstractAutowireCapableBeanFactory.java:1338) ~[spring-beans-5.2.6.RELEASE.jar:5.2.6.RELEASE]
	at org.springframework.beans.factory.support.AbstractAutowireCapableBeanFactory.createBeanInstance(AbstractAutowireCapableBeanFactory.java:1177) ~[spring-beans-5.2.6.RELEASE.jar:5.2.6.RELEASE]
	at org.springframework.beans.factory.support.AbstractAutowireCapableBeanFactory.doCreateBean(AbstractAutowireCapableBeanFactory.java:557) ~[spring-beans-5.2.6.RELEASE.jar:5.2.6.RELEASE]
	at org.springframework.beans.factory.support.AbstractAutowireCapableBeanFactory.createBean(AbstractAutowireCapableBeanFactory.java:517) ~[spring-beans-5.2.6.RELEASE.jar:5.2.6.RELEASE]
	at org.springframework.beans.factory.support.AbstractBeanFactory.lambda$doGetBean$0(AbstractBeanFactory.java:323) ~[spring-beans-5.2.6.RELEASE.jar:5.2.6.RELEASE]
	at org.springframework.beans.factory.support.DefaultSingletonBeanRegistry.getSingleton(DefaultSingletonBeanRegistry.java:226) ~[spring-beans-5.2.6.RELEASE.jar:5.2.6.RELEASE]
	at org.springframework.beans.factory.support.AbstractBeanFactory.doGetBean(AbstractBeanFactory.java:321) ~[spring-beans-5.2.6.RELEASE.jar:5.2.6.RELEASE]
	at org.springframework.beans.factory.support.AbstractBeanFactory.getBean(AbstractBeanFactory.java:202) ~[spring-beans-5.2.6.RELEASE.jar:5.2.6.RELEASE]
	at org.springframework.beans.factory.config.DependencyDescriptor.resolveCandidate(DependencyDescriptor.java:276) ~[spring-beans-5.2.6.RELEASE.jar:5.2.6.RELEASE]
	at org.springframework.beans.factory.support.DefaultListableBeanFactory.addCandidateEntry(DefaultListableBeanFactory.java:1524) ~[spring-beans-5.2.6.RELEASE.jar:5.2.6.RELEASE]
	at org.springframework.beans.factory.support.DefaultListableBeanFactory.findAutowireCandidates(DefaultListableBeanFactory.java:1488) ~[spring-beans-5.2.6.RELEASE.jar:5.2.6.RELEASE]
	at org.springframework.beans.factory.support.DefaultListableBeanFactory.resolveMultipleBeans(DefaultListableBeanFactory.java:1377) ~[spring-beans-5.2.6.RELEASE.jar:5.2.6.RELEASE]
	at org.springframework.beans.factory.support.DefaultListableBeanFactory.doResolveDependency(DefaultListableBeanFactory.java:1264) ~[spring-beans-5.2.6.RELEASE.jar:5.2.6.RELEASE]
	at org.springframework.beans.factory.support.DefaultListableBeanFactory.resolveDependency(DefaultListableBeanFactory.java:1226) ~[spring-beans-5.2.6.RELEASE.jar:5.2.6.RELEASE]
	at org.springframework.beans.factory.annotation.AutowiredAnnotationBeanPostProcessor$AutowiredMethodElement.inject(AutowiredAnnotationBeanPostProcessor.java:715) ~[spring-beans-5.2.6.RELEASE.jar:5.2.6.RELEASE]
	at org.springframework.beans.factory.annotation.InjectionMetadata.inject(InjectionMetadata.java:130) ~[spring-beans-5.2.6.RELEASE.jar:5.2.6.RELEASE]
	at org.springframework.beans.factory.annotation.AutowiredAnnotationBeanPostProcessor.postProcessProperties(AutowiredAnnotationBeanPostProcessor.java:399) ~[spring-beans-5.2.6.RELEASE.jar:5.2.6.RELEASE]
	at org.springframework.beans.factory.support.AbstractAutowireCapableBeanFactory.populateBean(AbstractAutowireCapableBeanFactory.java:1422) ~[spring-beans-5.2.6.RELEASE.jar:5.2.6.RELEASE]
	at org.springframework.beans.factory.support.AbstractAutowireCapableBeanFactory.doCreateBean(AbstractAutowireCapableBeanFactory.java:594) ~[spring-beans-5.2.6.RELEASE.jar:5.2.6.RELEASE]
	at org.springframework.beans.factory.support.AbstractAutowireCapableBeanFactory.createBean(AbstractAutowireCapableBeanFactory.java:517) ~[spring-beans-5.2.6.RELEASE.jar:5.2.6.RELEASE]
	at org.springframework.beans.factory.support.AbstractBeanFactory.lambda$doGetBean$0(AbstractBeanFactory.java:323) ~[spring-beans-5.2.6.RELEASE.jar:5.2.6.RELEASE]
	at org.springframework.beans.factory.support.DefaultSingletonBeanRegistry.getSingleton(DefaultSingletonBeanRegistry.java:226) ~[spring-beans-5.2.6.RELEASE.jar:5.2.6.RELEASE]
	at org.springframework.beans.factory.support.AbstractBeanFactory.doGetBean(AbstractBeanFactory.java:321) ~[spring-beans-5.2.6.RELEASE.jar:5.2.6.RELEASE]
	at org.springframework.beans.factory.support.AbstractBeanFactory.getBean(AbstractBeanFactory.java:202) ~[spring-beans-5.2.6.RELEASE.jar:5.2.6.RELEASE]
	at org.springframework.beans.factory.support.ConstructorResolver.instantiateUsingFactoryMethod(ConstructorResolver.java:409) ~[spring-beans-5.2.6.RELEASE.jar:5.2.6.RELEASE]
	at org.springframework.beans.factory.support.AbstractAutowireCapableBeanFactory.instantiateUsingFactoryMethod(AbstractAutowireCapableBeanFactory.java:1338) ~[spring-beans-5.2.6.RELEASE.jar:5.2.6.RELEASE]
	at org.springframework.beans.factory.support.AbstractAutowireCapableBeanFactory.createBeanInstance(AbstractAutowireCapableBeanFactory.java:1177) ~[spring-beans-5.2.6.RELEASE.jar:5.2.6.RELEASE]
	at org.springframework.beans.factory.support.AbstractAutowireCapableBeanFactory.doCreateBean(AbstractAutowireCapableBeanFactory.java:557) ~[spring-beans-5.2.6.RELEASE.jar:5.2.6.RELEASE]
	at org.springframework.beans.factory.support.AbstractAutowireCapableBeanFactory.createBean(AbstractAutowireCapableBeanFactory.java:517) ~[spring-beans-5.2.6.RELEASE.jar:5.2.6.RELEASE]
	at org.springframework.beans.factory.support.AbstractBeanFactory.lambda$doGetBean$0(AbstractBeanFactory.java:323) ~[spring-beans-5.2.6.RELEASE.jar:5.2.6.RELEASE]
	at org.springframework.beans.factory.support.DefaultSingletonBeanRegistry.getSingleton(DefaultSingletonBeanRegistry.java:226) ~[spring-beans-5.2.6.RELEASE.jar:5.2.6.RELEASE]
	at org.springframework.beans.factory.support.AbstractBeanFactory.doGetBean(AbstractBeanFactory.java:321) ~[spring-beans-5.2.6.RELEASE.jar:5.2.6.RELEASE]
	at org.springframework.beans.factory.support.AbstractBeanFactory.getBean(AbstractBeanFactory.java:202) ~[spring-beans-5.2.6.RELEASE.jar:5.2.6.RELEASE]
	at org.springframework.beans.factory.config.DependencyDescriptor.resolveCandidate(DependencyDescriptor.java:276) ~[spring-beans-5.2.6.RELEASE.jar:5.2.6.RELEASE]
	at org.springframework.beans.factory.support.DefaultListableBeanFactory.doResolveDependency(DefaultListableBeanFactory.java:1306) ~[spring-beans-5.2.6.RELEASE.jar:5.2.6.RELEASE]
	at org.springframework.beans.factory.support.DefaultListableBeanFactory.resolveDependency(DefaultListableBeanFactory.java:1226) ~[spring-beans-5.2.6.RELEASE.jar:5.2.6.RELEASE]
	at org.springframework.beans.factory.annotation.AutowiredAnnotationBeanPostProcessor$AutowiredMethodElement.inject(AutowiredAnnotationBeanPostProcessor.java:715) ~[spring-beans-5.2.6.RELEASE.jar:5.2.6.RELEASE]
	at org.springframework.beans.factory.annotation.InjectionMetadata.inject(InjectionMetadata.java:130) ~[spring-beans-5.2.6.RELEASE.jar:5.2.6.RELEASE]
	at org.springframework.beans.factory.annotation.AutowiredAnnotationBeanPostProcessor.postProcessProperties(AutowiredAnnotationBeanPostProcessor.java:399) ~[spring-beans-5.2.6.RELEASE.jar:5.2.6.RELEASE]
	at org.springframework.beans.factory.support.AbstractAutowireCapableBeanFactory.populateBean(AbstractAutowireCapableBeanFactory.java:1422) ~[spring-beans-5.2.6.RELEASE.jar:5.2.6.RELEASE]
	at org.springframework.beans.factory.support.AbstractAutowireCapableBeanFactory.doCreateBean(AbstractAutowireCapableBeanFactory.java:594) ~[spring-beans-5.2.6.RELEASE.jar:5.2.6.RELEASE]
	at org.springframework.beans.factory.support.AbstractAutowireCapableBeanFactory.createBean(AbstractAutowireCapableBeanFactory.java:517) ~[spring-beans-5.2.6.RELEASE.jar:5.2.6.RELEASE]
	at org.springframework.beans.factory.support.AbstractBeanFactory.lambda$doGetBean$0(AbstractBeanFactory.java:323) ~[spring-beans-5.2.6.RELEASE.jar:5.2.6.RELEASE]
	at org.springframework.beans.factory.support.DefaultSingletonBeanRegistry.getSingleton(DefaultSingletonBeanRegistry.java:226) ~[spring-beans-5.2.6.RELEASE.jar:5.2.6.RELEASE]
	at org.springframework.beans.factory.support.AbstractBeanFactory.doGetBean(AbstractBeanFactory.java:321) ~[spring-beans-5.2.6.RELEASE.jar:5.2.6.RELEASE]
	at org.springframework.beans.factory.support.AbstractBeanFactory.getBean(AbstractBeanFactory.java:202) ~[spring-beans-5.2.6.RELEASE.jar:5.2.6.RELEASE]
	at org.springframework.beans.factory.support.ConstructorResolver.instantiateUsingFactoryMethod(ConstructorResolver.java:409) ~[spring-beans-5.2.6.RELEASE.jar:5.2.6.RELEASE]
	at org.springframework.beans.factory.support.AbstractAutowireCapableBeanFactory.instantiateUsingFactoryMethod(AbstractAutowireCapableBeanFactory.java:1338) ~[spring-beans-5.2.6.RELEASE.jar:5.2.6.RELEASE]
	at org.springframework.beans.factory.support.AbstractAutowireCapableBeanFactory.createBeanInstance(AbstractAutowireCapableBeanFactory.java:1177) ~[spring-beans-5.2.6.RELEASE.jar:5.2.6.RELEASE]
	at org.springframework.beans.factory.support.AbstractAutowireCapableBeanFactory.doCreateBean(AbstractAutowireCapableBeanFactory.java:557) ~[spring-beans-5.2.6.RELEASE.jar:5.2.6.RELEASE]
	at org.springframework.beans.factory.support.AbstractAutowireCapableBeanFactory.createBean(AbstractAutowireCapableBeanFactory.java:517) ~[spring-beans-5.2.6.RELEASE.jar:5.2.6.RELEASE]
	at org.springframework.beans.factory.support.AbstractBeanFactory.lambda$doGetBean$0(AbstractBeanFactory.java:323) ~[spring-beans-5.2.6.RELEASE.jar:5.2.6.RELEASE]
	at org.springframework.beans.factory.support.DefaultSingletonBeanRegistry.getSingleton(DefaultSingletonBeanRegistry.java:226) ~[spring-beans-5.2.6.RELEASE.jar:5.2.6.RELEASE]
	at org.springframework.beans.factory.support.AbstractBeanFactory.doGetBean(AbstractBeanFactory.java:321) ~[spring-beans-5.2.6.RELEASE.jar:5.2.6.RELEASE]
	at org.springframework.beans.factory.support.AbstractBeanFactory.getBean(AbstractBeanFactory.java:207) ~[spring-beans-5.2.6.RELEASE.jar:5.2.6.RELEASE]
	at org.springframework.boot.web.servlet.ServletContextInitializerBeans.getOrderedBeansOfType(ServletContextInitializerBeans.java:211) ~[spring-boot-2.3.0.RELEASE.jar:2.3.0.RELEASE]
	at org.springframework.boot.web.servlet.ServletContextInitializerBeans.getOrderedBeansOfType(ServletContextInitializerBeans.java:202) ~[spring-boot-2.3.0.RELEASE.jar:2.3.0.RELEASE]
	at org.springframework.boot.web.servlet.ServletContextInitializerBeans.addServletContextInitializerBeans(ServletContextInitializerBeans.java:96) ~[spring-boot-2.3.0.RELEASE.jar:2.3.0.RELEASE]
	at org.springframework.boot.web.servlet.ServletContextInitializerBeans.<init>(ServletContextInitializerBeans.java:85) ~[spring-boot-2.3.0.RELEASE.jar:2.3.0.RELEASE]
	at org.springframework.boot.web.servlet.context.ServletWebServerApplicationContext.getServletContextInitializerBeans(ServletWebServerApplicationContext.java:253) ~[spring-boot-2.3.0.RELEASE.jar:2.3.0.RELEASE]
	at org.springframework.boot.web.servlet.context.ServletWebServerApplicationContext.selfInitialize(ServletWebServerApplicationContext.java:227) ~[spring-boot-2.3.0.RELEASE.jar:2.3.0.RELEASE]
	at org.springframework.boot.web.embedded.tomcat.TomcatStarter.onStartup(TomcatStarter.java:53) ~[spring-boot-2.3.0.RELEASE.jar:2.3.0.RELEASE]
	at org.apache.catalina.core.StandardContext.startInternal(StandardContext.java:5136) ~[tomcat-embed-core-9.0.35.jar:9.0.35]
	at org.apache.catalina.util.LifecycleBase.start(LifecycleBase.java:183) ~[tomcat-embed-core-9.0.35.jar:9.0.35]
	at org.apache.catalina.core.ContainerBase$StartChild.call(ContainerBase.java:1384) ~[tomcat-embed-core-9.0.35.jar:9.0.35]
	at org.apache.catalina.core.ContainerBase$StartChild.call(ContainerBase.java:1374) ~[tomcat-embed-core-9.0.35.jar:9.0.35]
	at java.util.concurrent.FutureTask.run(FutureTask.java:264) ~[?:?]
	at org.apache.tomcat.util.threads.InlineExecutorService.execute(InlineExecutorService.java:75) ~[tomcat-embed-core-9.0.35.jar:9.0.35]
	at java.util.concurrent.AbstractExecutorService.submit(AbstractExecutorService.java:140) ~[?:?]
	at org.apache.catalina.core.ContainerBase.startInternal(ContainerBase.java:909) ~[tomcat-embed-core-9.0.35.jar:9.0.35]
	at org.apache.catalina.core.StandardHost.startInternal(StandardHost.java:841) ~[tomcat-embed-core-9.0.35.jar:9.0.35]
	at org.apache.catalina.util.LifecycleBase.start(LifecycleBase.java:183) ~[tomcat-embed-core-9.0.35.jar:9.0.35]
	at org.apache.catalina.core.ContainerBase$StartChild.call(ContainerBase.java:1384) ~[tomcat-embed-core-9.0.35.jar:9.0.35]
	at org.apache.catalina.core.ContainerBase$StartChild.call(ContainerBase.java:1374) ~[tomcat-embed-core-9.0.35.jar:9.0.35]
	at java.util.concurrent.FutureTask.run(FutureTask.java:264) ~[?:?]
	at org.apache.tomcat.util.threads.InlineExecutorService.execute(InlineExecutorService.java:75) ~[tomcat-embed-core-9.0.35.jar:9.0.35]
	at java.util.concurrent.AbstractExecutorService.submit(AbstractExecutorService.java:140) ~[?:?]
	at org.apache.catalina.core.ContainerBase.startInternal(ContainerBase.java:909) ~[tomcat-embed-core-9.0.35.jar:9.0.35]
	at org.apache.catalina.core.StandardEngine.startInternal(StandardEngine.java:262) ~[tomcat-embed-core-9.0.35.jar:9.0.35]
	at org.apache.catalina.util.LifecycleBase.start(LifecycleBase.java:183) ~[tomcat-embed-core-9.0.35.jar:9.0.35]
	at org.apache.catalina.core.StandardService.startInternal(StandardService.java:421) ~[tomcat-embed-core-9.0.35.jar:9.0.35]
	at org.apache.catalina.util.LifecycleBase.start(LifecycleBase.java:183) ~[tomcat-embed-core-9.0.35.jar:9.0.35]
	at org.apache.catalina.core.StandardServer.startInternal(StandardServer.java:930) ~[tomcat-embed-core-9.0.35.jar:9.0.35]
	at org.apache.catalina.util.LifecycleBase.start(LifecycleBase.java:183) ~[tomcat-embed-core-9.0.35.jar:9.0.35]
	at org.apache.catalina.startup.Tomcat.start(Tomcat.java:468) ~[tomcat-embed-core-9.0.35.jar:9.0.35]
	at org.springframework.boot.web.embedded.tomcat.TomcatWebServer.initialize(TomcatWebServer.java:123) ~[spring-boot-2.3.0.RELEASE.jar:2.3.0.RELEASE]
	at org.springframework.boot.web.embedded.tomcat.TomcatWebServer.<init>(TomcatWebServer.java:104) ~[spring-boot-2.3.0.RELEASE.jar:2.3.0.RELEASE]
	at org.springframework.boot.web.embedded.tomcat.TomcatServletWebServerFactory.getTomcatWebServer(TomcatServletWebServerFactory.java:437) ~[spring-boot-2.3.0.RELEASE.jar:2.3.0.RELEASE]
	at org.springframework.boot.web.embedded.tomcat.TomcatServletWebServerFactory.getWebServer(TomcatServletWebServerFactory.java:191) ~[spring-boot-2.3.0.RELEASE.jar:2.3.0.RELEASE]
	at org.springframework.boot.web.servlet.context.ServletWebServerApplicationContext.createWebServer(ServletWebServerApplicationContext.java:176) ~[spring-boot-2.3.0.RELEASE.jar:2.3.0.RELEASE]
	at org.springframework.boot.web.servlet.context.ServletWebServerApplicationContext.onRefresh(ServletWebServerApplicationContext.java:158) ~[spring-boot-2.3.0.RELEASE.jar:2.3.0.RELEASE]
	... 14 more
Caused by: liquibase.exception.DatabaseException: Table 'db_mgr_user' already exists [Failed SQL: (1050) CREATE TABLE account_managerment.db_mgr_user (id BIGINT NOT NULL, birthday date NULL, gender INT NULL, created_by VARCHAR(255) NOT NULL, created_date datetime NOT NULL, modified_by VARCHAR(255) NOT NULL, modified_date datetime NOT NULL, status INT NOT NULL, CONSTRAINT db_mgr_userPK PRIMARY KEY (id))]
	at liquibase.executor.jvm.JdbcExecutor$ExecuteStatementCallback.doInStatement(JdbcExecutor.java:446) ~[liquibase-core-4.19.0.jar:?]
	at liquibase.executor.jvm.JdbcExecutor.execute(JdbcExecutor.java:78) ~[liquibase-core-4.19.0.jar:?]
	at liquibase.executor.jvm.JdbcExecutor.execute(JdbcExecutor.java:161) ~[liquibase-core-4.19.0.jar:?]
	at liquibase.database.AbstractJdbcDatabase.execute(AbstractJdbcDatabase.java:1270) ~[liquibase-core-4.19.0.jar:?]
	at liquibase.database.AbstractJdbcDatabase.executeStatements(AbstractJdbcDatabase.java:1252) ~[liquibase-core-4.19.0.jar:?]
	at liquibase.changelog.ChangeSet.execute(ChangeSet.java:687) ~[liquibase-core-4.19.0.jar:?]
	at liquibase.changelog.visitor.UpdateVisitor.visit(UpdateVisitor.java:56) ~[liquibase-core-4.19.0.jar:?]
	at liquibase.changelog.ChangeLogIterator$2.lambda$null$0(ChangeLogIterator.java:114) ~[liquibase-core-4.19.0.jar:?]
	at liquibase.Scope.lambda$child$0(Scope.java:180) ~[liquibase-core-4.19.0.jar:?]
	at liquibase.Scope.child(Scope.java:189) ~[liquibase-core-4.19.0.jar:?]
	at liquibase.Scope.child(Scope.java:179) ~[liquibase-core-4.19.0.jar:?]
	at liquibase.Scope.child(Scope.java:158) ~[liquibase-core-4.19.0.jar:?]
	at liquibase.changelog.ChangeLogIterator$2.lambda$run$1(ChangeLogIterator.java:113) ~[liquibase-core-4.19.0.jar:?]
	at liquibase.Scope.lambda$child$0(Scope.java:180) ~[liquibase-core-4.19.0.jar:?]
	at liquibase.Scope.child(Scope.java:189) ~[liquibase-core-4.19.0.jar:?]
	at liquibase.Scope.child(Scope.java:179) ~[liquibase-core-4.19.0.jar:?]
	at liquibase.Scope.child(Scope.java:158) ~[liquibase-core-4.19.0.jar:?]
	at liquibase.Scope.child(Scope.java:243) ~[liquibase-core-4.19.0.jar:?]
	at liquibase.changelog.ChangeLogIterator$2.run(ChangeLogIterator.java:94) ~[liquibase-core-4.19.0.jar:?]
	at liquibase.Scope.lambda$child$0(Scope.java:180) ~[liquibase-core-4.19.0.jar:?]
	at liquibase.Scope.child(Scope.java:189) ~[liquibase-core-4.19.0.jar:?]
	at liquibase.Scope.child(Scope.java:179) ~[liquibase-core-4.19.0.jar:?]
	at liquibase.Scope.child(Scope.java:158) ~[liquibase-core-4.19.0.jar:?]
	at liquibase.Scope.child(Scope.java:243) ~[liquibase-core-4.19.0.jar:?]
	at liquibase.Scope.child(Scope.java:247) ~[liquibase-core-4.19.0.jar:?]
	at liquibase.changelog.ChangeLogIterator.run(ChangeLogIterator.java:66) ~[liquibase-core-4.19.0.jar:?]
	at liquibase.Liquibase.lambda$null$0(Liquibase.java:291) ~[liquibase-core-4.19.0.jar:?]
	at liquibase.Scope.lambda$child$0(Scope.java:180) ~[liquibase-core-4.19.0.jar:?]
	at liquibase.Scope.child(Scope.java:189) ~[liquibase-core-4.19.0.jar:?]
	at liquibase.Scope.child(Scope.java:179) ~[liquibase-core-4.19.0.jar:?]
	at liquibase.Scope.child(Scope.java:158) ~[liquibase-core-4.19.0.jar:?]
	at liquibase.Scope.child(Scope.java:243) ~[liquibase-core-4.19.0.jar:?]
	at liquibase.Liquibase.lambda$update$1(Liquibase.java:290) ~[liquibase-core-4.19.0.jar:?]
	at liquibase.Scope.lambda$child$0(Scope.java:180) ~[liquibase-core-4.19.0.jar:?]
	at liquibase.Scope.child(Scope.java:189) ~[liquibase-core-4.19.0.jar:?]
	at liquibase.Scope.child(Scope.java:179) ~[liquibase-core-4.19.0.jar:?]
	at liquibase.Scope.child(Scope.java:158) ~[liquibase-core-4.19.0.jar:?]
	at liquibase.Liquibase.runInScope(Liquibase.java:2431) ~[liquibase-core-4.19.0.jar:?]
	at liquibase.Liquibase.update(Liquibase.java:237) ~[liquibase-core-4.19.0.jar:?]
	at liquibase.Liquibase.update(Liquibase.java:222) ~[liquibase-core-4.19.0.jar:?]
	at liquibase.integration.spring.SpringLiquibase.performUpdate(SpringLiquibase.java:328) ~[liquibase-core-4.19.0.jar:?]
	at liquibase.integration.spring.SpringLiquibase.afterPropertiesSet(SpringLiquibase.java:283) ~[liquibase-core-4.19.0.jar:?]
	at org.springframework.beans.factory.support.AbstractAutowireCapableBeanFactory.invokeInitMethods(AbstractAutowireCapableBeanFactory.java:1855) ~[spring-beans-5.2.6.RELEASE.jar:5.2.6.RELEASE]
	at org.springframework.beans.factory.support.AbstractAutowireCapableBeanFactory.initializeBean(AbstractAutowireCapableBeanFactory.java:1792) ~[spring-beans-5.2.6.RELEASE.jar:5.2.6.RELEASE]
	at org.springframework.beans.factory.support.AbstractAutowireCapableBeanFactory.doCreateBean(AbstractAutowireCapableBeanFactory.java:595) ~[spring-beans-5.2.6.RELEASE.jar:5.2.6.RELEASE]
	at org.springframework.beans.factory.support.AbstractAutowireCapableBeanFactory.createBean(AbstractAutowireCapableBeanFactory.java:517) ~[spring-beans-5.2.6.RELEASE.jar:5.2.6.RELEASE]
	at org.springframework.beans.factory.support.AbstractBeanFactory.lambda$doGetBean$0(AbstractBeanFactory.java:323) ~[spring-beans-5.2.6.RELEASE.jar:5.2.6.RELEASE]
	at org.springframework.beans.factory.support.DefaultSingletonBeanRegistry.getSingleton(DefaultSingletonBeanRegistry.java:226) ~[spring-beans-5.2.6.RELEASE.jar:5.2.6.RELEASE]
	at org.springframework.beans.factory.support.AbstractBeanFactory.doGetBean(AbstractBeanFactory.java:321) ~[spring-beans-5.2.6.RELEASE.jar:5.2.6.RELEASE]
	at org.springframework.beans.factory.support.AbstractBeanFactory.getBean(AbstractBeanFactory.java:202) ~[spring-beans-5.2.6.RELEASE.jar:5.2.6.RELEASE]
	at org.springframework.beans.factory.support.AbstractBeanFactory.doGetBean(AbstractBeanFactory.java:310) ~[spring-beans-5.2.6.RELEASE.jar:5.2.6.RELEASE]
	at org.springframework.beans.factory.support.AbstractBeanFactory.getBean(AbstractBeanFactory.java:227) ~[spring-beans-5.2.6.RELEASE.jar:5.2.6.RELEASE]
	at org.springframework.beans.factory.support.DefaultListableBeanFactory.resolveNamedBean(DefaultListableBeanFactory.java:1174) ~[spring-beans-5.2.6.RELEASE.jar:5.2.6.RELEASE]
	at org.springframework.beans.factory.support.DefaultListableBeanFactory.resolveBean(DefaultListableBeanFactory.java:422) ~[spring-beans-5.2.6.RELEASE.jar:5.2.6.RELEASE]
	at org.springframework.beans.factory.support.DefaultListableBeanFactory.getBean(DefaultListableBeanFactory.java:352) ~[spring-beans-5.2.6.RELEASE.jar:5.2.6.RELEASE]
	at org.springframework.beans.factory.support.DefaultListableBeanFactory.getBean(DefaultListableBeanFactory.java:345) ~[spring-beans-5.2.6.RELEASE.jar:5.2.6.RELEASE]
	at org.springframework.orm.jpa.EntityManagerFactoryUtils.findEntityManagerFactory(EntityManagerFactoryUtils.java:121) ~[spring-orm-5.2.6.RELEASE.jar:5.2.6.RELEASE]
	at org.springframework.orm.jpa.EntityManagerFactoryAccessor.setBeanFactory(EntityManagerFactoryAccessor.java:155) ~[spring-orm-5.2.6.RELEASE.jar:5.2.6.RELEASE]
	at org.springframework.beans.factory.support.AbstractAutowireCapableBeanFactory.invokeAwareMethods(AbstractAutowireCapableBeanFactory.java:1818) ~[spring-beans-5.2.6.RELEASE.jar:5.2.6.RELEASE]
	at org.springframework.beans.factory.support.AbstractAutowireCapableBeanFactory.initializeBean(AbstractAutowireCapableBeanFactory.java:1783) ~[spring-beans-5.2.6.RELEASE.jar:5.2.6.RELEASE]
	at org.springframework.beans.factory.support.AbstractAutowireCapableBeanFactory.doCreateBean(AbstractAutowireCapableBeanFactory.java:595) ~[spring-beans-5.2.6.RELEASE.jar:5.2.6.RELEASE]
	at org.springframework.beans.factory.support.AbstractAutowireCapableBeanFactory.createBean(AbstractAutowireCapableBeanFactory.java:517) ~[spring-beans-5.2.6.RELEASE.jar:5.2.6.RELEASE]
	at org.springframework.beans.factory.support.AbstractBeanFactory.lambda$doGetBean$0(AbstractBeanFactory.java:323) ~[spring-beans-5.2.6.RELEASE.jar:5.2.6.RELEASE]
	at org.springframework.beans.factory.support.DefaultSingletonBeanRegistry.getSingleton(DefaultSingletonBeanRegistry.java:226) ~[spring-beans-5.2.6.RELEASE.jar:5.2.6.RELEASE]
	at org.springframework.beans.factory.support.AbstractBeanFactory.doGetBean(AbstractBeanFactory.java:321) ~[spring-beans-5.2.6.RELEASE.jar:5.2.6.RELEASE]
	at org.springframework.beans.factory.support.AbstractBeanFactory.getBean(AbstractBeanFactory.java:202) ~[spring-beans-5.2.6.RELEASE.jar:5.2.6.RELEASE]
	at org.springframework.beans.factory.config.DependencyDescriptor.resolveCandidate(DependencyDescriptor.java:276) ~[spring-beans-5.2.6.RELEASE.jar:5.2.6.RELEASE]
	at org.springframework.beans.factory.support.DefaultListableBeanFactory.doResolveDependency(DefaultListableBeanFactory.java:1306) ~[spring-beans-5.2.6.RELEASE.jar:5.2.6.RELEASE]
	at org.springframework.beans.factory.support.DefaultListableBeanFactory.resolveDependency(DefaultListableBeanFactory.java:1226) ~[spring-beans-5.2.6.RELEASE.jar:5.2.6.RELEASE]
	at org.springframework.beans.factory.support.ConstructorResolver.resolveAutowiredArgument(ConstructorResolver.java:885) ~[spring-beans-5.2.6.RELEASE.jar:5.2.6.RELEASE]
	at org.springframework.beans.factory.support.ConstructorResolver.createArgumentArray(ConstructorResolver.java:789) ~[spring-beans-5.2.6.RELEASE.jar:5.2.6.RELEASE]
	at org.springframework.beans.factory.support.ConstructorResolver.instantiateUsingFactoryMethod(ConstructorResolver.java:539) ~[spring-beans-5.2.6.RELEASE.jar:5.2.6.RELEASE]
	at org.springframework.beans.factory.support.AbstractAutowireCapableBeanFactory.instantiateUsingFactoryMethod(AbstractAutowireCapableBeanFactory.java:1338) ~[spring-beans-5.2.6.RELEASE.jar:5.2.6.RELEASE]
	at org.springframework.beans.factory.support.AbstractAutowireCapableBeanFactory.createBeanInstance(AbstractAutowireCapableBeanFactory.java:1177) ~[spring-beans-5.2.6.RELEASE.jar:5.2.6.RELEASE]
	at org.springframework.beans.factory.support.AbstractAutowireCapableBeanFactory.doCreateBean(AbstractAutowireCapableBeanFactory.java:557) ~[spring-beans-5.2.6.RELEASE.jar:5.2.6.RELEASE]
	at org.springframework.beans.factory.support.AbstractAutowireCapableBeanFactory.createBean(AbstractAutowireCapableBeanFactory.java:517) ~[spring-beans-5.2.6.RELEASE.jar:5.2.6.RELEASE]
	at org.springframework.beans.factory.support.AbstractBeanFactory.lambda$doGetBean$0(AbstractBeanFactory.java:323) ~[spring-beans-5.2.6.RELEASE.jar:5.2.6.RELEASE]
	at org.springframework.beans.factory.support.DefaultSingletonBeanRegistry.getSingleton(DefaultSingletonBeanRegistry.java:226) ~[spring-beans-5.2.6.RELEASE.jar:5.2.6.RELEASE]
	at org.springframework.beans.factory.support.AbstractBeanFactory.doGetBean(AbstractBeanFactory.java:321) ~[spring-beans-5.2.6.RELEASE.jar:5.2.6.RELEASE]
	at org.springframework.beans.factory.support.AbstractBeanFactory.getBean(AbstractBeanFactory.java:202) ~[spring-beans-5.2.6.RELEASE.jar:5.2.6.RELEASE]
	at org.springframework.beans.factory.config.DependencyDescriptor.resolveCandidate(DependencyDescriptor.java:276) ~[spring-beans-5.2.6.RELEASE.jar:5.2.6.RELEASE]
	at org.springframework.beans.factory.support.DefaultListableBeanFactory.addCandidateEntry(DefaultListableBeanFactory.java:1524) ~[spring-beans-5.2.6.RELEASE.jar:5.2.6.RELEASE]
	at org.springframework.beans.factory.support.DefaultListableBeanFactory.findAutowireCandidates(DefaultListableBeanFactory.java:1488) ~[spring-beans-5.2.6.RELEASE.jar:5.2.6.RELEASE]
	at org.springframework.beans.factory.support.DefaultListableBeanFactory.resolveMultipleBeans(DefaultListableBeanFactory.java:1377) ~[spring-beans-5.2.6.RELEASE.jar:5.2.6.RELEASE]
	at org.springframework.beans.factory.support.DefaultListableBeanFactory.doResolveDependency(DefaultListableBeanFactory.java:1264) ~[spring-beans-5.2.6.RELEASE.jar:5.2.6.RELEASE]
	at org.springframework.beans.factory.support.DefaultListableBeanFactory.resolveDependency(DefaultListableBeanFactory.java:1226) ~[spring-beans-5.2.6.RELEASE.jar:5.2.6.RELEASE]
	at org.springframework.beans.factory.annotation.AutowiredAnnotationBeanPostProcessor$AutowiredMethodElement.inject(AutowiredAnnotationBeanPostProcessor.java:715) ~[spring-beans-5.2.6.RELEASE.jar:5.2.6.RELEASE]
	at org.springframework.beans.factory.annotation.InjectionMetadata.inject(InjectionMetadata.java:130) ~[spring-beans-5.2.6.RELEASE.jar:5.2.6.RELEASE]
	at org.springframework.beans.factory.annotation.AutowiredAnnotationBeanPostProcessor.postProcessProperties(AutowiredAnnotationBeanPostProcessor.java:399) ~[spring-beans-5.2.6.RELEASE.jar:5.2.6.RELEASE]
	at org.springframework.beans.factory.support.AbstractAutowireCapableBeanFactory.populateBean(AbstractAutowireCapableBeanFactory.java:1422) ~[spring-beans-5.2.6.RELEASE.jar:5.2.6.RELEASE]
	at org.springframework.beans.factory.support.AbstractAutowireCapableBeanFactory.doCreateBean(AbstractAutowireCapableBeanFactory.java:594) ~[spring-beans-5.2.6.RELEASE.jar:5.2.6.RELEASE]
	at org.springframework.beans.factory.support.AbstractAutowireCapableBeanFactory.createBean(AbstractAutowireCapableBeanFactory.java:517) ~[spring-beans-5.2.6.RELEASE.jar:5.2.6.RELEASE]
	at org.springframework.beans.factory.support.AbstractBeanFactory.lambda$doGetBean$0(AbstractBeanFactory.java:323) ~[spring-beans-5.2.6.RELEASE.jar:5.2.6.RELEASE]
	at org.springframework.beans.factory.support.DefaultSingletonBeanRegistry.getSingleton(DefaultSingletonBeanRegistry.java:226) ~[spring-beans-5.2.6.RELEASE.jar:5.2.6.RELEASE]
	at org.springframework.beans.factory.support.AbstractBeanFactory.doGetBean(AbstractBeanFactory.java:321) ~[spring-beans-5.2.6.RELEASE.jar:5.2.6.RELEASE]
	at org.springframework.beans.factory.support.AbstractBeanFactory.getBean(AbstractBeanFactory.java:202) ~[spring-beans-5.2.6.RELEASE.jar:5.2.6.RELEASE]
	at org.springframework.beans.factory.support.ConstructorResolver.instantiateUsingFactoryMethod(ConstructorResolver.java:409) ~[spring-beans-5.2.6.RELEASE.jar:5.2.6.RELEASE]
	at org.springframework.beans.factory.support.AbstractAutowireCapableBeanFactory.instantiateUsingFactoryMethod(AbstractAutowireCapableBeanFactory.java:1338) ~[spring-beans-5.2.6.RELEASE.jar:5.2.6.RELEASE]
	at org.springframework.beans.factory.support.AbstractAutowireCapableBeanFactory.createBeanInstance(AbstractAutowireCapableBeanFactory.java:1177) ~[spring-beans-5.2.6.RELEASE.jar:5.2.6.RELEASE]
	at org.springframework.beans.factory.support.AbstractAutowireCapableBeanFactory.doCreateBean(AbstractAutowireCapableBeanFactory.java:557) ~[spring-beans-5.2.6.RELEASE.jar:5.2.6.RELEASE]
	at org.springframework.beans.factory.support.AbstractAutowireCapableBeanFactory.createBean(AbstractAutowireCapableBeanFactory.java:517) ~[spring-beans-5.2.6.RELEASE.jar:5.2.6.RELEASE]
	at org.springframework.beans.factory.support.AbstractBeanFactory.lambda$doGetBean$0(AbstractBeanFactory.java:323) ~[spring-beans-5.2.6.RELEASE.jar:5.2.6.RELEASE]
	at org.springframework.beans.factory.support.DefaultSingletonBeanRegistry.getSingleton(DefaultSingletonBeanRegistry.java:226) ~[spring-beans-5.2.6.RELEASE.jar:5.2.6.RELEASE]
	at org.springframework.beans.factory.support.AbstractBeanFactory.doGetBean(AbstractBeanFactory.java:321) ~[spring-beans-5.2.6.RELEASE.jar:5.2.6.RELEASE]
	at org.springframework.beans.factory.support.AbstractBeanFactory.getBean(AbstractBeanFactory.java:202) ~[spring-beans-5.2.6.RELEASE.jar:5.2.6.RELEASE]
	at org.springframework.beans.factory.config.DependencyDescriptor.resolveCandidate(DependencyDescriptor.java:276) ~[spring-beans-5.2.6.RELEASE.jar:5.2.6.RELEASE]
	at org.springframework.beans.factory.support.DefaultListableBeanFactory.doResolveDependency(DefaultListableBeanFactory.java:1306) ~[spring-beans-5.2.6.RELEASE.jar:5.2.6.RELEASE]
	at org.springframework.beans.factory.support.DefaultListableBeanFactory.resolveDependency(DefaultListableBeanFactory.java:1226) ~[spring-beans-5.2.6.RELEASE.jar:5.2.6.RELEASE]
	at org.springframework.beans.factory.annotation.AutowiredAnnotationBeanPostProcessor$AutowiredMethodElement.inject(AutowiredAnnotationBeanPostProcessor.java:715) ~[spring-beans-5.2.6.RELEASE.jar:5.2.6.RELEASE]
	at org.springframework.beans.factory.annotation.InjectionMetadata.inject(InjectionMetadata.java:130) ~[spring-beans-5.2.6.RELEASE.jar:5.2.6.RELEASE]
	at org.springframework.beans.factory.annotation.AutowiredAnnotationBeanPostProcessor.postProcessProperties(AutowiredAnnotationBeanPostProcessor.java:399) ~[spring-beans-5.2.6.RELEASE.jar:5.2.6.RELEASE]
	at org.springframework.beans.factory.support.AbstractAutowireCapableBeanFactory.populateBean(AbstractAutowireCapableBeanFactory.java:1422) ~[spring-beans-5.2.6.RELEASE.jar:5.2.6.RELEASE]
	at org.springframework.beans.factory.support.AbstractAutowireCapableBeanFactory.doCreateBean(AbstractAutowireCapableBeanFactory.java:594) ~[spring-beans-5.2.6.RELEASE.jar:5.2.6.RELEASE]
	at org.springframework.beans.factory.support.AbstractAutowireCapableBeanFactory.createBean(AbstractAutowireCapableBeanFactory.java:517) ~[spring-beans-5.2.6.RELEASE.jar:5.2.6.RELEASE]
	at org.springframework.beans.factory.support.AbstractBeanFactory.lambda$doGetBean$0(AbstractBeanFactory.java:323) ~[spring-beans-5.2.6.RELEASE.jar:5.2.6.RELEASE]
	at org.springframework.beans.factory.support.DefaultSingletonBeanRegistry.getSingleton(DefaultSingletonBeanRegistry.java:226) ~[spring-beans-5.2.6.RELEASE.jar:5.2.6.RELEASE]
	at org.springframework.beans.factory.support.AbstractBeanFactory.doGetBean(AbstractBeanFactory.java:321) ~[spring-beans-5.2.6.RELEASE.jar:5.2.6.RELEASE]
	at org.springframework.beans.factory.support.AbstractBeanFactory.getBean(AbstractBeanFactory.java:202) ~[spring-beans-5.2.6.RELEASE.jar:5.2.6.RELEASE]
	at org.springframework.beans.factory.support.ConstructorResolver.instantiateUsingFactoryMethod(ConstructorResolver.java:409) ~[spring-beans-5.2.6.RELEASE.jar:5.2.6.RELEASE]
	at org.springframework.beans.factory.support.AbstractAutowireCapableBeanFactory.instantiateUsingFactoryMethod(AbstractAutowireCapableBeanFactory.java:1338) ~[spring-beans-5.2.6.RELEASE.jar:5.2.6.RELEASE]
	at org.springframework.beans.factory.support.AbstractAutowireCapableBeanFactory.createBeanInstance(AbstractAutowireCapableBeanFactory.java:1177) ~[spring-beans-5.2.6.RELEASE.jar:5.2.6.RELEASE]
	at org.springframework.beans.factory.support.AbstractAutowireCapableBeanFactory.doCreateBean(AbstractAutowireCapableBeanFactory.java:557) ~[spring-beans-5.2.6.RELEASE.jar:5.2.6.RELEASE]
	at org.springframework.beans.factory.support.AbstractAutowireCapableBeanFactory.createBean(AbstractAutowireCapableBeanFactory.java:517) ~[spring-beans-5.2.6.RELEASE.jar:5.2.6.RELEASE]
	at org.springframework.beans.factory.support.AbstractBeanFactory.lambda$doGetBean$0(AbstractBeanFactory.java:323) ~[spring-beans-5.2.6.RELEASE.jar:5.2.6.RELEASE]
	at org.springframework.beans.factory.support.DefaultSingletonBeanRegistry.getSingleton(DefaultSingletonBeanRegistry.java:226) ~[spring-beans-5.2.6.RELEASE.jar:5.2.6.RELEASE]
	at org.springframework.beans.factory.support.AbstractBeanFactory.doGetBean(AbstractBeanFactory.java:321) ~[spring-beans-5.2.6.RELEASE.jar:5.2.6.RELEASE]
	at org.springframework.beans.factory.support.AbstractBeanFactory.getBean(AbstractBeanFactory.java:207) ~[spring-beans-5.2.6.RELEASE.jar:5.2.6.RELEASE]
	at org.springframework.boot.web.servlet.ServletContextInitializerBeans.getOrderedBeansOfType(ServletContextInitializerBeans.java:211) ~[spring-boot-2.3.0.RELEASE.jar:2.3.0.RELEASE]
	at org.springframework.boot.web.servlet.ServletContextInitializerBeans.getOrderedBeansOfType(ServletContextInitializerBeans.java:202) ~[spring-boot-2.3.0.RELEASE.jar:2.3.0.RELEASE]
	at org.springframework.boot.web.servlet.ServletContextInitializerBeans.addServletContextInitializerBeans(ServletContextInitializerBeans.java:96) ~[spring-boot-2.3.0.RELEASE.jar:2.3.0.RELEASE]
	at org.springframework.boot.web.servlet.ServletContextInitializerBeans.<init>(ServletContextInitializerBeans.java:85) ~[spring-boot-2.3.0.RELEASE.jar:2.3.0.RELEASE]
	at org.springframework.boot.web.servlet.context.ServletWebServerApplicationContext.getServletContextInitializerBeans(ServletWebServerApplicationContext.java:253) ~[spring-boot-2.3.0.RELEASE.jar:2.3.0.RELEASE]
	at org.springframework.boot.web.servlet.context.ServletWebServerApplicationContext.selfInitialize(ServletWebServerApplicationContext.java:227) ~[spring-boot-2.3.0.RELEASE.jar:2.3.0.RELEASE]
	at org.springframework.boot.web.embedded.tomcat.TomcatStarter.onStartup(TomcatStarter.java:53) ~[spring-boot-2.3.0.RELEASE.jar:2.3.0.RELEASE]
	at org.apache.catalina.core.StandardContext.startInternal(StandardContext.java:5136) ~[tomcat-embed-core-9.0.35.jar:9.0.35]
	at org.apache.catalina.util.LifecycleBase.start(LifecycleBase.java:183) ~[tomcat-embed-core-9.0.35.jar:9.0.35]
	at org.apache.catalina.core.ContainerBase$StartChild.call(ContainerBase.java:1384) ~[tomcat-embed-core-9.0.35.jar:9.0.35]
	at org.apache.catalina.core.ContainerBase$StartChild.call(ContainerBase.java:1374) ~[tomcat-embed-core-9.0.35.jar:9.0.35]
	at java.util.concurrent.FutureTask.run(FutureTask.java:264) ~[?:?]
	at org.apache.tomcat.util.threads.InlineExecutorService.execute(InlineExecutorService.java:75) ~[tomcat-embed-core-9.0.35.jar:9.0.35]
	at java.util.concurrent.AbstractExecutorService.submit(AbstractExecutorService.java:140) ~[?:?]
	at org.apache.catalina.core.ContainerBase.startInternal(ContainerBase.java:909) ~[tomcat-embed-core-9.0.35.jar:9.0.35]
	at org.apache.catalina.core.StandardHost.startInternal(StandardHost.java:841) ~[tomcat-embed-core-9.0.35.jar:9.0.35]
	at org.apache.catalina.util.LifecycleBase.start(LifecycleBase.java:183) ~[tomcat-embed-core-9.0.35.jar:9.0.35]
	at org.apache.catalina.core.ContainerBase$StartChild.call(ContainerBase.java:1384) ~[tomcat-embed-core-9.0.35.jar:9.0.35]
	at org.apache.catalina.core.ContainerBase$StartChild.call(ContainerBase.java:1374) ~[tomcat-embed-core-9.0.35.jar:9.0.35]
	at java.util.concurrent.FutureTask.run(FutureTask.java:264) ~[?:?]
	at org.apache.tomcat.util.threads.InlineExecutorService.execute(InlineExecutorService.java:75) ~[tomcat-embed-core-9.0.35.jar:9.0.35]
	at java.util.concurrent.AbstractExecutorService.submit(AbstractExecutorService.java:140) ~[?:?]
	at org.apache.catalina.core.ContainerBase.startInternal(ContainerBase.java:909) ~[tomcat-embed-core-9.0.35.jar:9.0.35]
	at org.apache.catalina.core.StandardEngine.startInternal(StandardEngine.java:262) ~[tomcat-embed-core-9.0.35.jar:9.0.35]
	at org.apache.catalina.util.LifecycleBase.start(LifecycleBase.java:183) ~[tomcat-embed-core-9.0.35.jar:9.0.35]
	at org.apache.catalina.core.StandardService.startInternal(StandardService.java:421) ~[tomcat-embed-core-9.0.35.jar:9.0.35]
	at org.apache.catalina.util.LifecycleBase.start(LifecycleBase.java:183) ~[tomcat-embed-core-9.0.35.jar:9.0.35]
	at org.apache.catalina.core.StandardServer.startInternal(StandardServer.java:930) ~[tomcat-embed-core-9.0.35.jar:9.0.35]
	at org.apache.catalina.util.LifecycleBase.start(LifecycleBase.java:183) ~[tomcat-embed-core-9.0.35.jar:9.0.35]
	at org.apache.catalina.startup.Tomcat.start(Tomcat.java:468) ~[tomcat-embed-core-9.0.35.jar:9.0.35]
	at org.springframework.boot.web.embedded.tomcat.TomcatWebServer.initialize(TomcatWebServer.java:123) ~[spring-boot-2.3.0.RELEASE.jar:2.3.0.RELEASE]
	at org.springframework.boot.web.embedded.tomcat.TomcatWebServer.<init>(TomcatWebServer.java:104) ~[spring-boot-2.3.0.RELEASE.jar:2.3.0.RELEASE]
	at org.springframework.boot.web.embedded.tomcat.TomcatServletWebServerFactory.getTomcatWebServer(TomcatServletWebServerFactory.java:437) ~[spring-boot-2.3.0.RELEASE.jar:2.3.0.RELEASE]
	at org.springframework.boot.web.embedded.tomcat.TomcatServletWebServerFactory.getWebServer(TomcatServletWebServerFactory.java:191) ~[spring-boot-2.3.0.RELEASE.jar:2.3.0.RELEASE]
	at org.springframework.boot.web.servlet.context.ServletWebServerApplicationContext.createWebServer(ServletWebServerApplicationContext.java:176) ~[spring-boot-2.3.0.RELEASE.jar:2.3.0.RELEASE]
	at org.springframework.boot.web.servlet.context.ServletWebServerApplicationContext.onRefresh(ServletWebServerApplicationContext.java:158) ~[spring-boot-2.3.0.RELEASE.jar:2.3.0.RELEASE]
	... 14 more
Caused by: java.sql.SQLSyntaxErrorException: Table 'db_mgr_user' already exists
	at com.mysql.cj.jdbc.exceptions.SQLError.createSQLException(SQLError.java:120) ~[mysql-connector-java-8.0.20.jar:8.0.20]
	at com.mysql.cj.jdbc.exceptions.SQLError.createSQLException(SQLError.java:97) ~[mysql-connector-java-8.0.20.jar:8.0.20]
	at com.mysql.cj.jdbc.exceptions.SQLExceptionsMapping.translateException(SQLExceptionsMapping.java:122) ~[mysql-connector-java-8.0.20.jar:8.0.20]
	at com.mysql.cj.jdbc.StatementImpl.executeInternal(StatementImpl.java:764) ~[mysql-connector-java-8.0.20.jar:8.0.20]
	at com.mysql.cj.jdbc.StatementImpl.execute(StatementImpl.java:648) ~[mysql-connector-java-8.0.20.jar:8.0.20]
	at com.zaxxer.hikari.pool.ProxyStatement.execute(ProxyStatement.java:95) ~[HikariCP-3.4.5.jar:?]
	at com.zaxxer.hikari.pool.HikariProxyStatement.execute(HikariProxyStatement.java) ~[HikariCP-3.4.5.jar:?]
	at liquibase.executor.jvm.JdbcExecutor$ExecuteStatementCallback.doInStatement(JdbcExecutor.java:442) ~[liquibase-core-4.19.0.jar:?]
	at liquibase.executor.jvm.JdbcExecutor.execute(JdbcExecutor.java:78) ~[liquibase-core-4.19.0.jar:?]
	at liquibase.executor.jvm.JdbcExecutor.execute(JdbcExecutor.java:161) ~[liquibase-core-4.19.0.jar:?]
	at liquibase.database.AbstractJdbcDatabase.execute(AbstractJdbcDatabase.java:1270) ~[liquibase-core-4.19.0.jar:?]
	at liquibase.database.AbstractJdbcDatabase.executeStatements(AbstractJdbcDatabase.java:1252) ~[liquibase-core-4.19.0.jar:?]
	at liquibase.changelog.ChangeSet.execute(ChangeSet.java:687) ~[liquibase-core-4.19.0.jar:?]
	at liquibase.changelog.visitor.UpdateVisitor.visit(UpdateVisitor.java:56) ~[liquibase-core-4.19.0.jar:?]
	at liquibase.changelog.ChangeLogIterator$2.lambda$null$0(ChangeLogIterator.java:114) ~[liquibase-core-4.19.0.jar:?]
	at liquibase.Scope.lambda$child$0(Scope.java:180) ~[liquibase-core-4.19.0.jar:?]
	at liquibase.Scope.child(Scope.java:189) ~[liquibase-core-4.19.0.jar:?]
	at liquibase.Scope.child(Scope.java:179) ~[liquibase-core-4.19.0.jar:?]
	at liquibase.Scope.child(Scope.java:158) ~[liquibase-core-4.19.0.jar:?]
	at liquibase.changelog.ChangeLogIterator$2.lambda$run$1(ChangeLogIterator.java:113) ~[liquibase-core-4.19.0.jar:?]
	at liquibase.Scope.lambda$child$0(Scope.java:180) ~[liquibase-core-4.19.0.jar:?]
	at liquibase.Scope.child(Scope.java:189) ~[liquibase-core-4.19.0.jar:?]
	at liquibase.Scope.child(Scope.java:179) ~[liquibase-core-4.19.0.jar:?]
	at liquibase.Scope.child(Scope.java:158) ~[liquibase-core-4.19.0.jar:?]
	at liquibase.Scope.child(Scope.java:243) ~[liquibase-core-4.19.0.jar:?]
	at liquibase.changelog.ChangeLogIterator$2.run(ChangeLogIterator.java:94) ~[liquibase-core-4.19.0.jar:?]
	at liquibase.Scope.lambda$child$0(Scope.java:180) ~[liquibase-core-4.19.0.jar:?]
	at liquibase.Scope.child(Scope.java:189) ~[liquibase-core-4.19.0.jar:?]
	at liquibase.Scope.child(Scope.java:179) ~[liquibase-core-4.19.0.jar:?]
	at liquibase.Scope.child(Scope.java:158) ~[liquibase-core-4.19.0.jar:?]
	at liquibase.Scope.child(Scope.java:243) ~[liquibase-core-4.19.0.jar:?]
	at liquibase.Scope.child(Scope.java:247) ~[liquibase-core-4.19.0.jar:?]
	at liquibase.changelog.ChangeLogIterator.run(ChangeLogIterator.java:66) ~[liquibase-core-4.19.0.jar:?]
	at liquibase.Liquibase.lambda$null$0(Liquibase.java:291) ~[liquibase-core-4.19.0.jar:?]
	at liquibase.Scope.lambda$child$0(Scope.java:180) ~[liquibase-core-4.19.0.jar:?]
	at liquibase.Scope.child(Scope.java:189) ~[liquibase-core-4.19.0.jar:?]
	at liquibase.Scope.child(Scope.java:179) ~[liquibase-core-4.19.0.jar:?]
	at liquibase.Scope.child(Scope.java:158) ~[liquibase-core-4.19.0.jar:?]
	at liquibase.Scope.child(Scope.java:243) ~[liquibase-core-4.19.0.jar:?]
	at liquibase.Liquibase.lambda$update$1(Liquibase.java:290) ~[liquibase-core-4.19.0.jar:?]
	at liquibase.Scope.lambda$child$0(Scope.java:180) ~[liquibase-core-4.19.0.jar:?]
	at liquibase.Scope.child(Scope.java:189) ~[liquibase-core-4.19.0.jar:?]
	at liquibase.Scope.child(Scope.java:179) ~[liquibase-core-4.19.0.jar:?]
	at liquibase.Scope.child(Scope.java:158) ~[liquibase-core-4.19.0.jar:?]
	at liquibase.Liquibase.runInScope(Liquibase.java:2431) ~[liquibase-core-4.19.0.jar:?]
	at liquibase.Liquibase.update(Liquibase.java:237) ~[liquibase-core-4.19.0.jar:?]
	at liquibase.Liquibase.update(Liquibase.java:222) ~[liquibase-core-4.19.0.jar:?]
	at liquibase.integration.spring.SpringLiquibase.performUpdate(SpringLiquibase.java:328) ~[liquibase-core-4.19.0.jar:?]
	at liquibase.integration.spring.SpringLiquibase.afterPropertiesSet(SpringLiquibase.java:283) ~[liquibase-core-4.19.0.jar:?]
	at org.springframework.beans.factory.support.AbstractAutowireCapableBeanFactory.invokeInitMethods(AbstractAutowireCapableBeanFactory.java:1855) ~[spring-beans-5.2.6.RELEASE.jar:5.2.6.RELEASE]
	at org.springframework.beans.factory.support.AbstractAutowireCapableBeanFactory.initializeBean(AbstractAutowireCapableBeanFactory.java:1792) ~[spring-beans-5.2.6.RELEASE.jar:5.2.6.RELEASE]
	at org.springframework.beans.factory.support.AbstractAutowireCapableBeanFactory.doCreateBean(AbstractAutowireCapableBeanFactory.java:595) ~[spring-beans-5.2.6.RELEASE.jar:5.2.6.RELEASE]
	at org.springframework.beans.factory.support.AbstractAutowireCapableBeanFactory.createBean(AbstractAutowireCapableBeanFactory.java:517) ~[spring-beans-5.2.6.RELEASE.jar:5.2.6.RELEASE]
	at org.springframework.beans.factory.support.AbstractBeanFactory.lambda$doGetBean$0(AbstractBeanFactory.java:323) ~[spring-beans-5.2.6.RELEASE.jar:5.2.6.RELEASE]
	at org.springframework.beans.factory.support.DefaultSingletonBeanRegistry.getSingleton(DefaultSingletonBeanRegistry.java:226) ~[spring-beans-5.2.6.RELEASE.jar:5.2.6.RELEASE]
	at org.springframework.beans.factory.support.AbstractBeanFactory.doGetBean(AbstractBeanFactory.java:321) ~[spring-beans-5.2.6.RELEASE.jar:5.2.6.RELEASE]
	at org.springframework.beans.factory.support.AbstractBeanFactory.getBean(AbstractBeanFactory.java:202) ~[spring-beans-5.2.6.RELEASE.jar:5.2.6.RELEASE]
	at org.springframework.beans.factory.support.AbstractBeanFactory.doGetBean(AbstractBeanFactory.java:310) ~[spring-beans-5.2.6.RELEASE.jar:5.2.6.RELEASE]
	at org.springframework.beans.factory.support.AbstractBeanFactory.getBean(AbstractBeanFactory.java:227) ~[spring-beans-5.2.6.RELEASE.jar:5.2.6.RELEASE]
	at org.springframework.beans.factory.support.DefaultListableBeanFactory.resolveNamedBean(DefaultListableBeanFactory.java:1174) ~[spring-beans-5.2.6.RELEASE.jar:5.2.6.RELEASE]
	at org.springframework.beans.factory.support.DefaultListableBeanFactory.resolveBean(DefaultListableBeanFactory.java:422) ~[spring-beans-5.2.6.RELEASE.jar:5.2.6.RELEASE]
	at org.springframework.beans.factory.support.DefaultListableBeanFactory.getBean(DefaultListableBeanFactory.java:352) ~[spring-beans-5.2.6.RELEASE.jar:5.2.6.RELEASE]
	at org.springframework.beans.factory.support.DefaultListableBeanFactory.getBean(DefaultListableBeanFactory.java:345) ~[spring-beans-5.2.6.RELEASE.jar:5.2.6.RELEASE]
	at org.springframework.orm.jpa.EntityManagerFactoryUtils.findEntityManagerFactory(EntityManagerFactoryUtils.java:121) ~[spring-orm-5.2.6.RELEASE.jar:5.2.6.RELEASE]
	at org.springframework.orm.jpa.EntityManagerFactoryAccessor.setBeanFactory(EntityManagerFactoryAccessor.java:155) ~[spring-orm-5.2.6.RELEASE.jar:5.2.6.RELEASE]
	at org.springframework.beans.factory.support.AbstractAutowireCapableBeanFactory.invokeAwareMethods(AbstractAutowireCapableBeanFactory.java:1818) ~[spring-beans-5.2.6.RELEASE.jar:5.2.6.RELEASE]
	at org.springframework.beans.factory.support.AbstractAutowireCapableBeanFactory.initializeBean(AbstractAutowireCapableBeanFactory.java:1783) ~[spring-beans-5.2.6.RELEASE.jar:5.2.6.RELEASE]
	at org.springframework.beans.factory.support.AbstractAutowireCapableBeanFactory.doCreateBean(AbstractAutowireCapableBeanFactory.java:595) ~[spring-beans-5.2.6.RELEASE.jar:5.2.6.RELEASE]
	at org.springframework.beans.factory.support.AbstractAutowireCapableBeanFactory.createBean(AbstractAutowireCapableBeanFactory.java:517) ~[spring-beans-5.2.6.RELEASE.jar:5.2.6.RELEASE]
	at org.springframework.beans.factory.support.AbstractBeanFactory.lambda$doGetBean$0(AbstractBeanFactory.java:323) ~[spring-beans-5.2.6.RELEASE.jar:5.2.6.RELEASE]
	at org.springframework.beans.factory.support.DefaultSingletonBeanRegistry.getSingleton(DefaultSingletonBeanRegistry.java:226) ~[spring-beans-5.2.6.RELEASE.jar:5.2.6.RELEASE]
	at org.springframework.beans.factory.support.AbstractBeanFactory.doGetBean(AbstractBeanFactory.java:321) ~[spring-beans-5.2.6.RELEASE.jar:5.2.6.RELEASE]
	at org.springframework.beans.factory.support.AbstractBeanFactory.getBean(AbstractBeanFactory.java:202) ~[spring-beans-5.2.6.RELEASE.jar:5.2.6.RELEASE]
	at org.springframework.beans.factory.config.DependencyDescriptor.resolveCandidate(DependencyDescriptor.java:276) ~[spring-beans-5.2.6.RELEASE.jar:5.2.6.RELEASE]
	at org.springframework.beans.factory.support.DefaultListableBeanFactory.doResolveDependency(DefaultListableBeanFactory.java:1306) ~[spring-beans-5.2.6.RELEASE.jar:5.2.6.RELEASE]
	at org.springframework.beans.factory.support.DefaultListableBeanFactory.resolveDependency(DefaultListableBeanFactory.java:1226) ~[spring-beans-5.2.6.RELEASE.jar:5.2.6.RELEASE]
	at org.springframework.beans.factory.support.ConstructorResolver.resolveAutowiredArgument(ConstructorResolver.java:885) ~[spring-beans-5.2.6.RELEASE.jar:5.2.6.RELEASE]
	at org.springframework.beans.factory.support.ConstructorResolver.createArgumentArray(ConstructorResolver.java:789) ~[spring-beans-5.2.6.RELEASE.jar:5.2.6.RELEASE]
	at org.springframework.beans.factory.support.ConstructorResolver.instantiateUsingFactoryMethod(ConstructorResolver.java:539) ~[spring-beans-5.2.6.RELEASE.jar:5.2.6.RELEASE]
	at org.springframework.beans.factory.support.AbstractAutowireCapableBeanFactory.instantiateUsingFactoryMethod(AbstractAutowireCapableBeanFactory.java:1338) ~[spring-beans-5.2.6.RELEASE.jar:5.2.6.RELEASE]
	at org.springframework.beans.factory.support.AbstractAutowireCapableBeanFactory.createBeanInstance(AbstractAutowireCapableBeanFactory.java:1177) ~[spring-beans-5.2.6.RELEASE.jar:5.2.6.RELEASE]
	at org.springframework.beans.factory.support.AbstractAutowireCapableBeanFactory.doCreateBean(AbstractAutowireCapableBeanFactory.java:557) ~[spring-beans-5.2.6.RELEASE.jar:5.2.6.RELEASE]
	at org.springframework.beans.factory.support.AbstractAutowireCapableBeanFactory.createBean(AbstractAutowireCapableBeanFactory.java:517) ~[spring-beans-5.2.6.RELEASE.jar:5.2.6.RELEASE]
	at org.springframework.beans.factory.support.AbstractBeanFactory.lambda$doGetBean$0(AbstractBeanFactory.java:323) ~[spring-beans-5.2.6.RELEASE.jar:5.2.6.RELEASE]
	at org.springframework.beans.factory.support.DefaultSingletonBeanRegistry.getSingleton(DefaultSingletonBeanRegistry.java:226) ~[spring-beans-5.2.6.RELEASE.jar:5.2.6.RELEASE]
	at org.springframework.beans.factory.support.AbstractBeanFactory.doGetBean(AbstractBeanFactory.java:321) ~[spring-beans-5.2.6.RELEASE.jar:5.2.6.RELEASE]
	at org.springframework.beans.factory.support.AbstractBeanFactory.getBean(AbstractBeanFactory.java:202) ~[spring-beans-5.2.6.RELEASE.jar:5.2.6.RELEASE]
	at org.springframework.beans.factory.config.DependencyDescriptor.resolveCandidate(DependencyDescriptor.java:276) ~[spring-beans-5.2.6.RELEASE.jar:5.2.6.RELEASE]
	at org.springframework.beans.factory.support.DefaultListableBeanFactory.addCandidateEntry(DefaultListableBeanFactory.java:1524) ~[spring-beans-5.2.6.RELEASE.jar:5.2.6.RELEASE]
	at org.springframework.beans.factory.support.DefaultListableBeanFactory.findAutowireCandidates(DefaultListableBeanFactory.java:1488) ~[spring-beans-5.2.6.RELEASE.jar:5.2.6.RELEASE]
	at org.springframework.beans.factory.support.DefaultListableBeanFactory.resolveMultipleBeans(DefaultListableBeanFactory.java:1377) ~[spring-beans-5.2.6.RELEASE.jar:5.2.6.RELEASE]
	at org.springframework.beans.factory.support.DefaultListableBeanFactory.doResolveDependency(DefaultListableBeanFactory.java:1264) ~[spring-beans-5.2.6.RELEASE.jar:5.2.6.RELEASE]
	at org.springframework.beans.factory.support.DefaultListableBeanFactory.resolveDependency(DefaultListableBeanFactory.java:1226) ~[spring-beans-5.2.6.RELEASE.jar:5.2.6.RELEASE]
	at org.springframework.beans.factory.annotation.AutowiredAnnotationBeanPostProcessor$AutowiredMethodElement.inject(AutowiredAnnotationBeanPostProcessor.java:715) ~[spring-beans-5.2.6.RELEASE.jar:5.2.6.RELEASE]
	at org.springframework.beans.factory.annotation.InjectionMetadata.inject(InjectionMetadata.java:130) ~[spring-beans-5.2.6.RELEASE.jar:5.2.6.RELEASE]
	at org.springframework.beans.factory.annotation.AutowiredAnnotationBeanPostProcessor.postProcessProperties(AutowiredAnnotationBeanPostProcessor.java:399) ~[spring-beans-5.2.6.RELEASE.jar:5.2.6.RELEASE]
	at org.springframework.beans.factory.support.AbstractAutowireCapableBeanFactory.populateBean(AbstractAutowireCapableBeanFactory.java:1422) ~[spring-beans-5.2.6.RELEASE.jar:5.2.6.RELEASE]
	at org.springframework.beans.factory.support.AbstractAutowireCapableBeanFactory.doCreateBean(AbstractAutowireCapableBeanFactory.java:594) ~[spring-beans-5.2.6.RELEASE.jar:5.2.6.RELEASE]
	at org.springframework.beans.factory.support.AbstractAutowireCapableBeanFactory.createBean(AbstractAutowireCapableBeanFactory.java:517) ~[spring-beans-5.2.6.RELEASE.jar:5.2.6.RELEASE]
	at org.springframework.beans.factory.support.AbstractBeanFactory.lambda$doGetBean$0(AbstractBeanFactory.java:323) ~[spring-beans-5.2.6.RELEASE.jar:5.2.6.RELEASE]
	at org.springframework.beans.factory.support.DefaultSingletonBeanRegistry.getSingleton(DefaultSingletonBeanRegistry.java:226) ~[spring-beans-5.2.6.RELEASE.jar:5.2.6.RELEASE]
	at org.springframework.beans.factory.support.AbstractBeanFactory.doGetBean(AbstractBeanFactory.java:321) ~[spring-beans-5.2.6.RELEASE.jar:5.2.6.RELEASE]
	at org.springframework.beans.factory.support.AbstractBeanFactory.getBean(AbstractBeanFactory.java:202) ~[spring-beans-5.2.6.RELEASE.jar:5.2.6.RELEASE]
	at org.springframework.beans.factory.support.ConstructorResolver.instantiateUsingFactoryMethod(ConstructorResolver.java:409) ~[spring-beans-5.2.6.RELEASE.jar:5.2.6.RELEASE]
	at org.springframework.beans.factory.support.AbstractAutowireCapableBeanFactory.instantiateUsingFactoryMethod(AbstractAutowireCapableBeanFactory.java:1338) ~[spring-beans-5.2.6.RELEASE.jar:5.2.6.RELEASE]
	at org.springframework.beans.factory.support.AbstractAutowireCapableBeanFactory.createBeanInstance(AbstractAutowireCapableBeanFactory.java:1177) ~[spring-beans-5.2.6.RELEASE.jar:5.2.6.RELEASE]
	at org.springframework.beans.factory.support.AbstractAutowireCapableBeanFactory.doCreateBean(AbstractAutowireCapableBeanFactory.java:557) ~[spring-beans-5.2.6.RELEASE.jar:5.2.6.RELEASE]
	at org.springframework.beans.factory.support.AbstractAutowireCapableBeanFactory.createBean(AbstractAutowireCapableBeanFactory.java:517) ~[spring-beans-5.2.6.RELEASE.jar:5.2.6.RELEASE]
	at org.springframework.beans.factory.support.AbstractBeanFactory.lambda$doGetBean$0(AbstractBeanFactory.java:323) ~[spring-beans-5.2.6.RELEASE.jar:5.2.6.RELEASE]
	at org.springframework.beans.factory.support.DefaultSingletonBeanRegistry.getSingleton(DefaultSingletonBeanRegistry.java:226) ~[spring-beans-5.2.6.RELEASE.jar:5.2.6.RELEASE]
	at org.springframework.beans.factory.support.AbstractBeanFactory.doGetBean(AbstractBeanFactory.java:321) ~[spring-beans-5.2.6.RELEASE.jar:5.2.6.RELEASE]
	at org.springframework.beans.factory.support.AbstractBeanFactory.getBean(AbstractBeanFactory.java:202) ~[spring-beans-5.2.6.RELEASE.jar:5.2.6.RELEASE]
	at org.springframework.beans.factory.config.DependencyDescriptor.resolveCandidate(DependencyDescriptor.java:276) ~[spring-beans-5.2.6.RELEASE.jar:5.2.6.RELEASE]
	at org.springframework.beans.factory.support.DefaultListableBeanFactory.doResolveDependency(DefaultListableBeanFactory.java:1306) ~[spring-beans-5.2.6.RELEASE.jar:5.2.6.RELEASE]
	at org.springframework.beans.factory.support.DefaultListableBeanFactory.resolveDependency(DefaultListableBeanFactory.java:1226) ~[spring-beans-5.2.6.RELEASE.jar:5.2.6.RELEASE]
	at org.springframework.beans.factory.annotation.AutowiredAnnotationBeanPostProcessor$AutowiredMethodElement.inject(AutowiredAnnotationBeanPostProcessor.java:715) ~[spring-beans-5.2.6.RELEASE.jar:5.2.6.RELEASE]
	at org.springframework.beans.factory.annotation.InjectionMetadata.inject(InjectionMetadata.java:130) ~[spring-beans-5.2.6.RELEASE.jar:5.2.6.RELEASE]
	at org.springframework.beans.factory.annotation.AutowiredAnnotationBeanPostProcessor.postProcessProperties(AutowiredAnnotationBeanPostProcessor.java:399) ~[spring-beans-5.2.6.RELEASE.jar:5.2.6.RELEASE]
	at org.springframework.beans.factory.support.AbstractAutowireCapableBeanFactory.populateBean(AbstractAutowireCapableBeanFactory.java:1422) ~[spring-beans-5.2.6.RELEASE.jar:5.2.6.RELEASE]
	at org.springframework.beans.factory.support.AbstractAutowireCapableBeanFactory.doCreateBean(AbstractAutowireCapableBeanFactory.java:594) ~[spring-beans-5.2.6.RELEASE.jar:5.2.6.RELEASE]
	at org.springframework.beans.factory.support.AbstractAutowireCapableBeanFactory.createBean(AbstractAutowireCapableBeanFactory.java:517) ~[spring-beans-5.2.6.RELEASE.jar:5.2.6.RELEASE]
	at org.springframework.beans.factory.support.AbstractBeanFactory.lambda$doGetBean$0(AbstractBeanFactory.java:323) ~[spring-beans-5.2.6.RELEASE.jar:5.2.6.RELEASE]
	at org.springframework.beans.factory.support.DefaultSingletonBeanRegistry.getSingleton(DefaultSingletonBeanRegistry.java:226) ~[spring-beans-5.2.6.RELEASE.jar:5.2.6.RELEASE]
	at org.springframework.beans.factory.support.AbstractBeanFactory.doGetBean(AbstractBeanFactory.java:321) ~[spring-beans-5.2.6.RELEASE.jar:5.2.6.RELEASE]
	at org.springframework.beans.factory.support.AbstractBeanFactory.getBean(AbstractBeanFactory.java:202) ~[spring-beans-5.2.6.RELEASE.jar:5.2.6.RELEASE]
	at org.springframework.beans.factory.support.ConstructorResolver.instantiateUsingFactoryMethod(ConstructorResolver.java:409) ~[spring-beans-5.2.6.RELEASE.jar:5.2.6.RELEASE]
	at org.springframework.beans.factory.support.AbstractAutowireCapableBeanFactory.instantiateUsingFactoryMethod(AbstractAutowireCapableBeanFactory.java:1338) ~[spring-beans-5.2.6.RELEASE.jar:5.2.6.RELEASE]
	at org.springframework.beans.factory.support.AbstractAutowireCapableBeanFactory.createBeanInstance(AbstractAutowireCapableBeanFactory.java:1177) ~[spring-beans-5.2.6.RELEASE.jar:5.2.6.RELEASE]
	at org.springframework.beans.factory.support.AbstractAutowireCapableBeanFactory.doCreateBean(AbstractAutowireCapableBeanFactory.java:557) ~[spring-beans-5.2.6.RELEASE.jar:5.2.6.RELEASE]
	at org.springframework.beans.factory.support.AbstractAutowireCapableBeanFactory.createBean(AbstractAutowireCapableBeanFactory.java:517) ~[spring-beans-5.2.6.RELEASE.jar:5.2.6.RELEASE]
	at org.springframework.beans.factory.support.AbstractBeanFactory.lambda$doGetBean$0(AbstractBeanFactory.java:323) ~[spring-beans-5.2.6.RELEASE.jar:5.2.6.RELEASE]
	at org.springframework.beans.factory.support.DefaultSingletonBeanRegistry.getSingleton(DefaultSingletonBeanRegistry.java:226) ~[spring-beans-5.2.6.RELEASE.jar:5.2.6.RELEASE]
	at org.springframework.beans.factory.support.AbstractBeanFactory.doGetBean(AbstractBeanFactory.java:321) ~[spring-beans-5.2.6.RELEASE.jar:5.2.6.RELEASE]
	at org.springframework.beans.factory.support.AbstractBeanFactory.getBean(AbstractBeanFactory.java:207) ~[spring-beans-5.2.6.RELEASE.jar:5.2.6.RELEASE]
	at org.springframework.boot.web.servlet.ServletContextInitializerBeans.getOrderedBeansOfType(ServletContextInitializerBeans.java:211) ~[spring-boot-2.3.0.RELEASE.jar:2.3.0.RELEASE]
	at org.springframework.boot.web.servlet.ServletContextInitializerBeans.getOrderedBeansOfType(ServletContextInitializerBeans.java:202) ~[spring-boot-2.3.0.RELEASE.jar:2.3.0.RELEASE]
	at org.springframework.boot.web.servlet.ServletContextInitializerBeans.addServletContextInitializerBeans(ServletContextInitializerBeans.java:96) ~[spring-boot-2.3.0.RELEASE.jar:2.3.0.RELEASE]
	at org.springframework.boot.web.servlet.ServletContextInitializerBeans.<init>(ServletContextInitializerBeans.java:85) ~[spring-boot-2.3.0.RELEASE.jar:2.3.0.RELEASE]
	at org.springframework.boot.web.servlet.context.ServletWebServerApplicationContext.getServletContextInitializerBeans(ServletWebServerApplicationContext.java:253) ~[spring-boot-2.3.0.RELEASE.jar:2.3.0.RELEASE]
	at org.springframework.boot.web.servlet.context.ServletWebServerApplicationContext.selfInitialize(ServletWebServerApplicationContext.java:227) ~[spring-boot-2.3.0.RELEASE.jar:2.3.0.RELEASE]
	at org.springframework.boot.web.embedded.tomcat.TomcatStarter.onStartup(TomcatStarter.java:53) ~[spring-boot-2.3.0.RELEASE.jar:2.3.0.RELEASE]
	at org.apache.catalina.core.StandardContext.startInternal(StandardContext.java:5136) ~[tomcat-embed-core-9.0.35.jar:9.0.35]
	at org.apache.catalina.util.LifecycleBase.start(LifecycleBase.java:183) ~[tomcat-embed-core-9.0.35.jar:9.0.35]
	at org.apache.catalina.core.ContainerBase$StartChild.call(ContainerBase.java:1384) ~[tomcat-embed-core-9.0.35.jar:9.0.35]
	at org.apache.catalina.core.ContainerBase$StartChild.call(ContainerBase.java:1374) ~[tomcat-embed-core-9.0.35.jar:9.0.35]
	at java.util.concurrent.FutureTask.run(FutureTask.java:264) ~[?:?]
	at org.apache.tomcat.util.threads.InlineExecutorService.execute(InlineExecutorService.java:75) ~[tomcat-embed-core-9.0.35.jar:9.0.35]
	at java.util.concurrent.AbstractExecutorService.submit(AbstractExecutorService.java:140) ~[?:?]
	at org.apache.catalina.core.ContainerBase.startInternal(ContainerBase.java:909) ~[tomcat-embed-core-9.0.35.jar:9.0.35]
	at org.apache.catalina.core.StandardHost.startInternal(StandardHost.java:841) ~[tomcat-embed-core-9.0.35.jar:9.0.35]
	at org.apache.catalina.util.LifecycleBase.start(LifecycleBase.java:183) ~[tomcat-embed-core-9.0.35.jar:9.0.35]
	at org.apache.catalina.core.ContainerBase$StartChild.call(ContainerBase.java:1384) ~[tomcat-embed-core-9.0.35.jar:9.0.35]
	at org.apache.catalina.core.ContainerBase$StartChild.call(ContainerBase.java:1374) ~[tomcat-embed-core-9.0.35.jar:9.0.35]
	at java.util.concurrent.FutureTask.run(FutureTask.java:264) ~[?:?]
	at org.apache.tomcat.util.threads.InlineExecutorService.execute(InlineExecutorService.java:75) ~[tomcat-embed-core-9.0.35.jar:9.0.35]
	at java.util.concurrent.AbstractExecutorService.submit(AbstractExecutorService.java:140) ~[?:?]
	at org.apache.catalina.core.ContainerBase.startInternal(ContainerBase.java:909) ~[tomcat-embed-core-9.0.35.jar:9.0.35]
	at org.apache.catalina.core.StandardEngine.startInternal(StandardEngine.java:262) ~[tomcat-embed-core-9.0.35.jar:9.0.35]
	at org.apache.catalina.util.LifecycleBase.start(LifecycleBase.java:183) ~[tomcat-embed-core-9.0.35.jar:9.0.35]
	at org.apache.catalina.core.StandardService.startInternal(StandardService.java:421) ~[tomcat-embed-core-9.0.35.jar:9.0.35]
	at org.apache.catalina.util.LifecycleBase.start(LifecycleBase.java:183) ~[tomcat-embed-core-9.0.35.jar:9.0.35]
	at org.apache.catalina.core.StandardServer.startInternal(StandardServer.java:930) ~[tomcat-embed-core-9.0.35.jar:9.0.35]
	at org.apache.catalina.util.LifecycleBase.start(LifecycleBase.java:183) ~[tomcat-embed-core-9.0.35.jar:9.0.35]
	at org.apache.catalina.startup.Tomcat.start(Tomcat.java:468) ~[tomcat-embed-core-9.0.35.jar:9.0.35]
	at org.springframework.boot.web.embedded.tomcat.TomcatWebServer.initialize(TomcatWebServer.java:123) ~[spring-boot-2.3.0.RELEASE.jar:2.3.0.RELEASE]
	at org.springframework.boot.web.embedded.tomcat.TomcatWebServer.<init>(TomcatWebServer.java:104) ~[spring-boot-2.3.0.RELEASE.jar:2.3.0.RELEASE]
	at org.springframework.boot.web.embedded.tomcat.TomcatServletWebServerFactory.getTomcatWebServer(TomcatServletWebServerFactory.java:437) ~[spring-boot-2.3.0.RELEASE.jar:2.3.0.RELEASE]
	at org.springframework.boot.web.embedded.tomcat.TomcatServletWebServerFactory.getWebServer(TomcatServletWebServerFactory.java:191) ~[spring-boot-2.3.0.RELEASE.jar:2.3.0.RELEASE]
	at org.springframework.boot.web.servlet.context.ServletWebServerApplicationContext.createWebServer(ServletWebServerApplicationContext.java:176) ~[spring-boot-2.3.0.RELEASE.jar:2.3.0.RELEASE]
	at org.springframework.boot.web.servlet.context.ServletWebServerApplicationContext.onRefresh(ServletWebServerApplicationContext.java:158) ~[spring-boot-2.3.0.RELEASE.jar:2.3.0.RELEASE]
	... 14 more

2026-03-31 01:00:58.211  WARN 20196 --- [restartedMain] JpaBaseConfiguration$JpaWebConfiguration : spring.jpa.open-in-view is enabled by default. Therefore, database queries may be performed during view rendering. Explicitly configure spring.jpa.open-in-view to disable this warning
2026-03-31 01:01:03.670  WARN 20196 --- [restartedMain] o.s.s.o.p.t.s.JwtAccessTokenConverter    : Unable to create an RSA verifier from verifierKey (ignoreable if using MAC)
2026-03-31 01:01:07.621  WARN 20196 --- [restartedMain] o.s.c.n.a.ArchaiusAutoConfiguration      : No spring.application.name found, defaulting to 'application'
2026-03-31 01:01:07.631  WARN 20196 --- [restartedMain] c.n.c.s.URLConfigurationSource           : No URLs will be polled as dynamic configuration sources.
2026-03-31 01:01:07.651  WARN 20196 --- [restartedMain] c.n.c.s.URLConfigurationSource           : No URLs will be polled as dynamic configuration sources.
2026-03-31 01:27:17.179  WARN 24968 --- [restartedMain] JpaBaseConfiguration$JpaWebConfiguration : spring.jpa.open-in-view is enabled by default. Therefore, database queries may be performed during view rendering. Explicitly configure spring.jpa.open-in-view to disable this warning
2026-03-31 01:27:22.051  WARN 24968 --- [restartedMain] o.s.s.o.p.t.s.JwtAccessTokenConverter    : Unable to create an RSA verifier from verifierKey (ignoreable if using MAC)
2026-03-31 01:27:25.954  WARN 24968 --- [restartedMain] o.s.c.n.a.ArchaiusAutoConfiguration      : No spring.application.name found, defaulting to 'application'
2026-03-31 01:27:25.964  WARN 24968 --- [restartedMain] c.n.c.s.URLConfigurationSource           : No URLs will be polled as dynamic configuration sources.
2026-03-31 01:27:25.979  WARN 24968 --- [restartedMain] c.n.c.s.URLConfigurationSource           : No URLs will be polled as dynamic configuration sources.
2026-03-31 01:31:23.640 ERROR 24968 --- [http-nio-8787-exec-8] c.m.a.e.GlobalExceptionHandler           : [{"field":"gender","message":"Gender invalid! 0: Female, 1: Male, 2: Other"}]

com.mgr.api.exception.MyBindingException: [{"field":"gender","message":"Gender invalid! 0: Female, 1: Male, 2: Other"}]
	at com.mgr.api.exception.BindingErrorsHandler.lambda$logBefore$3(BindingErrorsHandler.java:35) ~[classes/:?]
	at java.util.stream.ForEachOps$ForEachOp$OfRef.accept(ForEachOps.java:183) ~[?:?]
	at java.util.stream.ReferencePipeline$3$1.accept(ReferencePipeline.java:195) ~[?:?]
	at java.util.stream.ReferencePipeline$2$1.accept(ReferencePipeline.java:177) ~[?:?]
	at java.util.Spliterators$ArraySpliterator.forEachRemaining(Spliterators.java:948) ~[?:?]
	at java.util.stream.AbstractPipeline.copyInto(AbstractPipeline.java:484) ~[?:?]
	at java.util.stream.AbstractPipeline.wrapAndCopyInto(AbstractPipeline.java:474) ~[?:?]
	at java.util.stream.ForEachOps$ForEachOp.evaluateSequential(ForEachOps.java:150) ~[?:?]
	at java.util.stream.ForEachOps$ForEachOp$OfRef.evaluateSequential(ForEachOps.java:173) ~[?:?]
	at java.util.stream.AbstractPipeline.evaluate(AbstractPipeline.java:234) ~[?:?]
	at java.util.stream.ReferencePipeline.forEach(ReferencePipeline.java:497) ~[?:?]
	at com.mgr.api.exception.BindingErrorsHandler.logBefore(BindingErrorsHandler.java:29) ~[classes/:?]
	at jdk.internal.reflect.NativeMethodAccessorImpl.invoke0(Native Method) ~[?:?]
	at jdk.internal.reflect.NativeMethodAccessorImpl.invoke(NativeMethodAccessorImpl.java:62) ~[?:?]
	at jdk.internal.reflect.DelegatingMethodAccessorImpl.invoke(DelegatingMethodAccessorImpl.java:43) ~[?:?]
	at java.lang.reflect.Method.invoke(Method.java:566) ~[?:?]
	at org.springframework.aop.aspectj.AbstractAspectJAdvice.invokeAdviceMethodWithGivenArgs(AbstractAspectJAdvice.java:644) ~[spring-aop-5.2.6.RELEASE.jar:5.2.6.RELEASE]
	at org.springframework.aop.aspectj.AbstractAspectJAdvice.invokeAdviceMethod(AbstractAspectJAdvice.java:626) ~[spring-aop-5.2.6.RELEASE.jar:5.2.6.RELEASE]
	at org.springframework.aop.aspectj.AspectJMethodBeforeAdvice.before(AspectJMethodBeforeAdvice.java:44) ~[spring-aop-5.2.6.RELEASE.jar:5.2.6.RELEASE]
	at org.springframework.aop.framework.adapter.MethodBeforeAdviceInterceptor.invoke(MethodBeforeAdviceInterceptor.java:55) ~[spring-aop-5.2.6.RELEASE.jar:5.2.6.RELEASE]
	at org.springframework.aop.framework.ReflectiveMethodInvocation.proceed(ReflectiveMethodInvocation.java:175) ~[spring-aop-5.2.6.RELEASE.jar:5.2.6.RELEASE]
	at org.springframework.aop.framework.CglibAopProxy$CglibMethodInvocation.proceed(CglibAopProxy.java:749) ~[spring-aop-5.2.6.RELEASE.jar:5.2.6.RELEASE]
	at org.springframework.transaction.interceptor.TransactionAspectSupport.invokeWithinTransaction(TransactionAspectSupport.java:366) ~[spring-tx-5.2.6.RELEASE.jar:5.2.6.RELEASE]
	at org.springframework.transaction.interceptor.TransactionInterceptor.invoke(TransactionInterceptor.java:118) ~[spring-tx-5.2.6.RELEASE.jar:5.2.6.RELEASE]
	at org.springframework.aop.framework.ReflectiveMethodInvocation.proceed(ReflectiveMethodInvocation.java:186) ~[spring-aop-5.2.6.RELEASE.jar:5.2.6.RELEASE]
	at org.springframework.aop.framework.CglibAopProxy$CglibMethodInvocation.proceed(CglibAopProxy.java:749) ~[spring-aop-5.2.6.RELEASE.jar:5.2.6.RELEASE]
	at org.springframework.security.access.intercept.aopalliance.MethodSecurityInterceptor.invoke(MethodSecurityInterceptor.java:69) ~[spring-security-core-5.3.2.RELEASE.jar:5.3.2.RELEASE]
	at org.springframework.aop.framework.ReflectiveMethodInvocation.proceed(ReflectiveMethodInvocation.java:186) ~[spring-aop-5.2.6.RELEASE.jar:5.2.6.RELEASE]
	at org.springframework.aop.framework.CglibAopProxy$CglibMethodInvocation.proceed(CglibAopProxy.java:749) ~[spring-aop-5.2.6.RELEASE.jar:5.2.6.RELEASE]
	at org.springframework.aop.interceptor.ExposeInvocationInterceptor.invoke(ExposeInvocationInterceptor.java:95) ~[spring-aop-5.2.6.RELEASE.jar:5.2.6.RELEASE]
	at org.springframework.aop.framework.ReflectiveMethodInvocation.proceed(ReflectiveMethodInvocation.java:186) ~[spring-aop-5.2.6.RELEASE.jar:5.2.6.RELEASE]
	at org.springframework.aop.framework.CglibAopProxy$CglibMethodInvocation.proceed(CglibAopProxy.java:749) ~[spring-aop-5.2.6.RELEASE.jar:5.2.6.RELEASE]
	at org.springframework.aop.framework.CglibAopProxy$DynamicAdvisedInterceptor.intercept(CglibAopProxy.java:691) ~[spring-aop-5.2.6.RELEASE.jar:5.2.6.RELEASE]
	at com.mgr.api.controller.UserController$$EnhancerBySpringCGLIB$$613a19c5.create(<generated>) ~[classes/:?]
	at jdk.internal.reflect.NativeMethodAccessorImpl.invoke0(Native Method) ~[?:?]
	at jdk.internal.reflect.NativeMethodAccessorImpl.invoke(NativeMethodAccessorImpl.java:62) ~[?:?]
	at jdk.internal.reflect.DelegatingMethodAccessorImpl.invoke(DelegatingMethodAccessorImpl.java:43) ~[?:?]
	at java.lang.reflect.Method.invoke(Method.java:566) ~[?:?]
	at org.springframework.web.method.support.InvocableHandlerMethod.doInvoke(InvocableHandlerMethod.java:190) ~[spring-web-5.2.6.RELEASE.jar:5.2.6.RELEASE]
	at org.springframework.web.method.support.InvocableHandlerMethod.invokeForRequest(InvocableHandlerMethod.java:138) ~[spring-web-5.2.6.RELEASE.jar:5.2.6.RELEASE]
	at org.springframework.web.servlet.mvc.method.annotation.ServletInvocableHandlerMethod.invokeAndHandle(ServletInvocableHandlerMethod.java:105) ~[spring-webmvc-5.2.6.RELEASE.jar:5.2.6.RELEASE]
	at org.springframework.web.servlet.mvc.method.annotation.RequestMappingHandlerAdapter.invokeHandlerMethod(RequestMappingHandlerAdapter.java:879) ~[spring-webmvc-5.2.6.RELEASE.jar:5.2.6.RELEASE]
	at org.springframework.web.servlet.mvc.method.annotation.RequestMappingHandlerAdapter.handleInternal(RequestMappingHandlerAdapter.java:793) ~[spring-webmvc-5.2.6.RELEASE.jar:5.2.6.RELEASE]
	at org.springframework.web.servlet.mvc.method.AbstractHandlerMethodAdapter.handle(AbstractHandlerMethodAdapter.java:87) ~[spring-webmvc-5.2.6.RELEASE.jar:5.2.6.RELEASE]
	at org.springframework.web.servlet.DispatcherServlet.doDispatch(DispatcherServlet.java:1040) [spring-webmvc-5.2.6.RELEASE.jar:5.2.6.RELEASE]
	at org.springframework.web.servlet.DispatcherServlet.doService(DispatcherServlet.java:943) [spring-webmvc-5.2.6.RELEASE.jar:5.2.6.RELEASE]
	at org.springframework.web.servlet.FrameworkServlet.processRequest(FrameworkServlet.java:1006) [spring-webmvc-5.2.6.RELEASE.jar:5.2.6.RELEASE]
	at org.springframework.web.servlet.FrameworkServlet.doPost(FrameworkServlet.java:909) [spring-webmvc-5.2.6.RELEASE.jar:5.2.6.RELEASE]
	at javax.servlet.http.HttpServlet.service(HttpServlet.java:660) [tomcat-embed-core-9.0.35.jar:9.0.35]
	at org.springframework.web.servlet.FrameworkServlet.service(FrameworkServlet.java:883) [spring-webmvc-5.2.6.RELEASE.jar:5.2.6.RELEASE]
	at javax.servlet.http.HttpServlet.service(HttpServlet.java:741) [tomcat-embed-core-9.0.35.jar:9.0.35]
	at org.apache.catalina.core.ApplicationFilterChain.internalDoFilter(ApplicationFilterChain.java:231) [tomcat-embed-core-9.0.35.jar:9.0.35]
	at org.apache.catalina.core.ApplicationFilterChain.doFilter(ApplicationFilterChain.java:166) [tomcat-embed-core-9.0.35.jar:9.0.35]
	at org.apache.tomcat.websocket.server.WsFilter.doFilter(WsFilter.java:53) [tomcat-embed-websocket-9.0.35.jar:9.0.35]
	at org.apache.catalina.core.ApplicationFilterChain.internalDoFilter(ApplicationFilterChain.java:193) [tomcat-embed-core-9.0.35.jar:9.0.35]
	at org.apache.catalina.core.ApplicationFilterChain.doFilter(ApplicationFilterChain.java:166) [tomcat-embed-core-9.0.35.jar:9.0.35]
	at org.springframework.web.filter.OncePerRequestFilter.doFilter(OncePerRequestFilter.java:113) [spring-web-5.2.6.RELEASE.jar:5.2.6.RELEASE]
	at org.apache.catalina.core.ApplicationFilterChain.internalDoFilter(ApplicationFilterChain.java:193) [tomcat-embed-core-9.0.35.jar:9.0.35]
	at org.apache.catalina.core.ApplicationFilterChain.doFilter(ApplicationFilterChain.java:166) [tomcat-embed-core-9.0.35.jar:9.0.35]
	at org.springframework.boot.actuate.web.trace.servlet.HttpTraceFilter.doFilterInternal(HttpTraceFilter.java:88) [spring-boot-actuator-2.3.0.RELEASE.jar:2.3.0.RELEASE]
	at org.springframework.web.filter.OncePerRequestFilter.doFilter(OncePerRequestFilter.java:119) [spring-web-5.2.6.RELEASE.jar:5.2.6.RELEASE]
	at org.apache.catalina.core.ApplicationFilterChain.internalDoFilter(ApplicationFilterChain.java:193) [tomcat-embed-core-9.0.35.jar:9.0.35]
	at org.apache.catalina.core.ApplicationFilterChain.doFilter(ApplicationFilterChain.java:166) [tomcat-embed-core-9.0.35.jar:9.0.35]
	at org.springframework.web.filter.CorsFilter.doFilterInternal(CorsFilter.java:92) [spring-web-5.2.6.RELEASE.jar:5.2.6.RELEASE]
	at org.springframework.web.filter.OncePerRequestFilter.doFilter(OncePerRequestFilter.java:119) [spring-web-5.2.6.RELEASE.jar:5.2.6.RELEASE]
	at org.apache.catalina.core.ApplicationFilterChain.internalDoFilter(ApplicationFilterChain.java:193) [tomcat-embed-core-9.0.35.jar:9.0.35]
	at org.apache.catalina.core.ApplicationFilterChain.doFilter(ApplicationFilterChain.java:166) [tomcat-embed-core-9.0.35.jar:9.0.35]
	at org.springframework.security.web.FilterChainProxy$VirtualFilterChain.doFilter(FilterChainProxy.java:320) [spring-security-web-5.3.2.RELEASE.jar:5.3.2.RELEASE]
	at org.springframework.security.web.access.intercept.FilterSecurityInterceptor.invoke(FilterSecurityInterceptor.java:126) [spring-security-web-5.3.2.RELEASE.jar:5.3.2.RELEASE]
	at org.springframework.security.web.access.intercept.FilterSecurityInterceptor.doFilter(FilterSecurityInterceptor.java:90) [spring-security-web-5.3.2.RELEASE.jar:5.3.2.RELEASE]
	at org.springframework.security.web.FilterChainProxy$VirtualFilterChain.doFilter(FilterChainProxy.java:334) [spring-security-web-5.3.2.RELEASE.jar:5.3.2.RELEASE]
	at org.springframework.security.web.access.ExceptionTranslationFilter.doFilter(ExceptionTranslationFilter.java:118) [spring-security-web-5.3.2.RELEASE.jar:5.3.2.RELEASE]
	at org.springframework.security.web.FilterChainProxy$VirtualFilterChain.doFilter(FilterChainProxy.java:334) [spring-security-web-5.3.2.RELEASE.jar:5.3.2.RELEASE]
	at org.springframework.security.web.session.SessionManagementFilter.doFilter(SessionManagementFilter.java:137) [spring-security-web-5.3.2.RELEASE.jar:5.3.2.RELEASE]
	at org.springframework.security.web.FilterChainProxy$VirtualFilterChain.doFilter(FilterChainProxy.java:334) [spring-security-web-5.3.2.RELEASE.jar:5.3.2.RELEASE]
	at org.springframework.security.web.authentication.AnonymousAuthenticationFilter.doFilter(AnonymousAuthenticationFilter.java:111) [spring-security-web-5.3.2.RELEASE.jar:5.3.2.RELEASE]
	at org.springframework.security.web.FilterChainProxy$VirtualFilterChain.doFilter(FilterChainProxy.java:334) [spring-security-web-5.3.2.RELEASE.jar:5.3.2.RELEASE]
	at org.springframework.security.web.servletapi.SecurityContextHolderAwareRequestFilter.doFilter(SecurityContextHolderAwareRequestFilter.java:158) [spring-security-web-5.3.2.RELEASE.jar:5.3.2.RELEASE]
	at org.springframework.security.web.FilterChainProxy$VirtualFilterChain.doFilter(FilterChainProxy.java:334) [spring-security-web-5.3.2.RELEASE.jar:5.3.2.RELEASE]
	at org.springframework.security.web.savedrequest.RequestCacheAwareFilter.doFilter(RequestCacheAwareFilter.java:63) [spring-security-web-5.3.2.RELEASE.jar:5.3.2.RELEASE]
	at org.springframework.security.web.FilterChainProxy$VirtualFilterChain.doFilter(FilterChainProxy.java:334) [spring-security-web-5.3.2.RELEASE.jar:5.3.2.RELEASE]
	at com.mgr.api.config.JsonToUrlEncodedAuthenticationFilter.doFilterInternal(JsonToUrlEncodedAuthenticationFilter.java:51) [classes/:?]
	at org.springframework.web.filter.OncePerRequestFilter.doFilter(OncePerRequestFilter.java:119) [spring-web-5.2.6.RELEASE.jar:5.2.6.RELEASE]
	at org.springframework.security.web.FilterChainProxy$VirtualFilterChain.doFilter(FilterChainProxy.java:334) [spring-security-web-5.3.2.RELEASE.jar:5.3.2.RELEASE]
	at org.springframework.security.oauth2.provider.authentication.OAuth2AuthenticationProcessingFilter.doFilter(OAuth2AuthenticationProcessingFilter.java:176) [spring-security-oauth2-2.3.3.RELEASE.jar:?]
	at org.springframework.security.web.FilterChainProxy$VirtualFilterChain.doFilter(FilterChainProxy.java:334) [spring-security-web-5.3.2.RELEASE.jar:5.3.2.RELEASE]
	at org.springframework.security.web.authentication.logout.LogoutFilter.doFilter(LogoutFilter.java:116) [spring-security-web-5.3.2.RELEASE.jar:5.3.2.RELEASE]
	at org.springframework.security.web.FilterChainProxy$VirtualFilterChain.doFilter(FilterChainProxy.java:334) [spring-security-web-5.3.2.RELEASE.jar:5.3.2.RELEASE]
	at org.springframework.security.web.header.HeaderWriterFilter.doHeadersAfter(HeaderWriterFilter.java:92) [spring-security-web-5.3.2.RELEASE.jar:5.3.2.RELEASE]
	at org.springframework.security.web.header.HeaderWriterFilter.doFilterInternal(HeaderWriterFilter.java:77) [spring-security-web-5.3.2.RELEASE.jar:5.3.2.RELEASE]
	at org.springframework.web.filter.OncePerRequestFilter.doFilter(OncePerRequestFilter.java:119) [spring-web-5.2.6.RELEASE.jar:5.2.6.RELEASE]
	at org.springframework.security.web.FilterChainProxy$VirtualFilterChain.doFilter(FilterChainProxy.java:334) [spring-security-web-5.3.2.RELEASE.jar:5.3.2.RELEASE]
	at org.springframework.security.web.context.SecurityContextPersistenceFilter.doFilter(SecurityContextPersistenceFilter.java:105) [spring-security-web-5.3.2.RELEASE.jar:5.3.2.RELEASE]
	at org.springframework.security.web.FilterChainProxy$VirtualFilterChain.doFilter(FilterChainProxy.java:334) [spring-security-web-5.3.2.RELEASE.jar:5.3.2.RELEASE]
	at org.springframework.security.web.context.request.async.WebAsyncManagerIntegrationFilter.doFilterInternal(WebAsyncManagerIntegrationFilter.java:56) [spring-security-web-5.3.2.RELEASE.jar:5.3.2.RELEASE]
	at org.springframework.web.filter.OncePerRequestFilter.doFilter(OncePerRequestFilter.java:119) [spring-web-5.2.6.RELEASE.jar:5.2.6.RELEASE]
	at org.springframework.security.web.FilterChainProxy$VirtualFilterChain.doFilter(FilterChainProxy.java:334) [spring-security-web-5.3.2.RELEASE.jar:5.3.2.RELEASE]
	at org.springframework.security.web.FilterChainProxy.doFilterInternal(FilterChainProxy.java:215) [spring-security-web-5.3.2.RELEASE.jar:5.3.2.RELEASE]
	at org.springframework.security.web.FilterChainProxy.doFilter(FilterChainProxy.java:178) [spring-security-web-5.3.2.RELEASE.jar:5.3.2.RELEASE]
	at org.springframework.web.filter.DelegatingFilterProxy.invokeDelegate(DelegatingFilterProxy.java:358) [spring-web-5.2.6.RELEASE.jar:5.2.6.RELEASE]
	at org.springframework.web.filter.DelegatingFilterProxy.doFilter(DelegatingFilterProxy.java:271) [spring-web-5.2.6.RELEASE.jar:5.2.6.RELEASE]
	at org.apache.catalina.core.ApplicationFilterChain.internalDoFilter(ApplicationFilterChain.java:193) [tomcat-embed-core-9.0.35.jar:9.0.35]
	at org.apache.catalina.core.ApplicationFilterChain.doFilter(ApplicationFilterChain.java:166) [tomcat-embed-core-9.0.35.jar:9.0.35]
	at org.springframework.boot.actuate.metrics.web.servlet.WebMvcMetricsFilter.doFilterInternal(WebMvcMetricsFilter.java:93) [spring-boot-actuator-2.3.0.RELEASE.jar:2.3.0.RELEASE]
	at org.springframework.web.filter.OncePerRequestFilter.doFilter(OncePerRequestFilter.java:119) [spring-web-5.2.6.RELEASE.jar:5.2.6.RELEASE]
	at org.apache.catalina.core.ApplicationFilterChain.internalDoFilter(ApplicationFilterChain.java:193) [tomcat-embed-core-9.0.35.jar:9.0.35]
	at org.apache.catalina.core.ApplicationFilterChain.doFilter(ApplicationFilterChain.java:166) [tomcat-embed-core-9.0.35.jar:9.0.35]
	at org.springframework.web.filter.CharacterEncodingFilter.doFilterInternal(CharacterEncodingFilter.java:201) [spring-web-5.2.6.RELEASE.jar:5.2.6.RELEASE]
	at org.springframework.web.filter.OncePerRequestFilter.doFilter(OncePerRequestFilter.java:119) [spring-web-5.2.6.RELEASE.jar:5.2.6.RELEASE]
	at org.apache.catalina.core.ApplicationFilterChain.internalDoFilter(ApplicationFilterChain.java:193) [tomcat-embed-core-9.0.35.jar:9.0.35]
	at org.apache.catalina.core.ApplicationFilterChain.doFilter(ApplicationFilterChain.java:166) [tomcat-embed-core-9.0.35.jar:9.0.35]
	at com.mgr.api.config.SimpleCorsFilter.doFilter(SimpleCorsFilter.java:28) [classes/:?]
	at org.apache.catalina.core.ApplicationFilterChain.internalDoFilter(ApplicationFilterChain.java:193) [tomcat-embed-core-9.0.35.jar:9.0.35]
	at org.apache.catalina.core.ApplicationFilterChain.doFilter(ApplicationFilterChain.java:166) [tomcat-embed-core-9.0.35.jar:9.0.35]
	at org.apache.catalina.core.StandardWrapperValve.invoke(StandardWrapperValve.java:202) [tomcat-embed-core-9.0.35.jar:9.0.35]
	at org.apache.catalina.core.StandardContextValve.invoke(StandardContextValve.java:96) [tomcat-embed-core-9.0.35.jar:9.0.35]
	at org.apache.catalina.authenticator.AuthenticatorBase.invoke(AuthenticatorBase.java:541) [tomcat-embed-core-9.0.35.jar:9.0.35]
	at org.apache.catalina.core.StandardHostValve.invoke(StandardHostValve.java:139) [tomcat-embed-core-9.0.35.jar:9.0.35]
	at org.apache.catalina.valves.ErrorReportValve.invoke(ErrorReportValve.java:92) [tomcat-embed-core-9.0.35.jar:9.0.35]
	at org.apache.catalina.core.StandardEngineValve.invoke(StandardEngineValve.java:74) [tomcat-embed-core-9.0.35.jar:9.0.35]
	at org.apache.catalina.connector.CoyoteAdapter.service(CoyoteAdapter.java:343) [tomcat-embed-core-9.0.35.jar:9.0.35]
	at org.apache.coyote.http11.Http11Processor.service(Http11Processor.java:373) [tomcat-embed-core-9.0.35.jar:9.0.35]
	at org.apache.coyote.AbstractProcessorLight.process(AbstractProcessorLight.java:65) [tomcat-embed-core-9.0.35.jar:9.0.35]
	at org.apache.coyote.AbstractProtocol$ConnectionHandler.process(AbstractProtocol.java:868) [tomcat-embed-core-9.0.35.jar:9.0.35]
	at org.apache.tomcat.util.net.NioEndpoint$SocketProcessor.doRun(NioEndpoint.java:1590) [tomcat-embed-core-9.0.35.jar:9.0.35]
	at org.apache.tomcat.util.net.SocketProcessorBase.run(SocketProcessorBase.java:49) [tomcat-embed-core-9.0.35.jar:9.0.35]
	at java.util.concurrent.ThreadPoolExecutor.runWorker(ThreadPoolExecutor.java:1128) [?:?]
	at java.util.concurrent.ThreadPoolExecutor$Worker.run(ThreadPoolExecutor.java:628) [?:?]
	at org.apache.tomcat.util.threads.TaskThread$WrappingRunnable.run(TaskThread.java:61) [tomcat-embed-core-9.0.35.jar:9.0.35]
	at java.lang.Thread.run(Thread.java:829) [?:?]

2026-03-31 01:32:36.928  WARN 21012 --- [restartedMain] JpaBaseConfiguration$JpaWebConfiguration : spring.jpa.open-in-view is enabled by default. Therefore, database queries may be performed during view rendering. Explicitly configure spring.jpa.open-in-view to disable this warning
2026-03-31 01:32:41.929  WARN 21012 --- [restartedMain] o.s.s.o.p.t.s.JwtAccessTokenConverter    : Unable to create an RSA verifier from verifierKey (ignoreable if using MAC)
2026-03-31 01:32:46.046  WARN 21012 --- [restartedMain] o.s.c.n.a.ArchaiusAutoConfiguration      : No spring.application.name found, defaulting to 'application'
2026-03-31 01:32:46.061  WARN 21012 --- [restartedMain] c.n.c.s.URLConfigurationSource           : No URLs will be polled as dynamic configuration sources.
2026-03-31 01:32:46.086  WARN 21012 --- [restartedMain] c.n.c.s.URLConfigurationSource           : No URLs will be polled as dynamic configuration sources.
